,,Unemployment %,,,,Full Time Work Access,,,,Poverty,,,,Working Poor,,,,Income,,,
Total GEOG-101,Overall,Overall,BABS,HS,HSINC,Overall,BABS,HS,HSINC,Overall,BABS,HS,HSINC,Overall,BABS,HS,HSINC,Overall,BABS,HS,HSINC
"Albany County (East Central)--Albany City PUMA, New York",Capital Region,4.858213597536%,2.49921572728223%,5.11196875505535%,14.5785876993166%,79.1961751083221%,82.7906253240693%,77.5533821961016%,80.055944055944%,15.0786605513636%,9.21304286980454%,14.3053952414641%,43.1593083766997%,5.0761325424113%,1.40915638504415%,6.05377885712614%,14.0860215053763%,62174.5,77000.1,54893.9,66404.9
"Albany County (Outside Albany City) PUMA, New York",Capital Region,5.67441860465116%,2.73432277042385%,8.18624317813068%,0%,86.0602289022971%,87.1840442338073%,86.5847713756459%,63.8467677573823%,24.3276464978277%,7.78493587813836%,27.6180436916143%,84.4371941272431%,6.02383123211872%,2.09135522838807%,6.54205607476635%,59.625%,55970.5,71899.2,45429.5,26286.8
"Broome (Outer West) & Tioga Counties PUMA, New York",Southern Tier,4.94592127465354%,1.07102164830991%,5.37430749562006%,27.4236743438672%,78.4406252513607%,77.2404391188921%,79.8840793044758%,69.4016039481802%,29.1343027896202%,12.9142508391822%,30.7368559497583%,76.6134325092978%,10.949558985667%,3.71214278932878%,12.5590233790165%,53.8666666666667%,50668.3,65635.4,43349.5,20425.6
"Broome County (West Central)--Greater Binghamton City & Greater Johnson City Village PUMA, New York",Southern Tier,3.34871584237358%,1.59140143309448%,3.45587969489932%,13.8631090487239%,80.0936602814515%,84.6459244854967%,77.5372219302855%,90.5413814561294%,20.9418628881017%,10.2597216243363%,21.3645995197062%,59.693287037037%,9.64703111660632%,4.8626399923423%,10.2007522544977%,35.6013745704467%,56678,80956.8,46931.3,30618.6
"Cattaraugus & Allegany Counties PUMA, New York",Western NY,5.52039723493331%,2.25428313796213%,6.10480640854473%,10.6127886323268%,83.9152149496977%,90.2671544174704%,82.0320188963979%,83.9590443686007%,24.2293773777489%,3.80705600956747%,26.4156234862198%,49.9783923941227%,11.5868657399462%,1.14208522657497%,13.7261197624017%,28.2711508145034%,45978.3,63773.2,40295.4,44554.2
"Cayuga & Onondaga (South) Counties PUMA, New York",Central NY,3.31864143116412%,2.13329565923781%,4.07207006191778%,7.9885877318117%,83.4979766722209%,87.1492128678987%,80.0487885100318%,96.1640211640212%,11.0135724856749%,4.69904473366927%,13.2214108601197%,49.9818247909851%,3.72425853884864%,0.883565678382093%,5.49929628231094%,18.0305131761442%,63616.5,83302.3,48253,27435.4
"Chautauqua County PUMA, New York",Western NY,8.49109979544762%,8.07425430296477%,8.20552147239264%,12.2999157540017%,82.0541784778022%,83.9807555238774%,81.4287490673962%,81.6274454210377%,21.4969481762694%,10.4861111111111%,22.3282168985798%,38.5612648221344%,9.08595028442297%,2.86441756842775%,9.61670611590441%,24.6266064605766%,44350.9,62578.7,39156.3,31934.1
"Chemung (South) & Steuben (East) Counties--Greater Elmira & Greater Corning Cities PUMA, New York",Southern Tier,3.84528020248564%,2.41616456697706%,5.2790903721205%,8.66983372921615%,76.3723754110802%,79.2817842986452%,72.5125009058627%,80.8026030368763%,16.3157471233538%,8.98268398268398%,20.2932551319648%,54.9343981745579%,6.01192447830407%,4.26833818371763%,5.38676793923646%,45.7718120805369%,62408.9,79709,41941,26117
"Chenango, Delaware & Broome (East) Counties PUMA; New York",Southern Tier,4.11249486793486%,0.981878564724569%,5.25251065674446%,9.22477262884366%,84.8614655486693%,87.3514674302076%,83.8101100811124%,82.3631624674196%,19.7404198238045%,5.64683053040103%,23.5153189210519%,39.6025550035486%,9.34110192245731%,2.4174383348357%,12.750054007345%,12.289029535865%,59321.5,93147,43464.7,35182.8
"Clinton, Franklin, Essex & Hamilton Counties PUMA; New York",North Country,7.29949956768937%,5.57753909930281%,6.50319406419871%,23.6170212765957%,77.7363702699885%,82.0349761526232%,77.814465408805%,56.3197856185797%,28.0637132901941%,11.3829093281148%,29.9683210137276%,57.4335548172758%,16.7244221646536%,8.61833105335157%,18.9432208526975%,40.2597402597403%,45178.7,62598.3,38581.7,27566.9
"Columbia & Greene Counties PUMA, New York",Capital Region,3.63465837551713%,2.13023695562253%,4.72280224292049%,6.95970695970696%,86.152228008517%,87.0583437709359%,85.5692736243243%,81.1023622047244%,9.53648861598652%,4.09157852456822%,11.4463713772362%,39.9884593190998%,3.27859062406689%,1.80674518201285%,4.59209139814764%,0%,69085.3,95644.7,48107.2,36663.1
"Dutchess County (North & East) PUMA, New York",Mid-Hudson,5.70562032034878%,4.70679411004908%,5.85877989004438%,10.2932002495321%,78.6753814249741%,85.2684395383843%,77.4074553455863%,49.6219281663516%,21.2113759981484%,7.35745760448658%,23.7409010426913%,55.9613139903285%,4.42681979713351%,2.17135459573967%,5.25875762896079%,16.1269841269841%,60662.2,76135.1,50867.7,42475.8
"Dutchess County (Southwest) PUMA, New York",Mid-Hudson,5.2656669844847%,4.53450623101895%,5.72963645633162%,6.64087685364281%,81.7681992739177%,84.3162437069763%,80.438155056945%,73.5494880546075%,8.85176029324013%,3.91946788089817%,9.98468974212723%,33.5711858647639%,3.65942595197166%,1.73642844087004%,4.29300221388007%,18.9526184538653%,68604.4,90721.1,53639.8,33903.1
"Erie County (Central) PUMA, New York",Western NY,3.77546052097703%,1.6839785961599%,4.82058226134056%,16.8115942028986%,83.9578663386959%,86.7580368840069%,82.4723928439566%,69.300518134715%,5.64166797140024%,2.06630336058129%,7.9449337922184%,5.4375531011045%,1.06787803833896%,0.516900917644326%,1.48190836866587%,0%,65227,78467.7,56232.6,52183.5
"Erie County (North Central) PUMA, New York",Western NY,3.23255065937601%,1.43600047275736%,4.31629292770895%,5.74817518248175%,79.6770492867811%,85.0700723327306%,76.4260511614231%,74.2857142857143%,14.0641453532992%,7.28100695865739%,15.8188802234897%,48.1376709099481%,7.13664765009508%,3.22173508702006%,9.04106953929018%,27.2349272349272%,51885.9,67658.2,41393.5,31868.9
"Erie County (Northeast) PUMA, New York",Western NY,3.79134370035145%,3.4765794562172%,4.65521867453716%,0%,80.9514846360171%,85.9680352927518%,73.2235814679854%,72.5444702242846%,8.8339222614841%,4.62546620656001%,13.4817593918152%,24.3717124488603%,0.637443241355222%,0.654184525152267%,0.657602417133209%,0%,80929.5,88476.4,70327.8,29380.2
"Erie County (Northwest) PUMA, New York",Western NY,6.06137458787725%,5.3055250640322%,6.56415913948838%,0%,85.2893683742482%,92.8096545743605%,81.4869993969707%,89.7435897435897%,13.5646338765578%,5.81154543101217%,16.0582349573325%,26.9758637008992%,5.9239950610509%,3.26247761426458%,7.44384468048059%,4.76190476190476%,54920.1,70592.4,46070.8,58105.6
"Erie County (South) PUMA, New York",Western NY,3.54190003733931%,1.0791964137473%,4.81292614450238%,14.8580121703854%,78.4505375790936%,82.2582399651909%,77.5001366941878%,54.5619609623241%,32.1195144724556%,10.0871668262206%,39.448491551928%,78.0044926993635%,12.4638823220383%,1.52519893899204%,19.2041766614929%,70.216306156406%,52937,69128.7,37775.8,27987.8
"Erie County (West Central)--Buffalo City (East) PUMA, New York",Western NY,5.34534440276841%,1.66923912422112%,5.59816292861283%,43.9504373177843%,85.0238268059457%,89.1724060065485%,84.2956329013728%,56.4102564102564%,15.3508771929825%,2.75571664623421%,16.6483862267374%,67.557251908397%,4.64524989328731%,0.563433780703976%,5.54020336436563%,42.8746928746929%,53275.2,68936.6,46984.4,37413.5
"Erie County (West Central)--Buffalo City (West) PUMA, New York",Western NY,6.61982411949269%,4.08851706922143%,7.58390902977319%,4.13013832067017%,76.1072796934866%,88.1328690061613%,75.4525816168193%,63.3283414451516%,36.3840091445073%,10.3978494623656%,37.9974678202152%,53.2455603184323%,14.128086197459%,6.06382978723404%,16.5853461833138%,11.7647058823529%,41025.9,60119.1,37775.9,27713.2
"Fulton & Montgomery Counties PUMA, New York",Mohawk Valley,5.10014227864726%,2.82252605929335%,5.62186472928559%,14.3569292123629%,83.1821593223973%,86.5941545442413%,81.9655009770231%,75.5465175394001%,18.4145877305284%,6.46482635796972%,21.2121212121212%,40.2369460289601%,6.72197239882152%,2.6123140941666%,7.73389459782923%,26.1103633916554%,50178.3,70346.3,40696.6,29291.2
"Genesee & Orleans Counties PUMA, New York",Finger Lakes,2.0848971338409%,0.282066508313539%,4.55159981973862%,29.9559471365639%,85.4353953419374%,87.1279584742131%,83.1489837479535%,47.9674796747968%,8.60894133289015%,3.6761009725713%,11.8088403196868%,79.0723357261182%,3.15758324775018%,2.22452995190206%,4.8236939848536%,0%,84823.7,104278,51018.5,39932.2
"Herkimer (North & Central) & Oneida (Outer) Counties PUMA, New York",Mohawk Valley,6.80136822846233%,3.32231023609936%,7.51712328767123%,15.7965194109772%,77.1971077538064%,82.6383565843937%,75.8213062278879%,67.9308891698272%,18.4528716680407%,6.60338137472284%,18.6707109172626%,45.7563950533627%,8.01757415684681%,4.62851312494203%,9.13167549938851%,12.0347394540943%,54407.7,89347.1,41887.5,30463.6
"Jefferson & Lewis Counties PUMA, New York",North Country,5.35523374477597%,5.19409083765519%,4.92846977754475%,13.1365740740741%,81.0294329476161%,82.0163909076851%,81.0915453631659%,73.2651963421194%,22.1735104593813%,9.86968596453749%,24.3047878220937%,49.2914698527369%,9.55740669374203%,4.74170437405732%,10.407572485411%,33.4801762114537%,52059.5,77416.9,41445.2,24312.3
"Livingston & Wyoming Counties PUMA, New York",Finger Lakes,4.57578376234257%,1.88119503001536%,6.44573118147099%,5.54733727810651%,82.5308565701498%,82.7629954738719%,83.2623539768266%,59.6833130328867%,10.7061846125359%,3.81737235957185%,12.9017951832784%,46.9749652294854%,3.95228561895229%,1.73178108298463%,4.84449932515866%,26.9387755102041%,65200.7,86990.5,50972.6,36613.7
"Madison & Cortland Counties PUMA, New York",Central NY,5.69439623587489%,2.9614630133519%,6.29193052855978%,11.4986769304787%,82.7097326362402%,83.111660995979%,81.4259197273529%,90.2733630006357%,18.327462092204%,6.01397843636561%,19.7225271983232%,43.6880272310197%,11.6794889098844%,3.0591737997767%,11.738106805187%,38.4976525821596%,55548.3,87096.2,43405.6,32327.2
"Monroe County (Central)--Greece & Gates Towns PUMA, New York",Finger Lakes,11.4455793817222%,7.75563258232236%,10.6328606503984%,27.0018621973929%,78.3896231032795%,81.1547947192804%,79.1012838801712%,62.5180201826045%,42.5646551724138%,15.3177343050761%,42.8837081166707%,72.7353463587922%,14.5750090810025%,2.52055774043618%,18.4744530372133%,21.0607225211376%,38591,63152.4,30814.5,25786.8
"Monroe County (Central)--Rochester City (East) PUMA, New York",Finger Lakes,3.72843529703496%,1.53595768487438%,6.29117635858182%,0%,83.8734554377355%,86.2043600374482%,81.3559965094662%,79.620253164557%,5.75373993095512%,2.71560543121086%,8.03984236820058%,21.3598460551636%,1.77623605132277%,0.7330695834303%,2.55094902765471%,18.1240063593005%,64734.8,77051.3,50866.7,32664.2
"Monroe County (Central)--Rochester City (West) PUMA, New York",Finger Lakes,9.66933743457446%,1.02423628892991%,12.9542188462328%,29.7819623389495%,81.721395267659%,88.6794601674164%,78.5515173828433%,64.1947353523917%,35.1454726728904%,13.1239759694156%,39.6151669496322%,67.4006757543982%,16.5812122321919%,8.68811404353689%,21.5611390284757%,38.0070546737213%,41234,52681.9,31903.9,24067.1
"Monroe County (East) PUMA, New York",Finger Lakes,5.64399112325026%,3.36245261249382%,4.94461290921468%,26.4925373134328%,82.4535161524878%,86.313272220008%,83.9567018413812%,43.4644417957886%,20.8549534932288%,9.46504894526403%,20.546281523111%,51.8434782608696%,9.83899821109124%,4.38677502770595%,11.6037022364678%,19.0127970749543%,48097.7,65697.2,41851.3,32443.2
"Monroe County (North & West) PUMA, New York",Finger Lakes,3.05140038192234%,0%,2.96124031007752%,29.037111334002%,81.0051636448344%,83.1736206178204%,79.6425417897269%,85.4545454545455%,11.5047855081443%,5.71475178076233%,12.1329325975562%,45.9965928449745%,5.39912291212346%,2.37584084728782%,4.44240547463394%,47.4968710888611%,50432.8,61241.7,45636.5,34422.5
"Monroe County (South) PUMA, New York",Finger Lakes,2.97868484834757%,2.64115972727874%,3.32281350890558%,0%,81.3420586583733%,86.4446263300384%,78.39425136461%,84.2498302783435%,11.0122648005807%,3.44097995545657%,14.5316276602016%,20%,6.52191266863575%,2.31609613983977%,9.06236178681999%,6.76873489121676%,50712.1,70217.9,39481,40270.6
"Nassau County (Central)--Hempstead Town (East Central) PUMA, New York",Long Island,3.12513526381855%,1.28635590633585%,5.02976711609175%,0%,82.786020370809%,83.9074953181482%,82.0167994081038%,66.6666666666667%,5.68609799562749%,3.61624503868821%,7.12316176470588%,14.8333333333333%,1.78176615944856%,1.23014637184678%,2.37728840541258%,0%,81268.3,94726.9,66159.9,157392.8
"Nassau County (Central)--Hempstead Town (North Central)--Meadowbrook Corridor PUMA, New York",Long Island,5.76520869327999%,3.03196681307955%,8.20199218257471%,14.1112618724559%,82.0394816519317%,84.0152009975655%,80.3042071197411%,73.270013568521%,5.70957735556417%,1.22879458733396%,9.4838355069205%,18.3478260869565%,0.549896663714201%,0.53714043395293%,0%,13.5185185185185%,85999.3,104139.3,67069.9,45618.4
"Nassau County (Central)--Hempstead Town (Northeast) PUMA, New York",Long Island,8.11832897434085%,4.21032394501586%,8.94440489288719%,19.5491803278689%,82.3556565584831%,88.2703586193635%,80.5945180800412%,66.9671022983326%,19.3881769326168%,9.52105697770438%,20.0512151519544%,49.7987349051179%,7.57124994610443%,3.9647097266093%,7.72792591409868%,28.5329744279946%,59854.9,74242.4,51924.7,37810
"Nassau County (East Central)--Oyster Bay Town (Central) PUMA, New York",Long Island,4.04507184908527%,3.73605046094129%,4.38799076212471%,20.7547169811321%,79.8490145725689%,83.2085971982345%,74.0991983085191%,42.0634920634921%,5.46509034128932%,3.58135347763122%,8.57625686523025%,12.0805369127517%,1.52278363298202%,0.663053505535055%,3.30519557722031%,0%,159994.3,197645.3,83203.4,25471.7
"Nassau County (Northeast)--Oyster Bay Town (North) & Glen Cove City PUMA, New York",Long Island,4.31916267373501%,3.97993981945838%,6.26966292134832%,0%,76.1071369156546%,75.2681388012618%,81.1399647887324%,65.5629139072848%,5.11801443750507%,3.89076444830698%,7.91460935230903%,100%,2.87662848649121%,1.802179379715%,5.83129915920803%,100%,158196.3,172238.5,89262.7,18000
"Nassau County (Northwest)--North Hempstead Town (North) PUMA, New York",Long Island,7.4493268234946%,6.34014628477681%,8.2075430180874%,14.7297943567671%,85.5837697321328%,87.2639360919379%,83.4513274336283%,85.706940874036%,12.8633986133074%,4.76660599142319%,19.4262878043824%,30.7993730407524%,5.11742565976273%,3.09563960491448%,7.03605514316013%,13.6172765446911%,102347.8,146257.9,51455.9,22081.5
"Nassau County (South Central)--Hempstead Town (Southeast) PUMA, New York",Long Island,7.27211147667892%,4.02296292999867%,11.8649808083089%,0%,80.4556442751447%,78.2294133122862%,82.6151034604728%,92.3986486486487%,6.40940742078542%,2.89826653070829%,9.96171993234221%,11.6104868913858%,2.3369449755683%,0%,5.24475524475525%,3.19926873857404%,96139.9,110091.2,74312.7,148225.8
"Nassau County (Southeast)--Oyster Bay Town (South) PUMA, New York",Long Island,2.79209621993127%,2.30346092138437%,1.99307668100283%,35.3424657534247%,87.9517752343522%,91.3598797896319%,85.3721781574131%,75.9475218658892%,9.48930597992143%,6.98273250530142%,10.7119529719138%,22.463768115942%,2.51578052925467%,1.03744939271255%,3.98227438768789%,0%,75557.9,85841,65983.6,72115.4
"Nassau County (Southwest)--Hempstead Town (Southwest) & Long Beach City PUMA, New York",Long Island,5.97240817276908%,6.00753982731363%,6.17312601531678%,0%,84.1842397336293%,86.2773546125015%,81.5217391304348%,100%,6.415%,3.57950471568033%,7.36023659606945%,41.3259668508287%,1.84227873573188%,1.44338565022422%,1.2972972972973%,21.4497041420118%,87075.6,116335.1,59458.5,36184.3
"Nassau County (West Central)--Hempstead Town (Northwest) PUMA, New York",Long Island,5.8313551450098%,5.06578947368421%,6.73333842278036%,5.59895833333333%,80.1779270427668%,85.3922696811751%,74.6857737571051%,68.551724137931%,10.814313891237%,3.000394788788%,16.4007853724383%,43.3264887063655%,0.409963905351811%,0%,0.986172151355987%,0%,83354.6,100611,61859.7,48821.5
"Nassau County (West Central)--Hempstead Town (West Central) PUMA, New York",Long Island,4.96921723834653%,0.831713112983366%,9.63195900302819%,0%,83.3306006449145%,88.5205713067576%,79.0068124775905%,60.492700729927%,7.08495129095988%,4.23218701880454%,9.1882458374605%,18.8612099644128%,2.30865088214075%,2.64298615291993%,2.00438696013917%,0%,91820.9,108945.3,73071,36700.5
"Nassau County (West Central)--North Hempstead Town (South) PUMA, New York",Long Island,3.94195005313496%,2.59906500445236%,6.24891511890297%,0%,79.7740738329318%,79.7730417935234%,80.24270634195%,70.7395498392283%,6.31262255889543%,3.45740767985876%,7.64679967272956%,45.4065469904963%,1.33034074678637%,0.860453819998612%,0%,45.9090909090909%,98793.5,126740.9,60713.4,18966.5
"Niagara County (North & East) PUMA, New York",Western NY,5.29562355235889%,5.29391834660342%,5.2394611669874%,6.23501199040768%,78.2460861056751%,86.2753523547611%,74.8669490604974%,78.18853974122%,23.9956530259571%,11.9877355668561%,22.7252735880785%,75.0608865075499%,7.89070559914965%,3.93465484610021%,7.98878088882441%,37.5886524822695%,52502.9,73457.2,43867.6,27451.5
"Niagara County (Southwest)--Greater Niagara Falls & North Tonawanda Area PUMA, New York",Western NY,6.04887199961518%,3.22173089071383%,5.02024022828323%,21.1914893617021%,80.3608406921667%,82.2650602409639%,81.2485767266339%,65.8708809683927%,19.4759894563688%,2.90570805099345%,21.72882890078%,33.7234296632434%,8.72578638706238%,1.44991212653779%,10.7987987987988%,7.65696784073507%,47415.9,66394.3,42807,40026.6
"NYC-Bronx Community District 1 & 2--Hunts Point, Longwood & Melrose PUMA; New York",New York,14.0586797066015%,9.04323630136986%,15.513342379014%,15.4741526874358%,84.8486423281798%,87.7114769090078%,87.9406769128796%,67.0418006430868%,35.5020027362487%,7.15383138083349%,33.9617130871147%,63.5583796664019%,15.1773136522325%,1.26417307441679%,15.3900508762012%,42.4193978150813%,46206,71209.7,40029.7,30020.3
"NYC-Bronx Community District 10--Co-op City, Pelham Bay & Schuylerville PUMA; New York",New York,13.0254968881751%,10.3443743427971%,12.1592898224556%,39.3543428132206%,87.0385697732164%,84.575974113523%,89.3037853071159%,71.9576719576719%,27.6770023530813%,6.77344418633085%,29.224868601733%,60.0233918128655%,9.28109547356409%,3.71433126095967%,9.94764397905759%,40.6862745098039%,48322,65980.5,40902.4,39352
"NYC-Bronx Community District 11--Pelham Parkway, Morris Park & Laconia PUMA; New York",New York,7.25078102811701%,3.24583052875626%,8.43301732267831%,24.822695035461%,94.8334204517318%,94.2323682818051%,95.7527704363147%,87.1860914359305%,17.6773269067935%,8.64113397846531%,17.5322038903038%,49.4874184529357%,8.69716573351513%,5.72757901492058%,9.07946346423902%,30.2067946824225%,55369.3,65987.8,50235.6,35905.2
"NYC-Bronx Community District 12--Wakefield, Williamsbridge & Woodlawn PUMA; New York",New York,10.6433116016024%,3.86057492014998%,17.5780074245009%,36.779505946935%,86.8068276436303%,87.2524752475248%,86.5907797381901%,80.1736613603473%,20.1504181750094%,3.93497136523185%,34.2648229928328%,54.4678714859438%,3.49143925950794%,0.788022064617809%,6.63862232154595%,22.2021660649819%,84515,107387,49562,40547.7
"NYC-Bronx Community District 3 & 6--Belmont, Crotona Park East & East Tremont PUMA; New York",New York,8.24551983354588%,1.26567844925884%,12.0879120879121%,7.51633986928105%,84.0532673068558%,77.9546445704318%,86.3859436534384%,88.1947743467934%,23.8193270102689%,7.72872186262197%,25.2665876777251%,43.2258064516129%,10.4966860975805%,2.75618374558304%,15.3177163697573%,6.7330999192028%,50110.7,69940.1,45550.7,29436.6
"NYC-Bronx Community District 4--Concourse, Highbridge & Mount Eden PUMA; New York",New York,10.8490566037736%,1.50486869282974%,11.6052741732943%,23.7467018469657%,78.4313725490196%,89.0952666267226%,78.3606192226306%,58.5559977259807%,56.7521234317775%,16.3886162904809%,57.6829496537526%,83.6540190613199%,27.2282608695652%,2.21923335574983%,33.2717453098351%,58.1553398058253%,34465.7,52736.9,29332.7,16773.8
"NYC-Bronx Community District 5--Morris Heights, Fordham South & Mount Hope PUMA; New York",New York,6.64786083685943%,11.0435497124076%,4.56773618538324%,7.3794305636258%,86.9104861819418%,90.1950891355533%,86.2518200628401%,80.0501882057717%,26.4982861266462%,13.9746178252091%,22.5139500734214%,67.678381256656%,13.132893707388%,8.0551929889987%,13.9848956019547%,26.9592476489028%,41742.9,49664,38188.3,39803.8
"NYC-Bronx Community District 7--Bedford Park, Fordham North & Norwood PUMA; New York",New York,15.0507246376812%,10.1885486939976%,18.1501098049348%,11.9141549629162%,69.6504173218822%,79.6802773497689%,65.8130229174245%,69.7646657571624%,53.0901070624454%,17.0600134861767%,51.4732673267327%,73.7119248217758%,19.1501678823666%,5.55958423978729%,11.5962856511165%,49.5966756294305%,41196.9,56934.1,43757.5,19621
"NYC-Bronx Community District 8--Riverdale, Fieldston & Kingsbridge PUMA; New York",New York,7.90072328511433%,7.52668552139403%,7.9439469166164%,9.68468468468469%,78.5931174089069%,81.5924170616114%,76.0668513215342%,91.3268236645606%,10.1089531027949%,4.2000172131853%,9.50590762620838%,42.1190565331337%,4.68696674377157%,1.56830855018587%,3.5857557242486%,33.3333333333333%,63074.6,85024,55170.2,24794.9
"NYC-Bronx Community District 9--Castle Hill, Clason Point & Parkchester PUMA; New York",New York,12.0311738918656%,1.74376362315331%,10.230941147256%,40.3617115130128%,72.8160025741406%,69.631483166515%,72.5460636515913%,80.2682821289485%,51.4461931093152%,16.5409482758621%,52.4700466269256%,82.4942992457464%,23.4128737663868%,1.86213655668082%,19.5682290464096%,76.9272237196766%,41419.4,51998.7,41066.6,25610
"NYC-Brooklyn Community District 1--Greenpoint & Williamsburg PUMA, New York",New York,8.49922185315091%,2.21557267460368%,11.85444592038%,14.6341463414634%,79.71959569612%,86.3522664877067%,77.2652793708013%,56.8618266978923%,21.658185234479%,7.18578941719438%,22.8423252573729%,56.2248995983936%,4.48144902132632%,2.40921294333757%,4.89873820379599%,22.158154859967%,66402.3,80813.3,57238.2,40767.6
"NYC-Brooklyn Community District 10--Bay Ridge & Dyker Heights PUMA, New York",New York,4.19123758261764%,3.36123463248758%,6.215075835329%,0%,84.90245971162%,87.4124950468895%,82.7522737115635%,73.2692307692308%,15.7887836376151%,5.32303199902665%,23.5752182098237%,49.769392033543%,4.28662246844065%,1.14838319734059%,9.43346853329844%,6.21172353455818%,60621.8,74759.7,41741.2,23154.8
"NYC-Brooklyn Community District 11--Bensonhurst & Bath Beach PUMA, New York",New York,3.48149234756247%,1.13672922252011%,4.42849820604818%,12.691466083151%,79.4466595351551%,82.536860817735%,74.5054048541709%,95.2380952380952%,17.277848446302%,9.49560066207858%,20.3734529926902%,38.2604776926543%,4.6208458289981%,1.01355631572279%,5.7897618395839%,22.1052631578947%,70863.5,85246.5,59398.9,44753.5
"NYC-Brooklyn Community District 12--Borough Park, Kensington & Ocean Parkway PUMA; New York",New York,4.57243816254417%,3.04837237602677%,7.09048640915594%,0%,85.6009869580543%,83.1622911694511%,88.4435904474335%,100%,14.97600714206%,6.81416848447076%,19.6608083156671%,60.0406710726996%,6.94255713403335%,3.87430047352561%,8.05917649493069%,53.8913362701909%,80977.4,94289.1,66249.1,17578.7
"NYC-Brooklyn Community District 13--Brighton Beach & Coney Island PUMA, New York",New York,11.6202054076713%,13.122068413225%,11.8121622650126%,3.69620253164557%,81.9598725566176%,84.603308779133%,80.2327373612824%,82.2244794311834%,20.3204500205417%,16.4253085819808%,15.5667748527467%,45.5894826123834%,7.87455347762135%,10.0057093919498%,1.92104504850639%,36.9363804817789%,55022,61009.6,55630.7,25196.8
"NYC-Brooklyn Community District 14--Flatbush & Midwood PUMA, New York",New York,4.80929253133173%,3.70125578321216%,6.81257936804362%,1.417004048583%,66.6024471033597%,74.729916334985%,64.1559026734755%,49.5579691841374%,33.2847229206477%,11.3311101847992%,41.4358335926963%,59.327868852459%,17.0870337477798%,1.95652173913044%,29.2286082172539%,35.1681957186544%,64545.6,81479.7,52227,38777.9
"NYC-Brooklyn Community District 15--Sheepshead Bay, Gerritsen Beach & Homecrest PUMA; New York",New York,11.8983408571261%,8.56390694675764%,13.6885056586342%,27.3487261146497%,82.2916980110132%,84.9405618636388%,80.1684411250596%,70.1271186440678%,20.1714811572734%,9.76418737789086%,24.5619816554073%,54.5538390592576%,7.15225976305397%,4.2864315300615%,7.90882061446977%,35.8761329305136%,66727.1,82380.2,48162.1,19826.6
"NYC-Brooklyn Community District 16--Brownsville & Ocean Hill PUMA, New York",New York,4.92969724458555%,1.36503742844562%,7.86530662406292%,25.2997601918465%,81.3406631360811%,82.1409330891068%,82.1479374110953%,43.1564245810056%,25.1782862027851%,6.76558738269543%,34.6977005572987%,87.6502732240437%,8.31180779165635%,1.57408014691415%,14.1676505312869%,100%,56230.3,70291.8,40442.8,11520
"NYC-Brooklyn Community District 17--East Flatbush, Farragut & Rugby PUMA; New York",New York,8.84127862545129%,6.74789128397376%,10.4850141757797%,11.7542297417631%,84.1854454405945%,84.2230271361558%,84.2822232621016%,81.8521983161834%,18.5171324018629%,6.42211762159823%,21.3985800442782%,61.8740849194729%,6.27458505228821%,1.76254935138184%,9.33374460209747%,22.7428571428571%,59796.9,73140.6,47348.9,74100.1
"NYC-Brooklyn Community District 18--Canarsie & Flatlands PUMA, New York",New York,10.0336774288015%,10.1268183513614%,8.99849592863441%,17.3084112149533%,85.8091254461031%,91.9591207096028%,84.4538729329852%,83.0052229811169%,39.1817502208731%,10.3291369634461%,39.5846299996724%,64.5165883525559%,16.1844282456062%,5.89222059131894%,16.7525441195414%,35.6727976766699%,42118.7,56326.9,39010,32683.2
"NYC-Brooklyn Community District 2--Brooklyn Heights & Fort Greene PUMA, New York",New York,11.113270337892%,2.11121927476272%,15.6180825421811%,23.9209450249886%,79.8202164740415%,85.6718192627824%,75.8116522125862%,71.9617796357121%,35.9143265111852%,12.0875566098771%,39.5351585582037%,76.6527001862197%,15.2148931280165%,4.50381679389313%,22.0136393634964%,40.7883817427386%,49368.7,61432.7,40429.8,27816.4
"NYC-Brooklyn Community District 3--Bedford-Stuyvesant PUMA, New York",New York,13.9035220784952%,10.1409702819406%,14.3858579701311%,26.4132553606238%,84.0568131380382%,89.871518946064%,79.5919764496474%,77.8469520103761%,25.2765351316463%,12.4603127059246%,25.5493300852619%,52.2883443536886%,9.73703664589714%,5.08708272859216%,11.543093067263%,24.0919693435521%,45970.9,58724.3,34341,32464.6
"NYC-Brooklyn Community District 4--Bushwick PUMA, New York",New York,3.85031513507015%,2.8045375657117%,6.1955930359086%,5.73248407643312%,87.5605788166795%,91.1181582101478%,85.9584520252901%,57.3596358118361%,19.3376475066616%,5.79313654907607%,35.6406406406406%,55.216476247745%,8.96911853865561%,2.5595352278644%,24.3129647591335%,28.3950617283951%,70885.9,79339.3,47774.1,60950.2
"NYC-Brooklyn Community District 5--East New York & Starrett City PUMA, New York",New York,7.74576583210604%,8.20689655172414%,6.32536346723627%,14.2408376963351%,80.9113708418114%,92.4576467857971%,75.9195923780275%,89.6275530636764%,51.1057255377158%,19.9107316126528%,47.0199562480468%,79.9063820070784%,19.83741739283%,11.0190763052209%,15.9694768778156%,54.3342269883825%,36602,44779,35477.2,27512.6
"NYC-Brooklyn Community District 6--Park Slope, Carroll Gardens & Red Hook PUMA; New York",New York,6.28854689031068%,4.67263498864999%,9.07055873925501%,25.5980861244019%,85.2187577854008%,87.7261080244564%,79.9045138888889%,54.983922829582%,16.3885437473459%,6.82237388176704%,34.2335939350865%,50.5563909774436%,2.81775658900783%,2.11110789785708%,4.63878326996198%,14.0350877192982%,104345.4,115048.4,68226.4,49344.4
"NYC-Brooklyn Community District 7--Sunset Park & Windsor Terrace PUMA, New York",New York,6.18926238649036%,1.64179104477612%,12.3099850968703%,24.0924092409241%,85.3526585651419%,88.1995458795245%,81.2545739675902%,70.4347826086957%,20.0835495917463%,9.85348676350374%,30.2649643053267%,32.8305235137533%,8.95416489286221%,6.9205724237147%,12.596500257334%,0%,55068.6,65451,38036.2,25777.8
"NYC-Brooklyn Community District 8--Crown Heights North & Prospect Heights PUMA, New York",New York,6.42903797704582%,3.83756848774548%,13.2115749525617%,78.428927680798%,85.7142857142857%,86.3472868901295%,81.2442817932296%,100%,10.3258856931243%,3.88768020170391%,25.8613984599829%,52.5270758122744%,3.12035336307181%,1.68924099156657%,12.3230373230373%,0%,119853.1,128683.2,69314.2,38575.1
"NYC-Brooklyn Community District 9--Crown Heights South, Prospect Lefferts & Wingate PUMA; New York",New York,12.0353907374481%,6.80266075388027%,15.9445843828715%,40.5034324942792%,90.0127646463313%,90.3147042864894%,90.3883495145631%,67.0694864048338%,23.8675958188153%,13.9739789196311%,29.7850162866449%,48.1757877280265%,10.718826405868%,7.43967157304496%,12.8698369299873%,59.009009009009%,51363.1,63431.7,40560.6,6763.1
"NYC-Manhattan Community District 1 & 2--Battery Park City, Greenwich Village & Soho PUMA; New York",New York,6.29175718326024%,3.63332453593736%,13.7663433150569%,7.01198026779422%,88.7933143090094%,94.4759206798867%,77.7281746031746%,69.7009102730819%,21.5076702602352%,6.79131295245039%,33.2214127336079%,74.1792492034908%,5.31466913465988%,0.962018990504748%,14.263820470717%,33.1561140647656%,79521.8,95180.8,39055.4,23144.5
"NYC-Manhattan Community District 10--Central Harlem PUMA, New York",New York,6.38375165125495%,3.0055487053021%,7.34185512946575%,40.6494287432351%,74.440044147244%,71.7676514772158%,80.7776083641908%,71.5235792019347%,24.639177919496%,17.9326173566603%,27.5563818608035%,60.9853121175031%,8.91330891330891%,6.0703321239185%,7.98166374544964%,49.1969568892646%,89731.4,114412,52847,21979.5
"NYC-Manhattan Community District 11--East Harlem PUMA, New York",New York,12.0285845007517%,4.69899040259255%,16.8601876888818%,40.7544627820815%,88.9103598790552%,94.1526389064675%,83.6162940550233%,76.69265490357%,31.8732448196215%,10.0304742084139%,46.7030837004405%,65.9722222222222%,13.4521465647294%,3.2620871981001%,24.8877571533874%,43.8202247191011%,72623.4,102138.2,34887.5,21500.3
"NYC-Manhattan Community District 12--Washington Heights, Inwood & Marble Hill PUMA; New York",New York,10.1313770617568%,2.62249827467219%,10.4080103535182%,15.5324992371071%,72.0467728570113%,87.1078938297139%,71.4628937533369%,62.9397967161845%,56.6771633707016%,31.7653009610521%,53.542819550327%,74.8080808080808%,16.081735553639%,12.5840918084685%,14.1100758812794%,29.8360655737705%,38656.6,50122.7,37827.7,30334.3
"NYC-Manhattan Community District 3--Chinatown & Lower East Side PUMA, New York",New York,3.5606566998712%,3.43626051821922%,4.54733360892931%,0%,89.1067052795723%,91.0599601119792%,78.772019402604%,17.2701949860724%,8.77812663526949%,7.73763771457853%,12.9104239719477%,35%,0.842857142857143%,0.68318363574256%,2.13903743315508%,0%,148031.3,154769.7,94864.6,31000
"NYC-Manhattan Community District 4 & 5--Chelsea, Clinton & Midtown Business District PUMA; New York",New York,4.87870619946092%,2.65283509707257%,15.4440482255052%,100%,81.8057437368827%,83.6732784431138%,70.6769650159019%,100%,9.28712940113309%,4.46168905786719%,29.5321256353447%,70.9205020920502%,1.04083786636356%,0.342912520034291%,3.95988686037542%,100%,157870.4,167502.4,94293.4,8000
"NYC-Manhattan Community District 6--Murray Hill, Gramercy & Stuyvesant Town PUMA; New York",New York,2.82806804374241%,1.76756517896597%,8.37356108429261%,0%,86.20376030655%,88.5457809694794%,75.2129471890971%,68.3686176836862%,8.80065550093048%,3.91437415226237%,21.1025114515874%,76.9314472252448%,1.71924726719247%,1.15774533657745%,0%,77.0491803278689%,130645.8,140399.5,78375.7,11044.3
"NYC-Manhattan Community District 7--Upper West Side & West Side PUMA, New York",New York,1.89437155352729%,1.85612718734423%,2.4343805249558%,0%,88.6884303628195%,89.7323222503079%,84.5634026765602%,0%,8.13412946013512%,6.83168201286046%,16.7527028343236%,35.4609929078014%,2.51699600560802%,1.90107477175546%,9.19774365402695%,#DIV/0!,158076.3,161709.3,118669.9,NA
"NYC-Manhattan Community District 8--Upper East Side PUMA, New York",New York,12.3273676643081%,7.73056057866185%,11.5741717661954%,30.8507746670291%,76.1685116851168%,83.8982387475538%,66.0263872720217%,78.145243777702%,44.462658502483%,16.3160733549083%,49.4185716716774%,81.0553153752356%,17.9707346814348%,8.77739984882842%,20.2762268586541%,53.5776614310646%,57264.5,76974.6,37689.3,23222.1
"NYC-Manhattan Community District 9--Hamilton Heights, Manhattanville & West Harlem PUMA; New York",New York,9.31663529752425%,6.50310872122332%,14.537680384821%,5.1310861423221%,81.2035288210964%,83.5665878012592%,75.7811395447476%,87.6822157434402%,26.7195311153249%,19.8897096367907%,26.9407391209272%,70.0220264317181%,12.8184713375796%,8.35658616376407%,14.5988805970149%,43.4330839567747%,60187.7,73238,43679.3,20709.4
"NYC-Queens Community District 1--Astoria & Long Island City PUMA, New York",New York,7.30404217926186%,0%,9.89994734070564%,10.4744525547445%,76.9068803912246%,84.916067146283%,68.6427656850192%,88.2610280714546%,42.9952139770457%,22.8668299114711%,43.7413314840499%,64.0076988879384%,24.6489446259825%,3.27591075967241%,26.6554747248648%,51.4663362247005%,40271.6,55922.6,36808.6,25048.7
"NYC-Queens Community District 10--Howard Beach & Ozone Park PUMA, New York",New York,10.5993948108247%,7.89223454833597%,11.9184903682348%,8.832898928468%,84.641487814552%,92.6819330127944%,82.238303601481%,76.6245221993531%,15.8928540083203%,3.51579884290165%,16.0477239748482%,41.575003985334%,5.15724252837655%,1.41563351798118%,7.14198010886915%,2.87797390636992%,47199.1,62195,42271.9,27950
"NYC-Queens Community District 11--Bayside, Douglaston & Little Neck PUMA; New York",New York,4.90241320339857%,4.47742182026623%,5.11661358265694%,6.39952153110048%,84.3231441048035%,87.6662636033857%,83.991045397751%,57.4752763234439%,12.4097030232766%,6.66630797374368%,15.5386081982841%,27.0219728845255%,8.09166235111341%,2.14882032667877%,10.6117894997831%,49.7975708502024%,64844.3,72917.6,60813.2,18108.9
"NYC-Queens Community District 12--Jamaica, Hollis & St. Albans PUMA; New York",New York,3.41707121647735%,0.65402223675605%,4.30350129522854%,9.96884735202492%,83.5946813388354%,86.2937062937063%,81.0142834216017%,90.9642616318274%,15.7009753967099%,4.87027765134274%,16.7268430381409%,38.726483357453%,5.96752961825362%,0%,10.0039619651347%,5.78206078576724%,60118.9,75503.6,52812.2,37400.2
"NYC-Queens Community District 13--Queens Village, Cambria Heights & Rosedale PUMA; New York",New York,6.03573153066152%,4.29227390696746%,7.19774590163934%,74.4565217391304%,82.3864701691229%,85.4268008262811%,78.6912171507607%,51.0869565217391%,11.3427551051555%,4.02569101961234%,19.7501329080276%,15.2727272727273%,4.77924442421484%,2.69110764430577%,7.74469954959903%,0%,74433,88324,55151.9,19800
"NYC-Queens Community District 14--Far Rockaway, Breezy Point & Broad Channel PUMA; New York",New York,8.03369728915663%,4.02940375714675%,11.1463453305851%,0.388198757763975%,81.7185322805388%,90.1516186313345%,78.0906699675074%,70.1480904130943%,11.9361205813745%,4.21487603305785%,11.13213304852%,38.0398671096346%,4.46174832329203%,1.5%,2.39746383990489%,49.3333333333333%,54150,71001.2,44611,37559.1
"NYC-Queens Community District 2--Sunnyside & Woodside PUMA, New York",New York,5.41202569672321%,4.02957736924225%,8.91670530057178%,0%,84.6654577579393%,86.6386326641346%,79.0470179867466%,100%,15.6931054038726%,7.98154268254661%,26.4571718195641%,66.8428005284016%,6.34850897907628%,3.15484578049162%,9.44111776447106%,65.8823529411765%,91544.3,100997.3,73149.8,24258.8
"NYC-Queens Community District 3--Jackson Heights & North Corona PUMA, New York",New York,7.6469895133734%,4.19399069989269%,13.3810999225407%,21.9978746014878%,82.98343605547%,85.0973112509789%,79.2530296006887%,75.9180187873612%,16.0894409937888%,8.39566819247516%,22.5454723254449%,51.1599511599512%,5.38470465359174%,2.81195678107638%,11.0377673796791%,9.78627671541057%,62052.7,70246,47707,23415.5
"NYC-Queens Community District 4--Elmhurst & South Corona PUMA, New York",New York,8.09048700977971%,3.90733590733591%,10.7731682637938%,22.8155339805825%,89.092943654555%,87.0438921205711%,91.377407089415%,77.05112960761%,16.4264046602776%,2.13048383885312%,26.1492014024153%,25.9708737864078%,7.18434390144649%,0.876583926401666%,12.3881300047103%,0%,59284.9,79352.5,45354.2,22784.9
"NYC-Queens Community District 5--Ridgewood, Glendale & Middle Village PUMA; New York",New York,3.14761215629522%,3.46123930515945%,3.06574735286875%,0%,90.1551569156212%,90.9958720330237%,89.2823966558291%,86.4038069340585%,11.7786483194522%,9.91915601169658%,12.0970630372493%,28.1108597285068%,5.86960291312641%,3.01247519138078%,12.0821953439979%,0%,67394.8,82236.8,46001.7,32069.2
"NYC-Queens Community District 6--Forest Hills & Rego Park PUMA, New York",New York,4.87943801025252%,1.63899978987182%,3.83944153577661%,38.5113268608414%,86.6238532110092%,98.0132450331126%,79.4261848556383%,67.4157303370787%,27.4817835416806%,7.10633946830266%,35.9507313317937%,68.7740940632228%,6.28044905740309%,0%,7.49885688157293%,55.2083333333333%,50871.3,64757.9,37593.9,39129.2
"NYC-Queens Community District 7--Flushing, Murray Hill & Whitestone PUMA; New York",New York,5.8019811643%,2.11108602393317%,6.71506352087114%,19.5690157251019%,83.1902020103445%,80.120611673487%,87.9719141141753%,69.8044895003621%,17.6821385378873%,8.93021354858486%,19.8864585072633%,44.4444444444444%,4.91524429585313%,2.1505376344086%,7.84268363215732%,0%,50305,64402.8,39824.7,35485.9
"NYC-Queens Community District 8--Briarwood, Fresh Meadows & Hillcrest PUMA; New York",New York,7.81508892079973%,8.06367626273897%,6.06228886112268%,37.5862068965517%,85.4810756415274%,88.716458986316%,85.8989314544352%,44.8494453248811%,14.7557306435204%,7.37981929788261%,14.8949668687438%,45.703125%,4.85938521909745%,4.31710469625162%,3.84051279265577%,49.1166077738516%,59270.4,70959.6,53089.5,20633.2
"NYC-Queens Community District 9--Richmond Hill & Woodhaven PUMA, New York",New York,4.4212175228218%,2.04081632653061%,6.5122164898277%,0.39647577092511%,89.0069762371921%,92.6343033016229%,87.8294418278385%,77.3955773955774%,12.3546315836738%,9.84472444953545%,10.29052734375%,33.5606773283161%,6.04065886963444%,7.86075662614211%,4.07895487477894%,11.4814814814815%,64965.1,85990.9,52301.6,35089
"NYC-Staten Island Community District 1--Port Richmond, Stapleton & Mariner's Harbor PUMA; New York",New York,4.4854795938167%,3.86889236654495%,5.00420757363254%,3.13479623824451%,79.5854003088143%,85.606128084083%,74.547312255208%,92.8526645768025%,13.8534879264086%,4.93522516964837%,15.7104620039567%,36.4698031364698%,2.92106898694842%,3.4231609613984%,2.49942497891589%,3.37609723160027%,69914.8,82024.4,64740.8,37210.5
"NYC-Staten Island Community District 2--New Springville & South Beach PUMA, New York",New York,4.35871743486974%,1.50364892001763%,6.60140650952398%,0%,85.9984249742544%,90.4154274201286%,82.3833254519661%,92.1585160202361%,10.3882461494783%,3.51118760757315%,11.2895377128954%,55%,2.4536852238841%,0.769312393887946%,2.44171670787708%,31.747483989021%,75552.7,89189,65426.8,50222.5
"NYC-Staten Island Community District 3--Tottenville, Great Kills & Annadale PUMA; New York",New York,3.68123346409999%,2.93302501147705%,9.53972353030533%,18.3783783783784%,89.7345527548517%,91.411768625883%,76.3549645902587%,62.9139072847682%,7.62806681051706%,3.77801461161824%,30.2259578648619%,43.6115843270869%,1.00008320159747%,0.812859287466588%,2.97179632784403%,0%,170015.2,175760.2,113764,75000
"Oneida County (Central)--Greater Utica & Rome Cities PUMA, New York",Mohawk Valley,6.410143717312%,1.06489853325296%,6.50601677403671%,25.3403933434191%,83.2357247437775%,85.8892699657031%,82.7368544669857%,78.6042240587695%,22.7577660277594%,8.0937167199148%,23.7207403375068%,46.5336948102246%,9.152051321848%,3.17170564746149%,10.7270856250665%,13.8434579439252%,48702.5,67221.4,43833.4,34040.4
"Onondaga County (Central)--Syracuse City (Outer) PUMA, New York",Central NY,4.77841181803637%,4.42930824048191%,5.19372632418422%,0%,83.7606535970779%,88.5530091591651%,79.9749851885985%,75.6470588235294%,9.75522654564393%,4.46608818841863%,13.1091893639376%,23.1766612641815%,3.77306817224235%,1.27402672348737%,6.1898098608939%,0%,60560.1,74217.5,48500.5,37801.9
"Onondaga County (Central)--Syracuse City PUMA, New York",Central NY,7.26316016475815%,1.92374350086655%,9.23602111451781%,7.01314965560426%,81.8423587552875%,85.4654554546212%,82.2710895763449%,65.7488058443383%,20.2105604146421%,7.91248206599713%,20.1401555150235%,48.6464448793216%,6.88593565601108%,0.273037542662116%,8.22878368646477%,20.7264957264957%,48622.8,67809.2,41773.5,42071.1
"Onondaga County (North) PUMA, New York",Central NY,7.19739441507822%,3.13034553540883%,7.95104261106074%,15.5423637344846%,70.698608137045%,81.6164817749604%,65.9256906954589%,62.9807692307692%,41.7442656941333%,15.8340902210112%,45.4486143904561%,67.6337472438204%,13.2128590450827%,3.29294812053433%,17.8364987613543%,26.8606870229008%,44691.6,58409.8,37366.3,31436.9
"Ontario & Yates Counties PUMA, New York",Finger Lakes,3.73001776198934%,0.501835985312118%,5.001672178663%,1.2800499531689%,85.232410464821%,86.7720465890183%,86.755497305956%,69.5240825688073%,17.9508546574257%,2.45936698032506%,15.1131039636688%,66.1130881771451%,9.56172913423542%,1.15052732502397%,6.80800743306022%,61.7731958762887%,46512.7,66401,43009.8,21057.3
"Orange County (Northeast)--Greater Newburgh City PUMA, New York",Mid-Hudson,7.80908789154627%,1.40347740580164%,9.65462358745822%,32.5224442513756%,81.9656841179059%,87.7367983549897%,80.1277343126298%,53.9389370523935%,17.4931833674165%,6.3389896625707%,19.6381053751996%,55.3175497933108%,6.59397828018989%,2.5231873940361%,9.12655106907562%,20.7772795216741%,66518.5,87993,50849.1,40333
"Orange County (Northwest) PUMA, New York",Mid-Hudson,3.90126809397958%,1.33268324394604%,3.31011730205279%,32.7097163548582%,82.4576493919193%,83.9107736117703%,82.6369138773427%,69.4117647058824%,14.0635551142006%,3.24398526118055%,15.2569240892505%,49.7886178861789%,7.08608693120615%,1.12702960840497%,8.12720848056537%,38.4180790960452%,64906.4,89155.1,56316.3,14426
"Orange County (Southeast) PUMA, New York",Mid-Hudson,4.49204773666351%,5.25687868167922%,4.35744382022472%,0%,82.0767494356659%,87.6549783220507%,80.0514668039115%,74.9501992031873%,18.2130818209677%,9.3030649879181%,17.0498971193416%,63.0687318489835%,7.6328448683369%,6.10033210977102%,6.39882240886657%,39.9859451862263%,62746.4,85345.1,53700.9,29930.8
"Oswego County PUMA, New York",Central NY,8.66780289551065%,1.36824722811984%,10.2738437558786%,18.2106782106782%,84.178590156566%,87.5066983081987%,83.4477559701693%,79.0595611285266%,22.0624756889381%,6.86835106382979%,24.3639732017837%,44.6757108344174%,10.7362735449614%,1.51967435549525%,12.7374153274007%,27.2402854877082%,50292.6,79800.4,40983.9,30950.1
"Otsego, Schoharie, Oneida (South) & Herkimer (South) Counties PUMA; New York",Mohawk Valley,4.77273180558049%,4.5463003163183%,3.95193260654113%,22.2222222222222%,79.8224326723883%,88.2586570683877%,76.2462808913717%,68.7078995713411%,22.6126617571294%,8.85291446278784%,22.9914348410844%,71.9362745098039%,8.34121335788583%,4.54928983265364%,9.22228484019%,36.8983957219251%,53423.1,75689.3,41487.6,38340.1
"Putnam County PUMA, New York",Mid-Hudson,4.68589564081023%,3.56075994742502%,5.5977144897777%,4.25646551724138%,71.66558831685%,75.9222851856135%,70.7139649753031%,57.5431034482759%,27.3033790222092%,3.86333184457347%,36.7457671438844%,48.8954830201121%,9.45379506029535%,0.517897943640518%,14.0970281940564%,30.1498127340824%,65751.1,88981.4,49342.1,43932.3
"Rensselaer County--Troy City PUMA, New York",Capital Region,5.04691646987524%,1.70247263883259%,5.41923358045317%,30.4700162074554%,83.4620401233929%,87.3566497404005%,81.4217749940103%,77.9062299293513%,13.3609314359638%,4.42110655737705%,15.3755868544601%,42.9179676412149%,4.93571339408314%,2.33165697864281%,6.45106455314266%,8.40890354492993%,60213.8,79652,46037,92887.1
"Rockland County (North)--New City & Congers PUMA, New York",Mid-Hudson,5.1120630487776%,6.48506884425106%,3.20067739204064%,17.0258620689655%,82.0594454608092%,87.3538276069922%,78.3921502568854%,81.6314888762122%,14.2214558812505%,4.91251005631537%,15.7225277505989%,50.9532515016976%,6.31117307077924%,0.945349158156224%,8.13161875945537%,37.1069182389937%,77352.3,99898.2,62318.8,44588.7
"Rockland County (South)--Orangetown, Clarkstown (South) & Ramapo (Southeast) Towns PUMA; New York",Mid-Hudson,4.16314954249249%,2.88741721854305%,5.96512237108001%,0%,79.0743004393934%,82.957213670754%,77.8284537295866%,47.3566641846612%,10.0047628386518%,3.89922702547953%,11.2941607175545%,56.4980967917346%,4.78796741174013%,3.23138611526063%,4.67863894139887%,37.7358490566038%,85545.7,101051.5,70360.9,28056.9
"Rockland County (West)--Spring Valley, Suffern Villages & Monsey PUMA; New York",Mid-Hudson,4.74834078673769%,0.927724888284438%,9.17748252822364%,18.758344459279%,80.489766487326%,82.4987354577643%,81.4953413777303%,33.771569433032%,9.83519893350495%,5.50105399708124%,10.9705438066465%,39.9525584547611%,2.10178134582917%,0%,3.31740230531347%,62.2871046228711%,101706.9,110880,89102.2,28543.8
"Saratoga County (Outer) PUMA, New York",Capital Region,2.77308439638422%,1.48008187686978%,4.41626997219211%,0%,84.5971760797342%,87.4675551078914%,80.6521739130435%,100%,9.1426437374402%,6.15880982254884%,10.3571561580574%,43.2323232323232%,3.02636100338717%,2.53786872176455%,3.78505476859552%,0%,70020.8,79507.3,59408,29951.3
"Saratoga County (South & Central) PUMA, New York",Capital Region,5.82916401346311%,3.72793670115642%,6.33554479708326%,19.5299384443201%,85.5461795912554%,90.6123481781376%,82.8706916493176%,81.4004376367615%,18.6329588014981%,6.27524210709167%,21.972701281933%,45.7242582897033%,6.53455856306391%,2.43507400167551%,7.44807329183859%,38.3064516129032%,54850.8,75037.1,43496.4,30645.4
"Schenectady County--Schenectady City PUMA, New York",Capital Region,8.33160245092948%,3.91228507351109%,7.34190384186669%,25.6991051454139%,81.9436128394033%,87.1542205864894%,80.1147935567488%,83.785594639866%,24.3337437257316%,7.51767400179229%,24.8619085194961%,49.2417930344943%,9.46996241319997%,3.70521727285111%,10.2449888641425%,19.7121151539384%,42415.3,57325,38231.6,34842.7
"St. Lawrence County PUMA, New York",North Country,5.83653701275099%,3.37714602107099%,7.09386078111041%,15.840679097571%,82.8259476762484%,86.1040327382934%,80.7755770870589%,73.0976234855545%,17.4684392772018%,6.48216212993457%,20.8399457415408%,53.5117419721725%,6.15618307448332%,2.25391964874852%,8.20310253159175%,27.0911026811272%,73103.3,100195.3,50655.5,34461.9
"Steuben (North & West), Schuyler & Chemung (North) Counties PUMA; New York",Southern Tier,1.95111257261866%,1.13047173820654%,2.34151673112494%,2.34291799787007%,84.8159225048302%,92.6632669847014%,81.3064345562515%,76.0346487006737%,18.1962124210921%,7.14444197914356%,21.2114732565599%,47.3291211947157%,6.93849473124668%,5.89383987218179%,6.85570890840652%,23.9240506329114%,56942.9,78615.9,45243,43919.7
"Suffolk County (Central)--Brookhaven Town (Central) PUMA, New York",Long Island,4.95944031932701%,5.61078931442898%,4.54207442220173%,9.56090651558074%,84.7131475782996%,85.7250439293783%,84.6945127916284%,78.2065834279228%,14.9195661494974%,8.79527503024265%,12.802362541987%,54.3978942750603%,6.68300122509188%,3.86530014641288%,5.61781913018961%,49.5645863570392%,64672.1,94626.5,55592.6,30217
"Suffolk County (Central)--Brookhaven Town (West Central) PUMA, New York",Long Island,6.69886735145852%,4.61088070261039%,7.34449595239743%,14.0825035561878%,82.7268285429015%,87.8026299619024%,79.7514493005173%,84.2871485943775%,6.9170579029734%,4.60390538180664%,7.93655241991985%,9.419795221843%,2.13651070823276%,0%,3.62148515713415%,0%,67556.3,83475,58643.3,54040.3
"Suffolk County (Central)--Islip Town (East) PUMA, New York",Long Island,5.4638486063972%,7.77799619946268%,3.76141151685393%,9.56316410861865%,82.987466080889%,83.3189340067788%,83.0521807534307%,74.5430809399478%,7.90598745081357%,4.74534307946239%,8.00593031875463%,37.3983739837398%,1.93385650224215%,0%,2.87307935171543%,13.1348511383538%,72450.3,81925.6,66801.7,52406.3
"Suffolk County (Central)--Islip Town (Northwest) PUMA, New York",Long Island,5.61018502464518%,4.32228039557883%,6.51500439265733%,7.26221079691517%,84.8312611012434%,89.7361226673006%,80.9476427386875%,84.4489519945909%,5.18744637976098%,3.03665967435821%,6.07218077321244%,13.9501438159156%,0.921273031825796%,1.56964037353467%,0.415593537813159%,0%,77640.7,92129.6,67136,46172.1
"Suffolk County (East) PUMA, New York",Long Island,2.88103319811243%,1.89444474091467%,4.03159742539497%,0%,80.3530210454854%,77.7027734170592%,82.8162015369504%,100%,10.2366266199575%,7.10198733347893%,12.6092384519351%,25.6218905472637%,2.32848935451166%,0%,4.80708853694272%,0%,94954.9,123219.3,67598.9,27299
"Suffolk County (North Central)--Brookhaven Town (North) PUMA, New York",Long Island,4.75116971501489%,5.45002261420172%,3.9475002504759%,0%,81.7195890237199%,84.9092356084435%,78.6159203492079%,42.0152091254753%,5.07100495130312%,5.56754988550867%,3.56929127126614%,22.080136402387%,1.5728883714914%,2.23164472216023%,0.673778775968557%,0%,101507.8,116341,80631.5,111859.7
"Suffolk County (Northwest)--Huntington Town (North) PUMA, New York",Long Island,3.49229225107445%,0.425821836143757%,7.10782667114545%,40.7786885245902%,86.7952985229873%,88.9932603201348%,82.9555694184515%,97.923875432526%,6.33175136011112%,3.05799648506151%,10.5734661401544%,25.3611556982343%,1.869494876865%,0.525394045534151%,3.37566844919786%,38.5159010600707%,100118.1,124719,54149.3,207577.7
"Suffolk County (Northwest)--Huntington Town (South) PUMA, New York",Long Island,5.33766270756786%,4.19523269012486%,5.99856034551708%,34.4234079173838%,84.5796655556505%,88.5305473540768%,78.0121193043205%,75.3280839895013%,6.81281857655277%,1.695247812267%,13.187020500566%,36.125126135217%,2.15560794880431%,0.179579271421242%,6.10309694340765%,0%,110988.6,135706.6,63646.1,67616.7
"Suffolk County (Northwest)--Smithtown Town PUMA, New York",Long Island,3.89144218189138%,1.13871057772816%,7.67506500493141%,13.4952766531714%,80.9610004936646%,82.4022346368715%,78.657440690151%,79.0951638065523%,6.42734136971784%,3.3741753063148%,9.00534215212414%,36.7041198501873%,2.5650406504065%,0.541069100391134%,3.50736890209071%,47.534516765286%,111844.5,136239.8,74024.2,26672.6
"Suffolk County (South Central)--Brookhaven Town (South) PUMA, New York",Long Island,4.29031339655286%,3.21616278509089%,4.72750882603579%,45.5197132616487%,82.1062906274013%,83.5405481774513%,80.7683641279856%,100%,8.94091415830546%,2.54530969926309%,12.7933068342095%,29.0918163672655%,1.15169204070364%,0%,1.95952615992103%,26.9736842105263%,81840.3,112046.6,57801.8,16673.1
"Suffolk County (Southwest)--Babylon Town (Southeast) PUMA, New York",Long Island,2.7668574272207%,2.63445498993385%,3.07172044525856%,0%,83.1107678509143%,82.6836109680005%,83.4205269666128%,83.6883749239197%,5.4493167362875%,4.30273156705689%,5.75996328310258%,12.4938026772434%,1.43289666956444%,1.02464691221268%,1.15165336374002%,9.30909090909091%,77287.9,93733.1,67748.4,26225.1
"Suffolk County (Southwest)--Islip Town (South) PUMA, New York",Long Island,10.0997053243451%,4.64301357862462%,12.2956467272158%,11.2812659520163%,85.1161282477403%,85.9243397573162%,86.044438785255%,74.7830525778458%,16.3725318888695%,3.38941422080314%,17.1698364144168%,40.4892798240792%,3.04776417924663%,1.7943179930221%,2.70070292267851%,11.3993174061433%,49416.5,65590.3,43827.7,34523.8
"Suffolk County (West Central)--Babylon Town (Northwest) PUMA, New York",Long Island,5.93470095348165%,4.82513703389176%,6.67507519161735%,5.08149568552253%,86.738879260543%,88.760585065435%,86.6760577063195%,62.7996164908917%,3.75307724464676%,1.42827714069903%,5.1868544600939%,1.44385026737968%,0%,0%,0%,0%,72471.5,83786,66537.3,34964.7
"Sullivan & Ulster (West) Counties PUMA, New York",Mid-Hudson,9.71836734693878%,2.25503355704698%,9.8524378611906%,45.8008260670032%,81.0685390311321%,87.2580228856578%,80.5547004002127%,56.8130375735627%,31.3180785810299%,10.1530725430748%,32.1292446292446%,80.8320063694267%,13.5619076199765%,4.19049497140603%,15.2081147254285%,51.792828685259%,43998.7,62025.7,38491.1,24632.4
"Tompkins County PUMA, New York",Southern Tier,4.89621336017109%,2.88955223880597%,3.88434375218516%,21.4234104046243%,84.5670273772104%,85.3889078692632%,84.1517932170347%,86.2003179650239%,19.9044236121283%,10.9646146388754%,18.4411153169483%,41.5794902018565%,5.84487613413351%,4.32115230728194%,5.32264529058116%,14.8653633345629%,45209.6,59037.6,42209.3,34672.1
"Ulster County (East) PUMA, New York",Mid-Hudson,6.07030430220357%,2.96098343132015%,6.98455846264205%,8.2089552238806%,80.1539012168934%,85.9043395628762%,77.8135048231511%,84.3653930610452%,19.1909404711439%,11.7294148334927%,21.7570998405857%,18.924111431316%,6.20246692656739%,5.11307767944936%,7.18086358713566%,0%,52810.5,82481,42722.6,38980
"Warren & Washington Counties PUMA, New York",Capital Region,6.42478016319417%,3.09670032268138%,6.80668140506018%,21.5919774365403%,84.8874648084491%,82.6776842745615%,86.3353587962963%,79.5667636598772%,17.7078750549934%,8.60418923799205%,18.1898764565751%,49.4841628959276%,5.84939736832406%,1.72297504445398%,6.66065846171178%,21.5862632869992%,48089,61357.7,43350.1,29103.6
"Wayne & Seneca Counties PUMA, New York",Finger Lakes,4.44342264766125%,2.06574080535976%,4.54882491376253%,16.773418734988%,81.9997513777815%,85.3256783541795%,82.2335352493878%,60.4848018468642%,17.8889872039205%,8.09871810231221%,20.0630749014455%,37.9473161033797%,8.12067310121785%,4.70201858378725%,9.3762244338218%,14.8854961832061%,54395.5,72567.2,45794,49733.4
"Westchester County (Central)--White Plains City PUMA, New York",Mid-Hudson,4.78149633522334%,5.07172131147541%,2.95381902347625%,37.7643504531722%,81.9730612789225%,82.9848096271454%,80.4836475977416%,62.2356495468278%,7.95094276656099%,3.71565064717651%,15.8427474017171%,48.7562189054726%,0.870661947190691%,0.576488767383811%,1.55028488140983%,0%,137465.8,174168.7,58255.5,44603.9
"Westchester County (Northeast) PUMA, New York",Mid-Hudson,3.58162208582759%,2.19123505976096%,5.74800637958533%,0%,83.7116871083368%,87.8362620129479%,77.1744627054362%,86.3354037267081%,7.03836424957841%,0.939155856020464%,15.254593175853%,17.1707317073171%,2.86737299327914%,0.723310748947079%,6.85298301397373%,0%,108811.2,132314.3,68548.7,30264.3
"Westchester County (Northwest) PUMA, New York",Mid-Hudson,3.64878200799875%,1.24809397413452%,5.86516074701541%,0%,80.9413657849744%,86.7023554603854%,75.0232808900652%,100%,4.15003990422985%,0.558940530741729%,6.84377707190297%,10.1190476190476%,1.22609428134652%,0.253148925660657%,2.30895375532962%,0%,92378.7,117576.9,68206.2,37082.3
"Westchester County (South Central)--New Rochelle & Mount Vernon Cities PUMA, New York",Mid-Hudson,9.2815840570124%,7.57343794852167%,10.5088354268682%,12.0564516129032%,86.9522114323052%,92.3019543487991%,81.7847961806831%,88.9558232931727%,17.2007493591008%,7.33534186961252%,20.9562850079795%,40.3642185311187%,4.12261608623549%,1.35768546953289%,6.15738661876965%,10.9255079006772%,63619,79644.7,50683.5,33373.5
"Westchester County (Southeast) PUMA, New York",Mid-Hudson,2.52368064952639%,2.09103199639477%,3.49794238683128%,7.77385159010601%,82.6784246651414%,82.4566567568363%,84.07872941635%,73.9463601532567%,3.01786308665261%,1.97953622294205%,4.87339086150799%,16.6026871401152%,0.445984793530534%,0.164209474172706%,1.39065940433422%,0%,154805.2,170572.7,110413.5,53529
"Westchester County (Southwest)--Yonkers City PUMA, New York",Mid-Hudson,2.96576689145734%,2.34456269504681%,3.74704344578613%,15.3935185185185%,80.1689213629458%,80.5009271592363%,78.3195984881344%,100%,7.67421300243125%,4.78910163381864%,11.1644594523294%,41.9316136772646%,1.65813161278679%,1.58323329980858%,1.95411392405063%,0%,125731.1,149304.1,75192.8,24123.8
,,7.52588847294472%,4.55086966881106%,5.92146928435719%,22.3991114402073%,80.0602239578432%,80.241935483871%,83.9751426242869%,65.5547498187092%,26.6719193192562%,23.0867130493806%,20.9223332680123%,54.7788565264293%,7.64747439067467%,3.70423546302943%,8.40713332524566%,19.5725534308211%,79722.9,101386.5,72120.7,30927.1
