,Total RECODE2,,,,,,,,,BABS,,,,,,,,,HS,,,,,,,,,HSINC,,,,,,,,
,Total,,,Unemployed,,,Employed,,,Total,,,Unemployed,,,Employed,,,Total,,,Unemployed,,,Employed,,,Total,,,Unemployed,,,Employed,,
null,Total,Male,Female,Total,Male,Female,Total,Male,Female,Total,Male,Female,Total,Male,Female,Total,Male,Female,Total,Male,Female,Total,Male,Female,Total,Male,Female,Total,Male,Female,Total,Male,Female,Total,Male,Female
Total GEOG-101,1295784,702678,593106,70935,35377,35558,1224849,667301,557548,549091,277612,271479,25530,12146,13384,523561,265466,258095,588641,322531,266110,36497,19010,17487,552144,303521,248623,158052,102535,55517,8908,4221,4687,149144,98314,50830
"St. Lawrence County PUMA, New York",1472,365,1107,0,0,0,1472,365,1107,934,160,774,0,0,0,934,160,774,490,157,333,0,0,0,490,157,333,48,48,0,0,0,0,48,48,0
"Clinton, Franklin, Essex & Hamilton Counties PUMA; New York",1114,424,690,0,0,0,1114,424,690,755,252,503,0,0,0,755,252,503,220,127,93,0,0,0,220,127,93,139,45,94,0,0,0,139,45,94
"Warren & Washington Counties PUMA, New York",573,310,263,0,0,0,573,310,263,208,208,0,0,0,0,208,208,0,365,102,263,0,0,0,365,102,263,0,0,0,0,0,0,0,0,0
"Herkimer (North & Central) & Oneida (Outer) Counties PUMA, New York",403,280,123,0,0,0,403,280,123,170,170,0,0,0,0,170,170,0,177,54,123,0,0,0,177,54,123,56,56,0,0,0,0,56,56,0
"Oneida County (Central)--Greater Utica & Rome Cities PUMA, New York",4985,2629,2356,428,253,175,4557,2376,2181,1580,792,788,0,0,0,1580,792,788,2584,1313,1271,428,253,175,2156,1060,1096,821,524,297,0,0,0,821,524,297
"Otsego, Schoharie, Oneida (South) & Herkimer (South) Counties PUMA; New York",609,277,332,90,47,43,519,230,289,303,133,170,47,47,0,256,86,170,90,36,54,43,0,43,47,36,11,216,108,108,0,0,0,216,108,108
"Jefferson & Lewis Counties PUMA, New York",875,260,615,336,0,336,539,260,279,368,260,108,0,0,0,368,260,108,481,0,481,336,0,336,145,0,145,26,0,26,0,0,0,26,0,26
"Oswego County PUMA, New York",832,486,346,99,99,0,733,387,346,379,33,346,0,0,0,379,33,346,453,453,0,99,99,0,354,354,0,0,0,0,0,0,0,0,0,0
"Onondaga County (Central)--Syracuse City PUMA, New York",4588,2816,1772,583,332,251,4005,2484,1521,2103,1357,746,232,232,0,1871,1125,746,1668,996,672,229,100,129,1439,896,543,817,463,354,122,0,122,695,463,232
"Onondaga County (North) PUMA, New York",2687,1094,1593,0,0,0,2687,1094,1593,1468,575,893,0,0,0,1468,575,893,1155,455,700,0,0,0,1155,455,700,64,64,0,0,0,0,64,64,0
"Onondaga County (Central)--Syracuse City (Outer) PUMA, New York",2367,1482,885,184,73,111,2183,1409,774,1633,929,704,184,73,111,1449,856,593,591,482,109,0,0,0,591,482,109,143,71,72,0,0,0,143,71,72
"Cayuga & Onondaga (South) Counties PUMA, New York",210,182,28,0,0,0,210,182,28,32,32,0,0,0,0,32,32,0,178,150,28,0,0,0,178,150,28,0,0,0,0,0,0,0,0,0
"Wayne & Seneca Counties PUMA, New York",1237,708,529,0,0,0,1237,708,529,788,708,80,0,0,0,788,708,80,376,0,376,0,0,0,376,0,376,73,0,73,0,0,0,73,0,73
"Monroe County (East) PUMA, New York",3222,1439,1783,329,0,329,2893,1439,1454,1158,487,671,243,0,243,915,487,428,1617,737,880,86,0,86,1531,737,794,447,215,232,0,0,0,447,215,232
"Monroe County (Central)--Rochester City (East) PUMA, New York",2121,746,1375,100,0,100,2021,746,1275,401,51,350,100,0,100,301,51,250,1210,405,805,0,0,0,1210,405,805,510,290,220,0,0,0,510,290,220
"Monroe County (Central)--Rochester City (West) PUMA, New York",2274,1467,807,63,63,0,2211,1404,807,345,226,119,0,0,0,345,226,119,1805,1117,688,0,0,0,1805,1117,688,124,124,0,63,63,0,61,61,0
"Monroe County (Central)--Greece & Gates Towns PUMA, New York",3278,1771,1507,399,399,0,2879,1372,1507,881,706,175,0,0,0,881,706,175,2025,822,1203,399,399,0,1626,423,1203,372,243,129,0,0,0,372,243,129
"Monroe County (North & West) PUMA, New York",682,231,451,0,0,0,682,231,451,324,0,324,0,0,0,324,0,324,358,231,127,0,0,0,358,231,127,0,0,0,0,0,0,0,0,0
"Monroe County (South) PUMA, New York",5694,3269,2425,155,155,0,5539,3114,2425,4047,2222,1825,71,71,0,3976,2151,1825,1371,1047,324,84,84,0,1287,963,324,276,0,276,0,0,0,276,0,276
"Genesee & Orleans Counties PUMA, New York",386,129,257,0,0,0,386,129,257,41,14,27,0,0,0,41,14,27,252,54,198,0,0,0,252,54,198,93,61,32,0,0,0,93,61,32
"Niagara County (Southwest)--Greater Niagara Falls & North Tonawanda Area PUMA, New York",548,203,345,97,54,43,451,149,302,18,0,18,0,0,0,18,0,18,291,159,132,54,54,0,237,105,132,239,44,195,43,0,43,196,44,152
"Niagara County (North & East) PUMA, New York",269,125,144,56,0,56,213,125,88,0,0,0,0,0,0,0,0,0,144,0,144,56,0,56,88,0,88,125,125,0,0,0,0,125,125,0
"Erie County (Northwest) PUMA, New York",1976,1224,752,171,171,0,1805,1053,752,541,313,228,171,171,0,370,142,228,1298,911,387,0,0,0,1298,911,387,137,0,137,0,0,0,137,0,137
"Erie County (North Central) PUMA, New York",3702,1728,1974,118,118,0,3584,1610,1974,2855,1590,1265,118,118,0,2737,1472,1265,346,138,208,0,0,0,346,138,208,501,0,501,0,0,0,501,0,501
"Erie County (Northeast) PUMA, New York",744,423,321,0,0,0,744,423,321,361,272,89,0,0,0,361,272,89,383,151,232,0,0,0,383,151,232,0,0,0,0,0,0,0,0,0
"Erie County (Central) PUMA, New York",2806,1534,1272,309,244,65,2497,1290,1207,989,425,564,182,182,0,807,243,564,1513,935,578,0,0,0,1513,935,578,304,174,130,127,62,65,177,112,65
"Erie County (West Central)--Buffalo City (East) PUMA, New York",1165,802,363,282,282,0,883,520,363,286,53,233,0,0,0,286,53,233,751,703,48,282,282,0,469,421,48,128,46,82,0,0,0,128,46,82
"Erie County (West Central)--Buffalo City (West) PUMA, New York",3671,2109,1562,115,75,40,3556,2034,1522,1604,994,610,75,75,0,1529,919,610,1507,928,579,40,0,40,1467,928,539,560,187,373,0,0,0,560,187,373
"Erie County (South) PUMA, New York",1055,816,239,0,0,0,1055,816,239,606,367,239,0,0,0,606,367,239,449,449,0,0,0,0,449,449,0,0,0,0,0,0,0,0,0,0
"Livingston & Wyoming Counties PUMA, New York",616,316,300,0,0,0,616,316,300,20,20,0,0,0,0,20,20,0,596,296,300,0,0,0,596,296,300,0,0,0,0,0,0,0,0,0
"Ontario & Yates Counties PUMA, New York",1163,427,736,0,0,0,1163,427,736,298,177,121,0,0,0,298,177,121,777,250,527,0,0,0,777,250,527,88,0,88,0,0,0,88,0,88
"Madison & Cortland Counties PUMA, New York",397,230,167,0,0,0,397,230,167,315,191,124,0,0,0,315,191,124,82,39,43,0,0,0,82,39,43,0,0,0,0,0,0,0,0,0
"Fulton & Montgomery Counties PUMA, New York",523,183,340,0,0,0,523,183,340,302,136,166,0,0,0,302,136,166,221,47,174,0,0,0,221,47,174,0,0,0,0,0,0,0,0,0
"Schenectady County--Schenectady City PUMA, New York",3149,2184,965,110,0,110,3039,2184,855,1515,988,527,0,0,0,1515,988,527,960,608,352,110,0,110,850,608,242,674,588,86,0,0,0,674,588,86
"Saratoga County (South & Central) PUMA, New York",2947,931,2016,131,0,131,2816,931,1885,1920,638,1282,131,0,131,1789,638,1151,1027,293,734,0,0,0,1027,293,734,0,0,0,0,0,0,0,0,0
"Saratoga County (Outer) PUMA, New York",867,485,382,279,132,147,588,353,235,382,105,277,130,0,130,252,105,147,485,380,105,149,132,17,336,248,88,0,0,0,0,0,0,0,0,0
"Rensselaer County--Troy City PUMA, New York",2208,1474,734,141,0,141,2067,1474,593,1148,501,647,141,0,141,1007,501,506,697,610,87,0,0,0,697,610,87,363,363,0,0,0,0,363,363,0
"Albany County (East Central)--Albany City PUMA, New York",1288,531,757,0,0,0,1288,531,757,733,412,321,0,0,0,733,412,321,365,50,315,0,0,0,365,50,315,190,69,121,0,0,0,190,69,121
"Albany County (Outside Albany City) PUMA, New York",6224,4082,2142,1068,411,657,5156,3671,1485,4659,3419,1240,655,411,244,4004,3008,996,1439,537,902,413,0,413,1026,537,489,126,126,0,0,0,0,126,126,0
"Columbia & Greene Counties PUMA, New York",750,663,87,0,0,0,750,663,87,386,386,0,0,0,0,386,386,0,364,277,87,0,0,0,364,277,87,0,0,0,0,0,0,0,0,0
"Broome County (West Central)--Greater Binghamton City & Greater Johnson City Village PUMA, New York",2805,1770,1035,283,160,123,2522,1610,912,1819,923,896,123,0,123,1696,923,773,885,746,139,160,160,0,725,586,139,101,101,0,0,0,0,101,101,0
"Broome (Outer West) & Tioga Counties PUMA, New York",462,359,103,0,0,0,462,359,103,167,167,0,0,0,0,167,167,0,295,192,103,0,0,0,295,192,103,0,0,0,0,0,0,0,0,0
"Chenango, Delaware & Broome (East) Counties PUMA; New York",805,438,367,0,0,0,805,438,367,631,409,222,0,0,0,631,409,222,174,29,145,0,0,0,174,29,145,0,0,0,0,0,0,0,0,0
"Tompkins County PUMA, New York",2576,1486,1090,0,0,0,2576,1486,1090,2192,1135,1057,0,0,0,2192,1135,1057,384,351,33,0,0,0,384,351,33,0,0,0,0,0,0,0,0,0
"Chemung (South) & Steuben (East) Counties--Greater Elmira & Greater Corning Cities PUMA, New York",1331,755,576,0,0,0,1331,755,576,1114,690,424,0,0,0,1114,690,424,217,65,152,0,0,0,217,65,152,0,0,0,0,0,0,0,0,0
"Steuben (North & West), Schuyler & Chemung (North) Counties PUMA; New York",68,37,31,0,0,0,68,37,31,0,0,0,0,0,0,0,0,0,68,37,31,0,0,0,68,37,31,0,0,0,0,0,0,0,0,0
"Cattaraugus & Allegany Counties PUMA, New York",427,206,221,25,0,25,402,206,196,350,162,188,0,0,0,350,162,188,77,44,33,25,0,25,52,44,8,0,0,0,0,0,0,0,0,0
"Chautauqua County PUMA, New York",364,296,68,0,0,0,364,296,68,100,32,68,0,0,0,100,32,68,203,203,0,0,0,0,203,203,0,61,61,0,0,0,0,61,61,0
"Sullivan & Ulster (West) Counties PUMA, New York",3256,1331,1925,0,0,0,3256,1331,1925,1186,480,706,0,0,0,1186,480,706,1969,820,1149,0,0,0,1969,820,1149,101,31,70,0,0,0,101,31,70
"Ulster County (East) PUMA, New York",3625,2020,1605,64,0,64,3561,2020,1541,1261,491,770,64,0,64,1197,491,706,1454,1056,398,0,0,0,1454,1056,398,910,473,437,0,0,0,910,473,437
"Dutchess County (North & East) PUMA, New York",4416,2150,2266,304,258,46,4112,1892,2220,1008,297,711,0,0,0,1008,297,711,2624,1297,1327,304,258,46,2320,1039,1281,784,556,228,0,0,0,784,556,228
"Dutchess County (Southwest) PUMA, New York",6980,4278,2702,111,35,76,6869,4243,2626,3736,1923,1813,76,0,76,3660,1923,1737,2485,1683,802,35,35,0,2450,1648,802,759,672,87,0,0,0,759,672,87
"Orange County (Northeast)--Greater Newburgh City PUMA, New York",3452,1645,1807,215,215,0,3237,1430,1807,1228,568,660,0,0,0,1228,568,660,1340,408,932,0,0,0,1340,408,932,884,669,215,215,215,0,669,454,215
"Orange County (Northwest) PUMA, New York",3807,1646,2161,0,0,0,3807,1646,2161,1595,519,1076,0,0,0,1595,519,1076,1991,906,1085,0,0,0,1991,906,1085,221,221,0,0,0,0,221,221,0
"Orange County (Southeast) PUMA, New York",4440,2446,1994,372,287,85,4068,2159,1909,1948,1185,763,85,0,85,1863,1185,678,1881,714,1167,0,0,0,1881,714,1167,611,547,64,287,287,0,324,260,64
"Rockland County (North)--New City & Congers PUMA, New York",8755,4152,4603,277,277,0,8478,3875,4603,3159,1355,1804,0,0,0,3159,1355,1804,4217,2017,2200,0,0,0,4217,2017,2200,1379,780,599,277,277,0,1102,503,599
"Rockland County (South)--Orangetown, Clarkstown (South) & Ramapo (Southeast) Towns PUMA; New York",5465,2631,2834,0,0,0,5465,2631,2834,2761,1476,1285,0,0,0,2761,1476,1285,2029,793,1236,0,0,0,2029,793,1236,675,362,313,0,0,0,675,362,313
"Rockland County (West)--Spring Valley, Suffern Villages & Monsey PUMA; New York",9108,5143,3965,296,296,0,8812,4847,3965,2517,1651,866,0,0,0,2517,1651,866,5306,2729,2577,296,296,0,5010,2433,2577,1285,763,522,0,0,0,1285,763,522
"Putnam County PUMA, New York",6578,3265,3313,390,74,316,6188,3191,2997,2621,913,1708,64,0,64,2557,913,1644,2868,1651,1217,326,74,252,2542,1577,965,1089,701,388,0,0,0,1089,701,388
"Westchester County (Northwest) PUMA, New York",11719,5395,6324,1128,284,844,10591,5111,5480,5338,2449,2889,357,216,141,4981,2233,2748,5416,2405,3011,537,68,469,4879,2337,2542,965,541,424,234,0,234,731,541,190
"Westchester County (Northeast) PUMA, New York",8314,4131,4183,289,220,69,8025,3911,4114,4306,1759,2547,154,85,69,4152,1674,2478,2743,1107,1636,135,135,0,2608,972,1636,1265,1265,0,0,0,0,1265,1265,0
"Westchester County (Southeast) PUMA, New York",15878,9828,6050,825,0,825,15053,9828,5225,7086,4408,2678,287,0,287,6799,4408,2391,6426,3586,2840,538,0,538,5888,3586,2302,2366,1834,532,0,0,0,2366,1834,532
"Westchester County (Central)--White Plains City PUMA, New York",13575,7692,5883,440,228,212,13135,7464,5671,7729,3686,4043,212,0,212,7517,3686,3831,4358,2832,1526,228,228,0,4130,2604,1526,1488,1174,314,0,0,0,1488,1174,314
"Westchester County (Southwest)--Yonkers City PUMA, New York",20182,10761,9421,1988,753,1235,18194,10008,8186,8337,3479,4858,272,0,272,8065,3479,4586,8793,5232,3561,1159,603,556,7634,4629,3005,3052,2050,1002,557,150,407,2495,1900,595
"Westchester County (South Central)--New Rochelle & Mount Vernon Cities PUMA, New York",15923,8065,7858,1526,206,1320,14397,7859,6538,4597,2091,2506,561,113,448,4036,1978,2058,9305,4921,4384,965,93,872,8340,4828,3512,2021,1053,968,0,0,0,2021,1053,968
"Nassau County (Northwest)--North Hempstead Town (North) PUMA, New York",10238,5781,4457,542,181,361,9696,5600,4096,5685,2669,3016,117,117,0,5568,2552,3016,4427,3074,1353,405,64,341,4022,3010,1012,126,38,88,20,0,20,106,38,68
"Nassau County (Northeast)--Oyster Bay Town (North) & Glen Cove City PUMA, New York",8781,4849,3932,434,290,144,8347,4559,3788,4579,2240,2339,144,0,144,4435,2240,2195,1830,936,894,0,0,0,1830,936,894,2372,1673,699,290,290,0,2082,1383,699
"Nassau County (East Central)--Oyster Bay Town (Central) PUMA, New York",9371,5712,3659,509,397,112,8862,5315,3547,5665,3412,2253,66,0,66,5599,3412,2187,2277,1202,1075,0,0,0,2277,1202,1075,1429,1098,331,443,397,46,986,701,285
"Nassau County (West Central)--North Hempstead Town (South) PUMA, New York",14660,7282,7378,274,0,274,14386,7282,7104,9124,4622,4502,175,0,175,8949,4622,4327,4140,1650,2490,0,0,0,4140,1650,2490,1396,1010,386,99,0,99,1297,1010,287
"Nassau County (West Central)--Hempstead Town (Northwest) PUMA, New York",11578,6562,5016,294,149,145,11284,6413,4871,5123,2903,2220,145,0,145,4978,2903,2075,5338,2892,2446,149,149,0,5189,2743,2446,1117,767,350,0,0,0,1117,767,350
"Nassau County (Central)--Hempstead Town (North Central)--Meadowbrook Corridor PUMA, New York",8418,5181,3237,391,324,67,8027,4857,3170,1582,705,877,0,0,0,1582,705,877,4286,2285,2001,391,324,67,3895,1961,1934,2550,2191,359,0,0,0,2550,2191,359
"Nassau County (Central)--Hempstead Town (Northeast) PUMA, New York",8201,4399,3802,258,58,200,7943,4341,3602,2653,1348,1305,73,0,73,2580,1348,1232,4578,2651,1927,127,0,127,4451,2651,1800,970,400,570,58,58,0,912,342,570
"Nassau County (Southeast)--Oyster Bay Town (South) PUMA, New York",3656,1702,1954,75,0,75,3581,1702,1879,767,315,452,75,0,75,692,315,377,2788,1387,1401,0,0,0,2788,1387,1401,101,0,101,0,0,0,101,0,101
"Nassau County (Central)--Hempstead Town (East Central) PUMA, New York",3062,1487,1575,211,135,76,2851,1352,1499,1068,613,455,0,0,0,1068,613,455,1412,812,600,211,135,76,1201,677,524,582,62,520,0,0,0,582,62,520
"Nassau County (South Central)--Hempstead Town (Southeast) PUMA, New York",6405,2939,3466,305,129,176,6100,2810,3290,2739,1071,1668,211,129,82,2528,942,1586,3469,1671,1798,94,0,94,3375,1671,1704,197,197,0,0,0,0,197,197,0
"Nassau County (West Central)--Hempstead Town (West Central) PUMA, New York",9351,4193,5158,536,0,536,8815,4193,4622,4023,1733,2290,0,0,0,4023,1733,2290,5214,2409,2805,536,0,536,4678,2409,2269,114,51,63,0,0,0,114,51,63
"Nassau County (Southwest)--Hempstead Town (Southwest) & Long Beach City PUMA, New York",6657,3206,3451,130,0,130,6527,3206,3321,2939,951,1988,0,0,0,2939,951,1988,2735,1546,1189,130,0,130,2605,1546,1059,983,709,274,0,0,0,983,709,274
"Suffolk County (Northwest)--Huntington Town (North) PUMA, New York",5570,3639,1931,211,211,0,5359,3428,1931,1852,1348,504,103,103,0,1749,1245,504,2050,715,1335,0,0,0,2050,715,1335,1668,1576,92,108,108,0,1560,1468,92
"Suffolk County (Northwest)--Huntington Town (South) PUMA, New York",4748,2497,2251,454,289,165,4294,2208,2086,1956,1189,767,0,0,0,1956,1189,767,2220,975,1245,352,289,63,1868,686,1182,572,333,239,102,0,102,470,333,137
"Suffolk County (Northwest)--Smithtown Town PUMA, New York",2314,843,1471,33,33,0,2281,810,1471,887,597,290,33,33,0,854,564,290,1181,246,935,0,0,0,1181,246,935,246,0,246,0,0,0,246,0,246
"Suffolk County (North Central)--Brookhaven Town (North) PUMA, New York",3619,1961,1658,169,0,169,3450,1961,1489,2943,1686,1257,169,0,169,2774,1686,1088,676,275,401,0,0,0,676,275,401,0,0,0,0,0,0,0,0,0
"Suffolk County (East) PUMA, New York",6717,3689,3028,146,0,146,6571,3689,2882,1483,794,689,0,0,0,1483,794,689,3981,1981,2000,146,0,146,3835,1981,1854,1253,914,339,0,0,0,1253,914,339
"Suffolk County (South Central)--Brookhaven Town (South) PUMA, New York",3991,3147,844,278,169,109,3713,2978,735,975,535,440,109,0,109,866,535,331,2558,2154,404,105,105,0,2453,2049,404,458,458,0,64,64,0,394,394,0
"Suffolk County (Central)--Brookhaven Town (Central) PUMA, New York",7949,4265,3684,84,0,84,7865,4265,3600,2943,1115,1828,84,0,84,2859,1115,1744,4444,2588,1856,0,0,0,4444,2588,1856,562,562,0,0,0,0,562,562,0
"Suffolk County (Central)--Brookhaven Town (West Central) PUMA, New York",4734,2700,2034,228,84,144,4506,2616,1890,1764,889,875,0,0,0,1764,889,875,2132,1585,547,228,84,144,1904,1501,403,838,226,612,0,0,0,838,226,612
"Suffolk County (Central)--Islip Town (East) PUMA, New York",1211,718,493,0,0,0,1211,718,493,540,318,222,0,0,0,540,318,222,592,321,271,0,0,0,592,321,271,79,79,0,0,0,0,79,79,0
"Suffolk County (Central)--Islip Town (Northwest) PUMA, New York",18877,10615,8262,144,15,129,18733,10600,8133,2869,874,1995,73,0,73,2796,874,1922,13406,7701,5705,71,15,56,13335,7686,5649,2602,2040,562,0,0,0,2602,2040,562
"Suffolk County (Southwest)--Islip Town (South) PUMA, New York",3916,2375,1541,43,43,0,3873,2332,1541,1281,890,391,0,0,0,1281,890,391,1590,840,750,43,43,0,1547,797,750,1045,645,400,0,0,0,1045,645,400
"Suffolk County (Southwest)--Babylon Town (Southeast) PUMA, New York",4774,2473,2301,209,76,133,4565,2397,2168,1531,867,664,74,0,74,1457,867,590,2221,894,1327,135,76,59,2086,818,1268,1022,712,310,0,0,0,1022,712,310
"Suffolk County (West Central)--Babylon Town (Northwest) PUMA, New York",9512,4850,4662,571,419,152,8941,4431,4510,2309,774,1535,176,176,0,2133,598,1535,4977,2576,2401,0,0,0,4977,2576,2401,2226,1500,726,395,243,152,1831,1257,574
"NYC-Bronx Community District 8--Riverdale, Fieldston & Kingsbridge PUMA; New York",11160,5129,6031,74,0,74,11086,5129,5957,5298,2291,3007,0,0,0,5298,2291,3007,4593,2390,2203,74,0,74,4519,2390,2129,1269,448,821,0,0,0,1269,448,821
"NYC-Bronx Community District 12--Wakefield, Williamsbridge & Woodlawn PUMA; New York",6183,3518,2665,351,80,271,5832,3438,2394,2193,1136,1057,268,80,188,1925,1056,869,3530,1973,1557,83,0,83,3447,1973,1474,460,409,51,0,0,0,460,409,51
"NYC-Bronx Community District 10--Co-op City, Pelham Bay & Schuylerville PUMA; New York",8841,3826,5015,78,40,38,8763,3786,4977,3430,1382,2048,38,0,38,3392,1382,2010,4502,1874,2628,40,40,0,4462,1834,2628,909,570,339,0,0,0,909,570,339
"NYC-Bronx Community District 11--Pelham Parkway, Morris Park & Laconia PUMA; New York",14707,7830,6877,1086,119,967,13621,7711,5910,4974,2468,2506,665,56,609,4309,2412,1897,8767,4494,4273,421,63,358,8346,4431,3915,966,868,98,0,0,0,966,868,98
"NYC-Bronx Community District 3 & 6--Belmont, Crotona Park East & East Tremont PUMA; New York",14277,7247,7030,1326,479,847,12951,6768,6183,2205,817,1388,52,52,0,2153,765,1388,9567,5202,4365,787,167,620,8780,5035,3745,2505,1228,1277,487,260,227,2018,968,1050
"NYC-Bronx Community District 7--Bedford Park, Fordham North & Norwood PUMA; New York",16580,9287,7293,2335,831,1504,14245,8456,5789,4988,3342,1646,1393,831,562,3595,2511,1084,8920,4393,4527,602,0,602,8318,4393,3925,2672,1552,1120,340,0,340,2332,1552,780
"NYC-Bronx Community District 5--Morris Heights, Fordham South & Mount Hope PUMA; New York",11875,6514,5361,927,546,381,10948,5968,4980,2635,1857,778,0,0,0,2635,1857,778,6722,3588,3134,564,452,112,6158,3136,3022,2518,1069,1449,363,94,269,2155,975,1180
"NYC-Bronx Community District 4--Concourse, Highbridge & Mount Eden PUMA; New York",15831,7864,7967,1273,466,807,14558,7398,7160,4588,2357,2231,69,69,0,4519,2288,2231,8565,4635,3930,967,329,638,7598,4306,3292,2678,872,1806,237,68,169,2441,804,1637
"NYC-Bronx Community District 9--Castle Hill, Clason Point & Parkchester PUMA; New York",13663,8202,5461,988,687,301,12675,7515,5160,4050,2005,2045,0,0,0,4050,2005,2045,8254,5586,2668,737,649,88,7517,4937,2580,1359,611,748,251,38,213,1108,573,535
"NYC-Bronx Community District 1 & 2--Hunts Point, Longwood & Melrose PUMA; New York",12416,6584,5832,454,96,358,11962,6488,5474,2679,1082,1597,96,96,0,2583,986,1597,7070,4129,2941,206,0,206,6864,4129,2735,2667,1373,1294,152,0,152,2515,1373,1142
"NYC-Manhattan Community District 12--Washington Heights, Inwood & Marble Hill PUMA; New York",25519,11785,13734,2633,1161,1472,22886,10624,12262,6780,2351,4429,1020,592,428,5760,1759,4001,14610,7048,7562,1357,569,788,13253,6479,6774,4129,2386,1743,256,0,256,3873,2386,1487
"NYC-Manhattan Community District 9--Hamilton Heights, Manhattanville & West Harlem PUMA; New York",13279,6161,7118,443,345,98,12836,5816,7020,5400,2738,2662,443,345,98,4957,2393,2564,5169,2364,2805,0,0,0,5169,2364,2805,2710,1059,1651,0,0,0,2710,1059,1651
"NYC-Manhattan Community District 10--Central Harlem PUMA, New York",8350,4608,3742,439,276,163,7911,4332,3579,4989,2675,2314,162,96,66,4827,2579,2248,2037,706,1331,0,0,0,2037,706,1331,1324,1227,97,277,180,97,1047,1047,0
"NYC-Manhattan Community District 11--East Harlem PUMA, New York",12452,6067,6385,485,200,285,11967,5867,6100,3952,1855,2097,61,61,0,3891,1794,2097,6120,3046,3074,296,139,157,5824,2907,2917,2380,1166,1214,128,0,128,2252,1166,1086
"NYC-Manhattan Community District 8--Upper East Side PUMA, New York",19043,8675,10368,0,0,0,19043,8675,10368,17890,8238,9652,0,0,0,17890,8238,9652,1153,437,716,0,0,0,1153,437,716,0,0,0,0,0,0,0,0,0
"NYC-Manhattan Community District 7--Upper West Side & West Side PUMA, New York",14370,6595,7775,87,0,87,14283,6595,7688,10550,4844,5706,87,0,87,10463,4844,5619,3705,1636,2069,0,0,0,3705,1636,2069,115,115,0,0,0,0,115,115,0
"NYC-Manhattan Community District 4 & 5--Chelsea, Clinton & Midtown Business District PUMA; New York",15378,7766,7612,977,503,474,14401,7263,7138,10747,5920,4827,625,322,303,10122,5598,4524,3214,1556,1658,181,181,0,3033,1375,1658,1417,290,1127,171,0,171,1246,290,956
"NYC-Manhattan Community District 6--Murray Hill, Gramercy & Stuyvesant Town PUMA; New York",7566,2164,5402,669,461,208,6897,1703,5194,6299,2089,4210,386,386,0,5913,1703,4210,999,75,924,283,75,208,716,0,716,268,0,268,0,0,0,268,0,268
"NYC-Manhattan Community District 3--Chinatown & Lower East Side PUMA, New York",8762,4561,4201,298,90,208,8464,4471,3993,5586,2632,2954,0,0,0,5586,2632,2954,2482,1505,977,168,90,78,2314,1415,899,694,424,270,130,0,130,564,424,140
"NYC-Manhattan Community District 1 & 2--Battery Park City, Greenwich Village & Soho PUMA; New York",14846,8212,6634,649,649,0,14197,7563,6634,12896,7122,5774,649,649,0,12247,6473,5774,918,181,737,0,0,0,918,181,737,1032,909,123,0,0,0,1032,909,123
"NYC-Staten Island Community District 3--Tottenville, Great Kills & Annadale PUMA; New York",13326,7942,5384,939,652,287,12387,7290,5097,6400,3537,2863,82,82,0,6318,3455,2863,6524,4070,2454,790,570,220,5734,3500,2234,402,335,67,67,0,67,335,335,0
"NYC-Staten Island Community District 2--New Springville & South Beach PUMA, New York",15251,8901,6350,692,692,0,14559,8209,6350,6277,3251,3026,174,174,0,6103,3077,3026,7235,4598,2637,518,518,0,6717,4080,2637,1739,1052,687,0,0,0,1739,1052,687
"NYC-Staten Island Community District 1--Port Richmond, Stapleton & Mariner's Harbor PUMA; New York",15008,8976,6032,504,277,227,14504,8699,5805,5270,2968,2302,39,39,0,5231,2929,2302,7163,4153,3010,465,238,227,6698,3915,2783,2575,1855,720,0,0,0,2575,1855,720
"NYC-Brooklyn Community District 1--Greenpoint & Williamsburg PUMA, New York",11011,5926,5085,1000,265,735,10011,5661,4350,5532,2368,3164,776,186,590,4756,2182,2574,4278,2651,1627,183,79,104,4095,2572,1523,1201,907,294,41,0,41,1160,907,253
"NYC-Brooklyn Community District 4--Bushwick PUMA, New York",8612,5762,2850,371,371,0,8241,5391,2850,1554,1019,535,61,61,0,1493,958,535,5321,3400,1921,310,310,0,5011,3090,1921,1737,1343,394,0,0,0,1737,1343,394
"NYC-Brooklyn Community District 3--Bedford-Stuyvesant PUMA, New York",5373,3647,1726,658,540,118,4715,3107,1608,1709,1069,640,19,19,0,1690,1050,640,3195,2173,1022,568,450,118,2627,1723,904,469,405,64,71,71,0,398,334,64
"NYC-Brooklyn Community District 2--Brooklyn Heights & Fort Greene PUMA, New York",7016,3810,3206,342,133,209,6674,3677,2997,4504,2080,2424,192,55,137,4312,2025,2287,2207,1730,477,150,78,72,2057,1652,405,305,0,305,0,0,0,305,0,305
"NYC-Brooklyn Community District 6--Park Slope, Carroll Gardens & Red Hook PUMA; New York",6594,3432,3162,314,0,314,6280,3432,2848,5379,2605,2774,314,0,314,5065,2605,2460,1058,670,388,0,0,0,1058,670,388,157,157,0,0,0,0,157,157,0
"NYC-Brooklyn Community District 8--Crown Heights North & Prospect Heights PUMA, New York",5727,2357,3370,281,156,125,5446,2201,3245,1940,682,1258,56,0,56,1884,682,1202,2957,1380,1577,225,156,69,2732,1224,1508,830,295,535,0,0,0,830,295,535
"NYC-Brooklyn Community District 16--Brownsville & Ocean Hill PUMA, New York",4108,2181,1927,117,117,0,3991,2064,1927,824,452,372,0,0,0,824,452,372,1608,730,878,29,29,0,1579,701,878,1676,999,677,88,88,0,1588,911,677
"NYC-Brooklyn Community District 5--East New York & Starrett City PUMA, New York",11746,6129,5617,52,0,52,11694,6129,5565,2086,646,1440,52,0,52,2034,646,1388,7129,3417,3712,0,0,0,7129,3417,3712,2531,2066,465,0,0,0,2531,2066,465
"NYC-Brooklyn Community District 18--Canarsie & Flatlands PUMA, New York",19637,9433,10204,1351,947,404,18286,8486,9800,7277,2732,4545,224,53,171,7053,2679,4374,10160,5449,4711,922,689,233,9238,4760,4478,2200,1252,948,205,205,0,1995,1047,948
"NYC-Brooklyn Community District 17--East Flatbush, Farragut & Rugby PUMA; New York",9148,3921,5227,513,163,350,8635,3758,4877,1958,385,1573,69,0,69,1889,385,1504,5792,2904,2888,444,163,281,5348,2741,2607,1398,632,766,0,0,0,1398,632,766
"NYC-Brooklyn Community District 9--Crown Heights South, Prospect Lefferts & Wingate PUMA; New York",6854,3198,3656,881,618,263,5973,2580,3393,2136,602,1534,117,117,0,2019,485,1534,3573,1628,1945,764,501,263,2809,1127,1682,1145,968,177,0,0,0,1145,968,177
"NYC-Brooklyn Community District 7--Sunset Park & Windsor Terrace PUMA, New York",18828,11451,7377,1188,388,800,17640,11063,6577,6981,4231,2750,548,216,332,6433,4015,2418,8078,4862,3216,488,172,316,7590,4690,2900,3769,2358,1411,152,0,152,3617,2358,1259
"NYC-Brooklyn Community District 10--Bay Ridge & Dyker Heights PUMA, New York",17405,10102,7303,731,497,234,16674,9605,7069,9210,4917,4293,396,275,121,8814,4642,4172,6584,3762,2822,335,222,113,6249,3540,2709,1611,1423,188,0,0,0,1611,1423,188
"NYC-Brooklyn Community District 12--Borough Park, Kensington & Ocean Parkway PUMA; New York",11400,7323,4077,284,220,64,11116,7103,4013,4022,2943,1079,43,43,0,3979,2900,1079,5570,2963,2607,241,177,64,5329,2786,2543,1808,1417,391,0,0,0,1808,1417,391
"NYC-Brooklyn Community District 14--Flatbush & Midwood PUMA, New York",21063,11655,9408,1565,1095,470,19498,10560,8938,8025,3290,4735,863,393,470,7162,2897,4265,9790,6224,3566,702,702,0,9088,5522,3566,3248,2141,1107,0,0,0,3248,2141,1107
"NYC-Brooklyn Community District 15--Sheepshead Bay, Gerritsen Beach & Homecrest PUMA; New York",23935,12176,11759,1319,455,864,22616,11721,10895,13297,6314,6983,438,63,375,12859,6251,6608,8749,4603,4146,598,218,380,8151,4385,3766,1889,1259,630,283,174,109,1606,1085,521
"NYC-Brooklyn Community District 11--Bensonhurst & Bath Beach PUMA, New York",30810,15653,15157,1655,901,754,29155,14752,14403,16506,8054,8452,625,588,37,15881,7466,8415,11406,5435,5971,794,231,563,10612,5204,5408,2898,2164,734,236,82,154,2662,2082,580
"NYC-Brooklyn Community District 13--Brighton Beach & Coney Island PUMA, New York",14143,7584,6559,701,370,331,13442,7214,6228,6862,3241,3621,370,370,0,6492,2871,3621,5657,2999,2658,233,0,233,5424,2999,2425,1624,1344,280,98,0,98,1526,1344,182
"NYC-Queens Community District 1--Astoria & Long Island City PUMA, New York",33193,18820,14373,2461,1262,1199,30732,17558,13174,15500,7711,7789,1590,863,727,13910,6848,7062,14031,8703,5328,468,157,311,13563,8546,5017,3662,2406,1256,403,242,161,3259,2164,1095
"NYC-Queens Community District 3--Jackson Heights & North Corona PUMA, New York",34477,21471,13006,2378,1070,1308,32099,20401,11698,8699,5146,3553,425,102,323,8274,5044,3230,17633,10232,7401,1953,968,985,15680,9264,6416,8145,6093,2052,0,0,0,8145,6093,2052
"NYC-Queens Community District 7--Flushing, Murray Hill & Whitestone PUMA; New York",36596,20231,16365,991,233,758,35605,19998,15607,13737,7576,6161,398,179,219,13339,7397,5942,19983,11083,8900,593,54,539,19390,11029,8361,2876,1572,1304,0,0,0,2876,1572,1304
"NYC-Queens Community District 11--Bayside, Douglaston & Little Neck PUMA; New York",18735,9489,9246,466,284,182,18269,9205,9064,9924,4746,5178,0,0,0,9924,4746,5178,7431,3836,3595,466,284,182,6965,3552,3413,1380,907,473,0,0,0,1380,907,473
"NYC-Queens Community District 13--Queens Village, Cambria Heights & Rosedale PUMA; New York",22178,13268,8910,793,553,240,21385,12715,8670,7629,4258,3371,207,157,50,7422,4101,3321,12659,7684,4975,586,396,190,12073,7288,4785,1890,1326,564,0,0,0,1890,1326,564
"NYC-Queens Community District 8--Briarwood, Fresh Meadows & Hillcrest PUMA; New York",26876,13760,13116,2026,1435,591,24850,12325,12525,11831,6175,5656,815,318,497,11016,5857,5159,13245,6388,6857,1033,939,94,12212,5449,6763,1800,1197,603,178,178,0,1622,1019,603
"NYC-Queens Community District 4--Elmhurst & South Corona PUMA, New York",36894,24316,12578,1571,832,739,35323,23484,11839,13846,9596,4250,627,209,418,13219,9387,3832,18776,11617,7159,841,623,218,17935,10994,6941,4272,3103,1169,103,0,103,4169,3103,1066
"NYC-Queens Community District 6--Forest Hills & Rego Park PUMA, New York",21613,10702,10911,1261,560,701,20352,10142,10210,12539,5812,6727,1021,320,701,11518,5492,6026,8037,4277,3760,240,240,0,7797,4037,3760,1037,613,424,0,0,0,1037,613,424
"NYC-Queens Community District 2--Sunnyside & Woodside PUMA, New York",29944,18794,11150,1377,884,493,28567,17910,10657,13615,8153,5462,689,439,250,12926,7714,5212,12681,8033,4648,688,445,243,11993,7588,4405,3648,2608,1040,0,0,0,3648,2608,1040
"NYC-Queens Community District 5--Ridgewood, Glendale & Middle Village PUMA; New York",25375,13625,11750,1108,485,623,24267,13140,11127,8211,3286,4925,439,125,314,7772,3161,4611,14850,8909,5941,614,360,254,14236,8549,5687,2314,1430,884,55,0,55,2259,1430,829
"NYC-Queens Community District 9--Richmond Hill & Woodhaven PUMA, New York",26929,15073,11856,2090,1073,1017,24839,14000,10839,7985,4206,3779,703,319,384,7282,3887,3395,15757,8547,7210,1060,514,546,14697,8033,6664,3187,2320,867,327,240,87,2860,2080,780
"NYC-Queens Community District 12--Jamaica, Hollis & St. Albans PUMA; New York",16530,9914,6616,1365,777,588,15165,9137,6028,5741,3420,2321,98,42,56,5643,3378,2265,8104,4954,3150,1128,735,393,6976,4219,2757,2685,1540,1145,139,0,139,2546,1540,1006
"NYC-Queens Community District 10--Howard Beach & Ozone Park PUMA, New York",11138,6369,4769,1001,607,394,10137,5762,4375,4646,2734,1912,251,119,132,4395,2615,1780,5559,2790,2769,663,401,262,4896,2389,2507,933,845,88,87,87,0,846,758,88
"NYC-Queens Community District 14--Far Rockaway, Breezy Point & Broad Channel PUMA; New York",4915,2866,2049,312,233,79,4603,2633,1970,2388,1198,1190,233,233,0,2155,965,1190,1773,1170,603,0,0,0,1773,1170,603,754,498,256,79,0,79,675,498,177
