,,Unemployment %,,,Full Time Work Access,,,Poverty,,,Working Poor,,,,Income,,
Total GEOG-101,Overall,Overall,BABS,HS,Overall,BABS,HS,Overall,BABS,HS,Overall,BABS,HS,HSINC,Overall,BABS,HS
"Albany County (East Central)--Albany City PUMA, New York",Capital Region,4.72467709041468%,0%,3.68048533872599%,63.6757624398074%,84.1184387617766%,59.6425211665099%,33.4859621641162%,23.9355581127733%,30.5889333926717%,,,,,38710.8444668515,62454.912,34816.5930599369
"Albany County (Outside Albany City) PUMA, New York",Capital Region,7.17241379310345%,0%,10.3814227172428%,82.311858608894%,91.6395864106352%,81.5531000613874%,34.5350351654077%,14.6418338108883%,32.8038182077219%,,,,,43411.6658008658,62871.9664732431,37479.8519633672
"Broome (Outer West) & Tioga Counties PUMA, New York",Southern Tier,20.0356415478615%,8.31024930747923%,21.1413748378729%,64.4625850340136%,90.7351460221551%,56.1301827909051%,70.6850092185506%,34.9775784753363%,75.2872095991831%,,,,,45393.1616715914,68918.9789123196,31572.5178713264
"Broome County (West Central)--Greater Binghamton City & Greater Johnson City Village PUMA, New York",Southern Tier,4.519368723099%,0%,6.46817248459959%,85.7243816254417%,93.1481481481482%,81.5577889447236%,23.0209545983702%,0%,28.9649744195199%,,,,,44074.2580379225,89447.3161033797,33869.7781885397
"Cattaraugus & Allegany Counties PUMA, New York",Western NY,11.2371134020619%,0%,17.9276315789474%,57.156220767072%,38.2352941176471%,62.0034542314335%,22.2900763358779%,10.5882352941177%,2.95420974889217%,,,,,47809.0834697218,93546.1538461538,39744.7075208914
"Cayuga & Onondaga (South) Counties PUMA, New York",Central NY,7.09010339734121%,0%,16.7664670658683%,97.3656256639048%,97.0749542961609%,97.7551020408163%,14.7677725118483%,0%,30.735056542811%,,,,,51408.4878900284,62412.0903954802,36473.382045929
"Chautauqua County PUMA, New York",Western NY,6.27358490566038%,0%,5.40752351097179%,84.6263683960019%,81.9595645412131%,94.431185361973%,34.1648247552889%,9.27573062261754%,29.7481636935992%,,,,,35816.6310461192,47907.0208728653,31641.2552653749
"Chemung (South) & Steuben (East) Counties--Greater Elmira & Greater Corning Cities PUMA, New York",Southern Tier,0%,0%,0%,57.7132486388385%,56.578947368421%,58.5139318885449%,20.4795852235904%,36.4161849710983%,12.8805620608899%,,,,,45371.0691823899,73046.511627907,26481.4814814815
"Chenango, Delaware & Broome (East) Counties PUMA; New York",Southern Tier,0%,0%,0%,90.1225114854518%,33.160621761658%,100%,19.0774487471526%,0%,8.56291883842144%,,,,,70439.9320305862,100000,68740.1617250674
"Clinton, Franklin, Essex & Hamilton Counties PUMA; New York",North Country,14.6774193548387%,16.8181818181818%,0%,70.8766716196137%,100%,69.8780487804878%,28.015350877193%,6.97674418604651%,29.2929292929293%,,,,,39921.1215932914,76597.9545454545,31516.9284467714
"Columbia & Greene Counties PUMA, New York",Capital Region,0%,0%,0%,89.3819060773481%,94.7368421052632%,85.010975227344%,19.4685068271913%,5.46276965901183%,17.3237753882915%,,,,,43056.0830596871,53308.9213300892,33729.8199926227
"Dutchess County (North & East) PUMA, New York",Mid-Hudson,15.1284835323923%,6.6746126340882%,14.1319942611191%,71.3315217391304%,84.418901660281%,73.4943977591037%,43.4637801831807%,8.02658486707566%,44.1443653326786%,,,,,53442.8179591837,72757.9425113464,44719.5597903764
"Dutchess County (Southwest) PUMA, New York",Mid-Hudson,1.26715945089757%,2.77456647398844%,0%,67.1714922048998%,61.9075144508671%,71.9137035557331%,11.2212529738303%,0%,8.43547224224946%,,,,,66353.7864721485,91123.1185807656,55457.3111111111
"Erie County (Central) PUMA, New York",Western NY,0%,0%,0%,59.0687977762335%,100%,46.551724137931%,26.4633140972795%,0%,35.7638888888889%,,,,,30342.7058823529,38333.3333333333,17731.5789473684
"Erie County (North Central) PUMA, New York",Western NY,0%,0%,0%,73.4583598219962%,85.4819976771196%,71.5294117647059%,36.0406091370558%,0%,37.1702637889688%,,,,,38879.2730419732,43695.652173913,38164.9671052632
"Erie County (Northeast) PUMA, New York",Western NY,0%,0%,0%,83.7203495630462%,90.7431551499348%,85.7046070460705%,11.7335945151812%,5.58063192449733%,9.70116933737549%,,,,,55784.0065612884,63822.4348659004,42515.8339920949
"Erie County (Northwest) PUMA, New York",Western NY,16.8759417378202%,30.2189781021898%,10.3864734299517%,94.1410693970421%,100%,91.5296052631579%,48.7781954887218%,57.1819425444596%,44.7204968944099%,,,,,39728.7009063444,45589.9581589958,36529.200359389
"Erie County (South) PUMA, New York",Western NY,9.11854103343465%,0%,11.8840579710145%,72.3412858875859%,88.232044198895%,75.2968433246452%,56.205955177449%,9.98619420156466%,57.7430293896006%,,,,,43387.9136389044,76780.4070131497,33966.2
"Erie County (West Central)--Buffalo City (East) PUMA, New York",Western NY,3.82232965704789%,0%,5.42336548767417%,86.4121897580899%,90.8393039918117%,84.4514959202176%,23.2823953286122%,0%,23.2635060639471%,,,,,41954.0287220505,59788.9577464789,33457.7863660762
"Erie County (West Central)--Buffalo City (West) PUMA, New York",Western NY,8.16384409691273%,0%,10.0005411548244%,76.8576988760475%,97.4853310980721%,75.0438526550789%,41.4934950993909%,6.0475651189128%,41.8579946542389%,,,,,36232.7914427449,45822.5222126684,35664.6550502904
"Fulton & Montgomery Counties PUMA, New York",Mohawk Valley,7.61099365750529%,0%,0%,85.4108956602031%,91.6015625%,86.4864864864865%,9.38023450586265%,0%,12.0762711864407%,,,,,41195.3513513514,54977.8251599147,25261.1979166667
"Genesee & Orleans Counties PUMA, New York",Finger Lakes,5.87095524123232%,0%,11.1855324849297%,87.4124513618677%,93.7334510150044%,72.5754656390495%,25.5719298245614%,0%,38.7356809503606%,,,,,76987.9545960383,92422.7809165097,39274.2477876106
"Herkimer (North & Central) & Oneida (Outer) Counties PUMA, New York",Mohawk Valley,12.3994638069705%,0%,0%,73.2174955062912%,100%,66.7873303167421%,54.9965776865161%,0%,47.2470238095238%,,,,,35589.6072013093,58635.4515050167,27653.7940379404
"Jefferson & Lewis Counties PUMA, New York",North Country,22.0476431829701%,30.7563025210084%,15.2226720647773%,69.8101653398653%,68.4466019417476%,75.1313485113836%,18.7449062754686%,28.0254777070064%,14.7471054235222%,,,,,70221.9298245614,168773.04964539,37831.0023310023
"Livingston & Wyoming Counties PUMA, New York",Finger Lakes,11.8259224219489%,11.1480865224626%,13.2199670872189%,78.6423310918988%,100%,67.2077922077922%,22.0239550232217%,10.1746393318147%,19.6707105719237%,,,,,47009.5912052117,59174.6254681648,36606.4863123994
"Madison & Cortland Counties PUMA, New York",Central NY,10.0897554936552%,0%,5.49882168106834%,82.7917053543795%,100%,78.1618224666143%,39.0167661267406%,14.7208121827411%,40.8609738884968%,,,,,29322.1028037383,62187.8172588832,27164.4547738693
"Monroe County (Central)--Greece & Gates Towns PUMA, New York",Finger Lakes,13.8979963570128%,3.94503546099291%,12.5371865703357%,75.0899511693652%,79.5212765957447%,75.9312570880223%,46.5085691510562%,18.1781045751634%,41.6546221888189%,,,,,31371.1628304954,43742.7424749164,29831.3074448529
"Monroe County (Central)--Rochester City (East) PUMA, New York",Finger Lakes,0%,0%,0%,96.1526078557631%,92.2784121805329%,97.6558724021266%,5.7489998518299%,6.6497461928934%,5.84356525693497%,,,,,48149.8694123556,57567.707719505,45948.2232120762
"Monroe County (Central)--Rochester City (West) PUMA, New York",Finger Lakes,15.8566570755951%,0%,16.2903731577297%,80.7433357052931%,91.6039374638101%,81.5940366972477%,46.0041194644696%,8.44566712517194%,44.2797768784863%,,,,,30681.567351366,39737.0227560051,29528.9418733059
"Monroe County (East) PUMA, New York",Finger Lakes,21.4105793450882%,3.21931589537223%,14.8514851485149%,59.2360319270239%,45.5611390284757%,85.1485148514852%,42.9030776297657%,54.4388609715243%,20.4570184983678%,,,,,46412.7526467758,89409.0073529412,31987.7906976744
"Monroe County (North & West) PUMA, New York",Finger Lakes,3.42637472839713%,0%,2.28361996053003%,70.4832954914045%,77.1327612317012%,63.604898828541%,31.9372423879803%,4.9469964664311%,36.3543371522095%,,,,,43263.9208467556,57567.7356020942,37097.4884889075
"Monroe County (South) PUMA, New York",Finger Lakes,0%,0%,0%,82.3068893528184%,100%,77.372764786795%,39.519906323185%,11.8134715025907%,46.3609898107715%,,,,,39766.4552948637,70836.7256637168,27283.1111111111
"Nassau County (Central)--Hempstead Town (East Central) PUMA, New York",Long Island,0%,0%,0%,94.1125353030632%,89.7531439217513%,97.9234527687296%,1.66266025641026%,0%,1.93401592718999%,,,,,68433.1371191136,83488.868707836,56369.7713097713
"Nassau County (Central)--Hempstead Town (North Central)--Meadowbrook Corridor PUMA, New York",Long Island,6.04150820384657%,4.09031413612565%,5.86547085201794%,81.1114547891535%,93.8021122846026%,74.4619280159161%,7.39038189533239%,1.99775533108866%,9.12516382699869%,,,,,64608.6157366213,86530.0740740741,48591.8387175128
"Nassau County (Central)--Hempstead Town (Northeast) PUMA, New York",Long Island,8.26661948781459%,4.04497286120445%,10.0518054589036%,79.6590007930214%,85.6256463288521%,78.7162162162162%,20.9347306231537%,10.3423509695954%,20.9997664097174%,,,,,52870.4541231127,65829.2241847826,46411.0612563402
"Nassau County (East Central)--Oyster Bay Town (Central) PUMA, New York",Long Island,5.26315789473684%,12.9365079365079%,0%,86.2639109697933%,92.423046566693%,81.5890410958904%,13.9994656692493%,4.21115065243179%,22.45%,,,,,105750.409141172,176054.107600342,53318.6702484889
"Nassau County (Northeast)--Oyster Bay Town (North) & Glen Cove City PUMA, New York",Long Island,5.75575575575576%,2.94615645106671%,13.7104506232023%,82.5330910978459%,78.5980358956993%,95.4444444444445%,1.25319099559062%,0%,3.05286671630678%,,,,,119274.842767296,124087.246876346,106271.827706636
"Nassau County (Northwest)--North Hempstead Town (North) PUMA, New York",Long Island,11.9989509113957%,10.2036249720295%,12.7766112098207%,85.5779427359491%,88.9171203871748%,82.7785212445634%,20.7334125707893%,10.2247191011236%,25.7505629221916%,,,,,59219.1676095038,87060.387807865,43785.4178033748
"Nassau County (South Central)--Hempstead Town (Southeast) PUMA, New York",Long Island,8.23835884076848%,6.94519804666305%,10.6382978723404%,85.6%,82.6822157434402%,89.4308943089431%,6.63728286232823%,3.8160469667319%,10.6816584680253%,,,,,74686.7939861845,74331.4527503526,78123.4343434343
"Nassau County (Southeast)--Oyster Bay Town (South) PUMA, New York",Long Island,0%,0%,0%,92.8994082840237%,100%,85.6221198156682%,2.8979045920642%,0%,1.25223613595707%,,,,,66129.943655071,73892.3789571695,59451.8837459634
"Nassau County (Southwest)--Hempstead Town (Southwest) & Long Beach City PUMA, New York",Long Island,4.26194636481045%,6.01178101178101%,3.07427093808361%,83.6691887032737%,85.6720341767992%,80.8576028098932%,5.58101361056015%,2.97666934835076%,6.09327983951856%,,,,,74977.0767302355,99391.1718450326,54373.8244343891
"Nassau County (West Central)--Hempstead Town (Northwest) PUMA, New York",Long Island,7.97625193598348%,14.6380697050938%,2.06126538791869%,70.8419457075927%,94.4242424242424%,50%,27.538960359795%,10.3062157221207%,44.8677722994173%,,,,,63936.5356934449,64630.5937098845,65934.0326340326
"Nassau County (West Central)--Hempstead Town (West Central) PUMA, New York",Long Island,17.2774869109948%,0%,30.9495896834701%,82.9516101257104%,100%,79.4436416184971%,16.859012492564%,0%,27.9815552295116%,,,,,66340.7743408761,72544.2364141214,61409.818099136
"Nassau County (West Central)--North Hempstead Town (South) PUMA, New York",Long Island,2.24274406332454%,5.02958579881657%,0%,81.8151147098516%,79.4392523364486%,83.3543505674653%,14.0314136125654%,7.24852071005917%,15.0822669104205%,,,,,73764.9896907216,116639.843137255,45301.9667170953
"Niagara County (North & East) PUMA, New York",Western NY,5.63159953070004%,3.44497607655502%,4.06258578094977%,76.2121511973085%,91.8731417244797%,69.908651262762%,38.3453636868406%,40.431654676259%,37.286900772257%,,,,,46186.7073487406,80165.1564185545,36540.7033051499
"Niagara County (Southwest)--Greater Niagara Falls & North Tonawanda Area PUMA, New York",Western NY,10.0642398286938%,0%,17.4461766889384%,46.7741935483871%,100%,62.027972027972%,59.3493552168816%,0%,66.8316831683168%,,,,,32828.6613616269,25000,35721.7767756482
"NYC-Bronx Community District 1 & 2--Hunts Point, Longwood & Melrose PUMA; New York",New York,14.3774862253848%,9.85767615492301%,15.618404390038%,84.3563878306594%,86.5220661985958%,87.7172995780591%,35.3736981825608%,7.7266127359469%,33.2347514651617%,,,,,44428.4955634004,65451.9310244892,40050.7580932224
"NYC-Bronx Community District 10--Co-op City, Pelham Bay & Schuylerville PUMA; New York",New York,13.5974400576888%,9.35708752904725%,13.0054046658001%,86.956722340131%,85.3265084535443%,89.0530886678807%,27.655784317084%,4.8384695548608%,29.7708709027262%,,,,,47118.0400063671,64198.3821123432,39686.7636649626
"NYC-Bronx Community District 11--Pelham Parkway, Morris Park & Laconia PUMA; New York",New York,9.96700816113909%,2.42233474750239%,12.0351349436849%,93.9121756487026%,92.4122624497157%,95.3273460887674%,21.5884427563755%,10.2518215518343%,21.2404418011895%,,,,,47647.5854587318,65623.0261182828,40712.51160568
"NYC-Bronx Community District 12--Wakefield, Williamsbridge & Woodlawn PUMA; New York",New York,11.2641567187022%,3.94324672931638%,12.4872355944566%,90.3225806451613%,92.5277620929795%,90.0462593715106%,27.6587210634884%,6.19733146067416%,33.6510773508092%,,,,,50980.9372686899,57386.039462978,44742.0372010629
"NYC-Bronx Community District 3 & 6--Belmont, Crotona Park East & East Tremont PUMA; New York",New York,8.40441113121392%,0%,11.8593476994758%,84.8560485432715%,78.6063968668407%,85.8933020665397%,23.3367967003558%,8.89628236655576%,23.6208520883492%,,,,,45919.2996247084,62468.9952252439,43297.0906919205
"NYC-Bronx Community District 4--Concourse, Highbridge & Mount Eden PUMA; New York",New York,10.7443142660234%,0%,11.662635398044%,78.7046481130701%,91.9188667095943%,78.0724523191514%,56.5035633236454%,13.524914315845%,57.2670176996765%,,,,,34585.4360825697,53219.4276707531,29547.2679965308
"NYC-Bronx Community District 5--Morris Heights, Fordham South & Mount Hope PUMA; New York",New York,5.19607339260934%,5.67989864864865%,4.73076923076923%,87.5243050081455%,91.0721649484536%,87.103694874851%,26.9532463497981%,10.4139834406624%,23.1447376366161%,,,,,40122.5259681777,46229.7758659724,37698.7821565408
"NYC-Bronx Community District 7--Bedford Park, Fordham North & Norwood PUMA; New York",New York,15.2996206401238%,10.6183522624842%,18.4057116656842%,69.2662059888121%,78.7212585720048%,65.5744996293551%,53.2570298148933%,17.7606177606178%,51.1998361998362%,,,,,40706.7529691211,56150.3817576223,43644.2889441556
"NYC-Bronx Community District 8--Riverdale, Fieldston & Kingsbridge PUMA; New York",New York,7.72109363067054%,1.3350700097688%,9.84337611485752%,78.6036570885776%,85.6765676567657%,76.0380133499265%,16.1095449053564%,0.935483870967742%,14.9867374005305%,,,,,49896.3494461229,63960.8821263482,47135.6792144026
"NYC-Bronx Community District 9--Castle Hill, Clason Point & Parkchester PUMA; New York",New York,12.0245398773006%,1.86046511627907%,9.91266005257356%,73.5015425297488%,73.9908145999517%,71.9924812030075%,51.2091810875389%,12.0053020261314%,52.9326923076923%,,,,,41554.0931644431,51998.6968311009,41269.9026821742
"NYC-Brooklyn Community District 1--Greenpoint & Williamsburg PUMA, New York",New York,2.92081459396634%,1.55674589889521%,3.53336130927402%,80.2920806985848%,91.2289234760052%,79.3239389364201%,29.6235980949455%,7.51114827201784%,31.4332167315367%,,,,,58097.6167260454,64703.0566909543,55386.0145923654
"NYC-Brooklyn Community District 10--Bay Ridge & Dyker Heights PUMA, New York",New York,5.74802533823414%,5.31785899878746%,7.13571190396799%,87.3915029693924%,92.5426774483379%,85.1282051282051%,14.3221169552434%,6.70971806583714%,17.2427816185441%,,,,,48457.8306325144,65554.0349514563,36577.5037650602
"NYC-Brooklyn Community District 11--Bensonhurst & Bath Beach PUMA, New York",New York,2.33886320369867%,3.81569474442045%,1.84512161028795%,78.3886771910724%,89.2529950669486%,63.742523497579%,19.0424895272292%,3.61687876758205%,28.3170303486331%,,,,,58880.2326388889,74110.5171733123,47088.5612153709
"NYC-Brooklyn Community District 12--Borough Park, Kensington & Ocean Parkway PUMA; New York",New York,6.57945861934982%,5.36327608982827%,8.96795060276389%,85.6411637931035%,88.4787766939098%,79.6834625322998%,21.5518081684375%,6.86665104288727%,21.4814814814815%,,,,,71828.4350424662,72743.7097735399,82997.2841507904
"NYC-Brooklyn Community District 13--Brighton Beach & Coney Island PUMA, New York",New York,5.87318087318087%,4.57499350142969%,8.13977819627537%,83.2975569866094%,88.2712901580826%,78.6932401890281%,25.9681852252853%,16.6588894073728%,17.8993276394694%,,,,,46287.7162842067,53189.9480069324,45711.2793733682
"NYC-Brooklyn Community District 14--Flatbush & Midwood PUMA, New York",New York,5.88776448942042%,3.72420734776044%,8.50034554250173%,73.9628820960699%,75.8587324625061%,75.7913043478261%,23.4781323877069%,10.4308390022676%,17.9814385150812%,,,,,48028.1795817958,61922.5446428572,42269.3896282699
"NYC-Brooklyn Community District 15--Sheepshead Bay, Gerritsen Beach & Homecrest PUMA; New York",New York,17.6599505125486%,14.4419228388694%,15.210843373494%,89.7038408144378%,95.311845960653%,87.7924720244151%,27.9534026982626%,19.0781698463616%,23.6133729284414%,,,,,47719.6643452842,62609.898989899,41165.8394305579
"NYC-Brooklyn Community District 16--Brownsville & Ocean Hill PUMA, New York",New York,6.44771894771895%,1.85889311364597%,9.2485549132948%,80.0315942276492%,78.6341564211179%,83.096645428725%,30.5209212212118%,7.19246938402486%,36.6706225051246%,,,,,45824.5404107762,59681.5976875575,37060.9413394919
"NYC-Brooklyn Community District 17--East Flatbush, Farragut & Rugby PUMA; New York",New York,8.48107739515854%,5.92213114754098%,10.2015599660205%,86.1480158557303%,88.1298992161254%,84.7794707297514%,23.57742615328%,5.59394226218647%,26.9492443855741%,,,,,49238.1721191283,61864.5639366986,39173.3636019675
"NYC-Brooklyn Community District 18--Canarsie & Flatlands PUMA, New York",New York,10.3778585491443%,10.7100591715976%,9.28701423830425%,86.1726235439113%,92.1127911728647%,84.9086308687096%,39.7965818316924%,10.8078082843993%,40.1310704083347%,,,,,41609.2959630911,57685.0532386868,38031.5078471624
"NYC-Brooklyn Community District 2--Brooklyn Heights & Fort Greene PUMA, New York",New York,13.4830023345806%,1.97114407640723%,16.7484627968635%,80.2354442947309%,83.5770416791008%,78.9962585472842%,36.2825990864889%,10.2498228206945%,35.1056048276493%,,,,,45348.3887219374,59539.3239704832,39796.8797974849
"NYC-Brooklyn Community District 3--Bedford-Stuyvesant PUMA, New York",New York,15.5238546739646%,12.278547623224%,13.4856464653957%,84.5456691054992%,91.8809980806142%,83.6351716790953%,30.2881214225995%,12.4651010018065%,26.6240865412279%,,,,,38791.4856791916,55545.7697931899,32754.4875563394
"NYC-Brooklyn Community District 4--Bushwick PUMA, New York",New York,3.04818655818484%,0%,5.07467480327606%,88.2892233177651%,89.6624250709854%,95.292747837658%,25.4766772859113%,5.18418874172185%,31.4629258517034%,,,,,52862.710292581,60299.0992258973,47321.6093559085
"NYC-Brooklyn Community District 5--East New York & Starrett City PUMA, New York",New York,7.66250538097288%,6.68604651162791%,6.4766473825314%,81.414927136668%,94.0298507462687%,75.3360022876752%,50.9404654315409%,18.6032264651828%,46.9046215247857%,,,,,36873.4159762956,45378.139474369,35830.9214272158
"NYC-Brooklyn Community District 6--Park Slope, Carroll Gardens & Red Hook PUMA; New York",New York,10.3367754657257%,6.70829785220929%,11.3080280386192%,81.2096482619699%,86.4604556399333%,75.1847133757962%,24.5845186405151%,6.67531835509774%,37.193219195412%,,,,,75793.0185079183,91031.7234361611,56161.6164012199
"NYC-Brooklyn Community District 7--Sunset Park & Windsor Terrace PUMA, New York",New York,8.17279626386457%,2.00356799780431%,13.9809236947791%,90.2460280217202%,97.790585975024%,82.672737011248%,22.6350701788118%,10.7001151926277%,30.1358515573227%,,,,,50558.615361759,62319.9803536346,37633.9326206673
"NYC-Brooklyn Community District 8--Crown Heights North & Prospect Heights PUMA, New York",New York,12.8581199179269%,2.44228432563791%,23.1903485254692%,85.0103007828595%,86.6634394287789%,80.4044820989342%,25.1511555630898%,5.89424048501179%,39.7160068846816%,,,,,83966.2785963552,99262.3418516967,50006.288239293
"NYC-Brooklyn Community District 9--Crown Heights South, Prospect Lefferts & Wingate PUMA; New York",New York,12.2195725136902%,7.22358259559239%,15.730434032272%,90.1452995370583%,90.8470339390443%,90.1759133964817%,24.6230057550812%,14.9713277459197%,30.1105527638191%,,,,,50505.1634718056,61975.5635516986,40633.9085634254
"NYC-Manhattan Community District 1 & 2--Battery Park City, Greenwich Village & Soho PUMA; New York",New York,8.20338634141321%,5.90678357175819%,10.9990034877927%,86.2294251709293%,95.1310425160163%,83.0307431614621%,33.0698377783888%,9.71045197740113%,32.7497518274524%,,,,,58567.9554211206,86794.1972572548,35585.7055393586
"NYC-Manhattan Community District 10--Central Harlem PUMA, New York",New York,8.84429373506031%,2.89458010720667%,8.47308031774051%,75.6147540983607%,69.1897654584222%,83.2788944723618%,30.6681088276895%,23.8182559087205%,27.7615482928611%,,,,,53933.7851021753,70097.192261599,45394.2476995022
"NYC-Manhattan Community District 11--East Harlem PUMA, New York",New York,13.9598997493734%,4.12610106629578%,17.8231140006726%,87.2162202160722%,93.9068100358423%,82.7908942696697%,37.7250912670741%,14.3259881479777%,47.9197314322357%,,,,,60622.9349759044,93272.2252628547,32889.8900153162
"NYC-Manhattan Community District 12--Washington Heights, Inwood & Marble Hill PUMA; New York",New York,10.2617648487203%,2.69982238010657%,10.5386578384716%,72.3166494506526%,86.7281760113556%,72.0002731680667%,56.9786744987869%,32.446396280031%,53.9963153149622%,,,,,38911.9710427217,51216.9844517185,38024.3384235986
"NYC-Manhattan Community District 3--Chinatown & Lower East Side PUMA, New York",New York,3.76931165574699%,2.62439024390244%,9.60507069722087%,78.5966257668712%,86.5078580606899%,54.6042617960426%,15.1139742319128%,10.3394062702303%,24.4504565437944%,,,,,115376.622109474,124822.134369287,61414.4111498258
"NYC-Manhattan Community District 4 & 5--Chelsea, Clinton & Midtown Business District PUMA; New York",New York,8.29842931937173%,0%,18.6468921846359%,87.8507871321013%,97.6470588235294%,69.5754255527294%,21.657078337545%,0%,44.1743503772003%,,,,,117819.037008181,145465.794085433,51437.7502812148
"NYC-Manhattan Community District 6--Murray Hill, Gramercy & Stuyvesant Town PUMA; New York",New York,0.643776824034335%,0.883995037220844%,0%,83.5232204861111%,91.1589184410226%,59.6766409266409%,13.721206364284%,1.52145830343046%,27.2920353982301%,,,,,130683.994024034,150796.151943749,56617.8730287101
"NYC-Manhattan Community District 7--Upper West Side & West Side PUMA, New York",New York,2.65553057072492%,3.54995705697108%,0%,87.9476360489019%,100%,71.4065708418891%,16.4686969724033%,4.44471957409929%,52.1108179419525%,,,,,106646.505105179,116796.681507866,57479.079798706
"NYC-Manhattan Community District 8--Upper East Side PUMA, New York",New York,15.1011214415796%,11.668432827034%,11.6902372262774%,74.2288168684108%,84.9209313908604%,63.5132319233174%,49.3997754555661%,16.5247762497271%,50.5653115227327%,,,,,41461.6741188848,52682.2140762463,35766.3057742782
"NYC-Manhattan Community District 9--Hamilton Heights, Manhattanville & West Harlem PUMA; New York",New York,8.9989888776542%,4.86895161290323%,13.2262051915946%,79.903078677309%,84.514034752721%,73.7608043746693%,30.2012379086187%,22.3322585598035%,25.7349952580951%,,,,,44538.1799092809,60165.6888838681,34852.331699151
"NYC-Queens Community District 1--Astoria & Long Island City PUMA, New York",New York,10.7081629961757%,0%,16.8394437420986%,69.6374622356496%,63.7633525061627%,60.4745925215724%,58.2299486369024%,39.4390383514596%,55.5103884372177%,,,,,30545.0903832249,48761.5979381443,30044.5659928656
"NYC-Queens Community District 10--Howard Beach & Ozone Park PUMA, New York",New York,10.6306934576995%,8.07402554864068%,11.8692300056252%,84.6418671197353%,92.4366209045734%,82.4258266005839%,15.5044955044955%,3.02237945089595%,15.6679586203051%,,,,,47156.8844751994,62244.3189066059,42398.7792924509
"NYC-Queens Community District 11--Bayside, Douglaston & Little Neck PUMA; New York",New York,5.64417963995131%,6.07612220515446%,4.96437054631829%,85.662712738525%,90.3181895524928%,85.948223961469%,18.040627989421%,10.9260391198044%,20.2698429429746%,,,,,50974.3076459964,61730.8214016579,47253.0680862987
"NYC-Queens Community District 12--Jamaica, Hollis & St. Albans PUMA; New York",New York,3.84031936127745%,0%,4.68528159015618%,86.1498667502744%,94.7314403010606%,81.4277489925158%,19.9212836815017%,6.99853587115666%,20.0503680743898%,,,,,47925.8875443545,60792.1632358252,44731.4027149321
"NYC-Queens Community District 13--Queens Village, Cambria Heights & Rosedale PUMA; New York",New York,5.24455753463387%,4.55430128454652%,0%,85.1872711912138%,92.1302852518713%,70.1015965166909%,19.1888248989095%,7.95049690605663%,42.5621414913958%,,,,,68789.9768595041,81620.0614844093,30055.900621118
"NYC-Queens Community District 14--Far Rockaway, Breezy Point & Broad Channel PUMA; New York",New York,6.82886782595716%,4.67082746124421%,9.14856294697072%,84.5981810049202%,88.5147696756868%,85.0866746063253%,16.2955169793676%,4.86241990199774%,14.6778295888088%,,,,,52418.1323581248,76489.194865811,39012.6852255054
"NYC-Queens Community District 2--Sunnyside & Woodside PUMA, New York",New York,6.69487307117969%,7.01342997228736%,6.8189233278956%,81.3591737855412%,83.6455807802513%,76.2062128222076%,22.6970865467009%,5.65414775072225%,34.5281072717896%,,,,,79673.5392571697,99775.5425559947,54687.1942758023
"NYC-Queens Community District 3--Jackson Heights & North Corona PUMA, New York",New York,12.4978201476487%,6.43697891123099%,18.55643384735%,77.181712962963%,82.4963609898108%,72.7707454289733%,23.758865248227%,9.30612244897959%,26.7188949592825%,,,,,63618.0422883707,81242.1937950301,50044.6617703904
"NYC-Queens Community District 4--Elmhurst & South Corona PUMA, New York",New York,10.0777005316352%,0%,14.7899159663866%,89.1792592592593%,87.1628542164561%,91.3423742138365%,23.9417744916821%,2.90625%,33.2726213026373%,,,,,49119.3582297827,66277.6459067763,41529.7430876815
"NYC-Queens Community District 5--Ridgewood, Glendale & Middle Village PUMA; New York",New York,1.57744758803175%,1.06297633373446%,2.37928621413576%,90.2390438247012%,92.057761732852%,88.6822773186409%,7.29748603351955%,5.93445527015058%,8.01877566986114%,,,,,57843.1975717439,76250.6252723312,41489.257054103
"NYC-Queens Community District 6--Forest Hills & Rego Park PUMA, New York",New York,6.46459564834612%,2.23816355810617%,5.08474576271187%,85.8477970627503%,100%,77.5804128660586%,26.1177805085547%,9.07705703090988%,30.1910299003322%,,,,,45234.2428955182,57553.7422952744,33079.8886138614
"NYC-Queens Community District 7--Flushing, Murray Hill & Whitestone PUMA; New York",New York,6.62133824744233%,3.12082777036048%,6.15804461319411%,86.1584299501263%,80.3260348409781%,90.3304475064016%,18.5187168639212%,12.9328203610536%,19.6372549019608%,,,,,46440.2420688618,60836.9478710704,37755.5615550756
"NYC-Queens Community District 8--Briarwood, Fresh Meadows & Hillcrest PUMA; New York",New York,9.03562119895743%,9.22089290925007%,6.91891891891892%,84.1342780973762%,89.2093485827946%,82.887792565397%,15.8848991370158%,5.9364021259346%,16.3085375038767%,,,,,53257.5080258495,66012.8049052397,46616.9333517891
"NYC-Queens Community District 9--Richmond Hill & Woodhaven PUMA, New York",New York,3.85515627151315%,0%,6.76488643339472%,91.6116936323867%,93.7754271765663%,93.335881753313%,17.1298954863903%,14.6875%,10.7903055848261%,,,,,49858.036837717,64962.4078091106,42926.7959044369
"NYC-Staten Island Community District 1--Port Richmond, Stapleton & Mariner's Harbor PUMA; New York",New York,7.47379100439635%,2.75319567354966%,9.52111079625956%,85.1901491037025%,100%,75.7142857142857%,19.0919674039581%,0%,17.7255526787493%,,,,,70246.2753195674,99193.2810920121,54656.7489114659
"NYC-Staten Island Community District 2--New Springville & South Beach PUMA, New York",New York,0%,0%,0%,86.2852951961863%,92.9159802306425%,80.964970257766%,7.37315010570825%,10.8338597599495%,5.07314771118452%,,,,,70632.4288142796,84037.9255319149,58288.4285714286
"NYC-Staten Island Community District 3--Tottenville, Great Kills & Annadale PUMA; New York",New York,11.1092018214623%,7.33658942117843%,31.5309842041312%,84.2677394504836%,89.3990755007704%,57.8371810449575%,15.4815272839697%,6.57894736842105%,45.636126791142%,,,,,130864.616556628,141020.929564518,49167.0168067227
"Oneida County (Central)--Greater Utica & Rome Cities PUMA, New York",Mohawk Valley,3.73263888888889%,0%,0%,62.2182146077547%,54.9800796812749%,64.97277676951%,44.7940503432494%,0%,63.4693877551021%,,,,,31942.8985507246,34554.347826087,31797.7653631285
"Onondaga County (Central)--Syracuse City (Outer) PUMA, New York",Central NY,1.42557651991614%,0%,4.05244338498212%,93.4887459807074%,100%,82.8025477707006%,10.2123356926188%,2.06985769728331%,20.6712433257056%,,,,,48919.1745485813,58123.8680465718,30675
"Onondaga County (Central)--Syracuse City PUMA, New York",Central NY,1.92771084337349%,0%,2.52764612954186%,86.3477246207701%,100%,90.032414910859%,41.8925579103007%,19.8581560283688%,27.0861833105335%,,,,,37573.3783783784,45043.9716312057,39795.5895589559
"Onondaga County (North) PUMA, New York",Central NY,13.0547903275176%,0%,15.1563852144888%,64.9217181854677%,83.2382623957876%,57.6245013511775%,56.4830845538346%,32.5381047051027%,57.6673346693387%,,,,,37886.7660153351,50371.4285714286,35653.8610987048
"Ontario & Yates Counties PUMA, New York",Finger Lakes,0%,0%,0%,81.6655907036798%,100%,95.0693374422188%,62.9856850715747%,0%,23.0132450331126%,,,,,25064.0316205534,55000,34295.9481361426
"Orange County (Northeast)--Greater Newburgh City PUMA, New York",Mid-Hudson,8.4543370271303%,0%,7.59878419452888%,78.1858653311074%,80.9298193663014%,80.041022404544%,29.6056547619048%,8.33555259653795%,34.8940763729591%,,,,,57976.7354685646,85576.362971094,47452.4305144885
"Orange County (Northwest) PUMA, New York",Mid-Hudson,3.69747899159664%,0%,3.69252439883288%,78.3859397417504%,77.8048780487805%,79.7612114152592%,19.9166666666667%,4.11149825783972%,21.661976235147%,,,,,47961.7479637595,56719.3909538737,47893.734939759
"Orange County (Southeast) PUMA, New York",Mid-Hudson,4.97228693067716%,11.1317685335812%,1.91728293618187%,86.772610422996%,94.4430784361938%,83.5452893848949%,25.2739225712199%,22.1712233087208%,21.3728395061728%,,,,,58332.525361343,73769.0288987243,53986.4181422802
"Oswego County PUMA, New York",Central NY,22.3270440251572%,5.99520383693046%,25.3062117235346%,70.67994802945%,88.1377551020408%,67.1100678142932%,37.1370351502802%,8%,42.002002002002%,,,,,46378.2169117647,49552.8219971057,45525.650991061
"Otsego, Schoharie, Oneida (South) & Herkimer (South) Counties PUMA; New York",Mohawk Valley,9.52823179791976%,7.50750750750751%,8.86850152905199%,68.4540389972145%,73.1843575418994%,69.5169350360911%,54.185760590142%,44.7428571428572%,51.0489510489511%,,,,,32812.9323499491,41872.7371864776,31237.839456869
"Putnam County PUMA, New York",Mid-Hudson,7.15920915712799%,0%,10.4942037827944%,72.5762922981109%,51.8611987381703%,81.9534282018111%,13.5941062971409%,0%,18.7378370864609%,,,,,50339.7617276888,47067.396593674,52086.1906077348
"Rensselaer County--Troy City PUMA, New York",Capital Region,9.47109471094711%,0%,20.0520833333333%,77.5842044134727%,84.3010752688172%,74.2738589211618%,39.2990654205607%,0%,68.1425485961123%,,,,,45524.9176646707,57681.7474489796,28210.0558659218
"Rockland County (North)--New City & Congers PUMA, New York",Mid-Hudson,10.5480998369497%,12.652136994056%,4.92705094475006%,83.819453609608%,91.644123835287%,79.0141182100981%,13.3341137906813%,0%,19.1512513601741%,,,,,66234.1127381515,89237.7008855362,44993.0648092065
"Rockland County (South)--Orangetown, Clarkstown (South) & Ramapo (Southeast) Towns PUMA; New York",Mid-Hudson,3.32489451476793%,1.75918686473808%,5.12474713418746%,82.5590741038418%,94.1902109033028%,78.9423076923077%,20.1510216168197%,1.75918686473808%,19.8529411764706%,,,,,58926.9470404985,75402.1123785382,48191.5550142103
"Rockland County (West)--Spring Valley, Suffern Villages & Monsey PUMA; New York",Mid-Hudson,3.66758241758242%,0%,7.02045328911001%,81.2893512181769%,94.1163930931571%,81.28%,13.785895037958%,9.68687053653177%,21.7081850533808%,,,,,94621.1379020037,110753.945186863,47884.6916010499
"Saratoga County (Outer) PUMA, New York",Capital Region,17.3949345950459%,0%,36.8949232585596%,94.4057890342333%,97.7099236641221%,90.6139315230224%,11.6185897435897%,6.76156583629893%,16.7650531286895%,,,,,60722.1108490566,81564.1741071429,35574.2019543974
"Saratoga County (South & Central) PUMA, New York",Capital Region,11.326194398682%,23.584229390681%,9.16990201515992%,82.4078122722635%,79.8401420959147%,82.7045850261172%,47.0172925406733%,29.0322580645161%,41.222288795686%,,,,,36217.5733993633,61563.9599555061,33254.7742690059
"Schenectady County--Schenectady City PUMA, New York",Capital Region,2.2706065318818%,12.0065789473684%,0%,82.1123321123321%,80.9345794392523%,81.7540766857647%,30.9886759581882%,32.8732747804266%,14.1690340909091%,,,,,36553.3828996283,63228.6374133949,29841.832884097
"St. Lawrence County PUMA, New York",North Country,8.95179453706951%,4.45252595578582%,10.355238070548%,82.6119705196948%,88.4943424225561%,80.456597430664%,29.1052669135853%,9.41572151270639%,31.2888002739148%,,,,,55292.070966752,78274.6788646601,42714.288388848
"Steuben (North & West), Schuyler & Chemung (North) Counties PUMA; New York",Southern Tier,1.50136487716106%,0%,1.83946488294314%,75.2599653379549%,78.5992217898833%,74.3032329988852%,45.1457684687235%,6.2043795620438%,52.2948073701843%,,,,,52687.4035693725,111816.831683168,34766.7066766692
"Suffolk County (Central)--Brookhaven Town (Central) PUMA, New York",Long Island,7.07561970505177%,1.24567474048443%,9.44383860414395%,88.7601037059631%,89.2526250772082%,87.9625598606878%,29.8058152676462%,3.95337050177395%,28.1200381073357%,,,,,53349.6855670103,92665.7439446367,41942.0217767879
"Suffolk County (Central)--Brookhaven Town (West Central) PUMA, New York",Long Island,3.78360063248249%,2.20700152207002%,4.92707221629313%,90.8708025042686%,97.79299847793%,86.6018368449487%,5.70579799221471%,0%,8.82973543255965%,,,,,53911.1436803207,50477.8210116732,53569.6943231441
"Suffolk County (Central)--Islip Town (East) PUMA, New York",Long Island,4.13223140495868%,7.30864197530864%,2.19702338766832%,86.4620228256592%,80.5925925925926%,93.1254429482637%,13.4342301943199%,9.32001902044698%,10.7438016528926%,,,,,61669.6859353664,71045.9558823529,57472.4505327245
"Suffolk County (Central)--Islip Town (Northwest) PUMA, New York",Long Island,4.79297365119197%,0%,9.02646502835539%,92.6370757180157%,90.0780379041249%,96.4675324675325%,4.3369663941871%,0%,7.64305722288916%,,,,,56195.6200676437,62107.6485148515,49281.6908992999
"Suffolk County (East) PUMA, New York",Long Island,5.22648083623693%,0%,7.6530612244898%,88.253178551686%,65.6526005888126%,97.0308788598575%,21.7102694260055%,21.0759493670886%,17.4846625766871%,,,,,54570.9677419355,74270.7025411061,49866.1770705834
"Suffolk County (North Central)--Brookhaven Town (North) PUMA, New York",Long Island,5.37383177570093%,0%,10.4723961297666%,95.0642523364486%,100%,90.3813318155948%,0.324675324675325%,0%,0%,,,,,101212.431643625,143610.356928614,56705.2896725441
"Suffolk County (Northwest)--Huntington Town (North) PUMA, New York",Long Island,0.725952813067151%,0%,1.56109276493546%,86.710729855154%,100%,71.1802378774016%,18.3239932229897%,2.58350730688935%,32.1007502679528%,,,,,81568.6831008758,102892.828364222,49752.3564695801
"Suffolk County (Northwest)--Huntington Town (South) PUMA, New York",Long Island,13.680855907125%,0%,14.923706736137%,86.6936503921073%,100%,81.0380057212914%,13.4520996182512%,0%,14.5151869158879%,,,,,92193.5803910126,116277.441659464,81698.6384266263
"Suffolk County (Northwest)--Smithtown Town PUMA, New York",Long Island,13.6363636363636%,0%,32.3442136498516%,74.1962077493817%,100%,29.6629213483146%,25.7117698855298%,0%,35.4630715123095%,,,,,111113.888888889,143795.366795367,31238.6363636364
"Suffolk County (South Central)--Brookhaven Town (South) PUMA, New York",Long Island,0%,0%,0%,90.7910812461821%,97.061873487729%,85.6668511344771%,11.2799685575789%,0%,11.6893960478709%,,,,,58919.2867956266,86453.6324786325,34715.4134366925
"Suffolk County (Southwest)--Babylon Town (Southeast) PUMA, New York",Long Island,2.78969957081545%,7.90190735694823%,0.785038097437081%,85.2769679300292%,92.0072661217075%,82.6829831447703%,4.24377004687886%,0%,2.50653879686138%,,,,,59510.8018648019,70225.2566633761,63154.6048589779
"Suffolk County (Southwest)--Islip Town (South) PUMA, New York",Long Island,15.2499500765493%,9.42501481920569%,16.0366132723112%,85.3845636229056%,83.1061055127445%,85.6917216389483%,17.7196134608848%,3.69815092453773%,17.1157214064394%,,,,,46904.2816612814,58810.2710413695,43710.9216090209
"Suffolk County (West Central)--Babylon Town (Northwest) PUMA, New York",Long Island,0%,0%,0%,84.8466505246167%,88.3655204898728%,81.2430219575735%,2.35231694375663%,0%,3.98084405866507%,,,,,68387.4587395957,71662.0469083156,67241.9899221255
"Sullivan & Ulster (West) Counties PUMA, New York",Mid-Hudson,25.6922706477245%,19.290780141844%,21.0833603632825%,73.8320209973753%,80.709219858156%,80.1484230055659%,58.930584635207%,29.4436906377205%,51.318359375%,,,,,38457.7461784572,55648.1546572935,34802.7037037037
"Tompkins County PUMA, New York",Southern Tier,17.027027027027%,30.2197802197802%,4.3956043956044%,89.3243243243243%,84.6153846153846%,93.6813186813187%,16.9085631349782%,0%,23.3333333333333%,,,,,62935.7337367625,93741.9480519481,36885.6304985337
"Ulster County (East) PUMA, New York",Mid-Hudson,18.2426778242678%,5.01222493887531%,20.5763169743359%,69.2231404958678%,100%,65.1095860084127%,26.2620764729895%,0%,31.8422046055115%,,,,,57017.5453677173,128747.775061125,42827.9156749405
"Warren & Washington Counties PUMA, New York",Capital Region,26.2042948345908%,2.93757649938801%,34.2556508183944%,84.9757673667205%,91.3096695226438%,82.5411334552102%,36.3560033585223%,2.73037542662116%,41.525651356433%,,,,,43987.2775665399,68489.1420911528,35483.4994462901
"Wayne & Seneca Counties PUMA, New York",Finger Lakes,11.0401802478408%,0%,12.7384196185286%,69.5748613678373%,67.3765730880929%,71.5854495538778%,28.5883748517201%,0%,39.0516782099094%,,,,,49268.9160467588,61835.9195402299,44634.0364333653
"Westchester County (Central)--White Plains City PUMA, New York",Mid-Hudson,0%,0%,0%,85.2749956070989%,74.5597602098164%,94.5491943777854%,17.8918999850277%,14.6191247974068%,19.6898771211235%,,,,,89312.7962085308,149558.894472362,46768.6004350979
"Westchester County (Northeast) PUMA, New York",Mid-Hudson,1.56846558662677%,0%,2.91020486310549%,90.8023279983371%,92.3235563703025%,90.0216919739696%,9.53305675699532%,0%,15.7659098177167%,,,,,71355.0177406433,93168.5405807893,53575.6276013144
"Westchester County (Northwest) PUMA, New York",Mid-Hudson,10.9719934102142%,0%,19.1489361702128%,88.1243797552101%,71.0476190476191%,96.4945825366475%,6.23236727365991%,0%,9.17734601074824%,,,,,68478.0405405405,91970.3753351206,68881.0435931308
"Westchester County (South Central)--New Rochelle & Mount Vernon Cities PUMA, New York",Mid-Hudson,9.26603639320931%,7.24454856730943%,10.5949676007742%,84.6440551621319%,90.917516218721%,80.731108484132%,25.2710225607969%,11.430667644901%,26.2875274591164%,,,,,50558.7318361955,61676.2283384302,48509.1079071863
"Westchester County (Southeast) PUMA, New York",Mid-Hudson,8.47207586933614%,6.0093896713615%,12.1724429416737%,84.0367373715285%,83.3802816901408%,89.1364902506964%,6.45891364902507%,0.414479137883393%,11.0707803992741%,,,,,109655.567525371,134092.631381381,61479.4541666667
"Westchester County (Southwest)--Yonkers City PUMA, New York",Mid-Hudson,3.47265382224984%,2.1440711204079%,5.41834194907142%,86.2234248163896%,86.9797086368367%,85.1153039832285%,13.0917013269954%,8.4844338008895%,15.7045416735984%,,,,,76861.3646552497,91787.6476745925,54512.0465741155
,,11.3929313929314%,4.87804878048781%,6.84559198233396%,79.8773633111906%,96.6186252771619%,84.0200166805671%,38.1050270977387%,46.0930640913082%,27.9156600043927%,,,,,70063.6860286592,59131.9563970166,80756.8334325988
