,,Unemployment,,Poverty,,Working Poor,,FT Work Access,,Rent Burden,,Homeownership,,Income,
,,BABS,HS,BABS,HS,BABS,BABS,BABS,HS,BABS,HS,BABS,HS,BABS,HS
Total GEOG-101,Overall,1.37675496187121,0.874025288050817,2.01438375213744,1.25904706582659,0.0717377028177633,0.205973581658662,1.01495733360891,0.998706359447909,1.6957216632692,1.10591710226252,0.750515683017471,0.63865237845793,0.868223359778353,0.830095448667963
"Albany County (East Central)--Albany City PUMA, New York",Capital Region,0,0,5.30824422217828,1.99834253413983,0,0.335406508893081,0.492912200902603,1.1549375070375,2.70241371936287,2.23285257080701,0.854869159441711,1.30953870626059,0.753435365066649,2.19948711740169
"Albany County (Outside Albany City) PUMA, New York",Capital Region,6.59964651656273,6.07700364586408,0.376006846556585,1.31326508802972,0,0.244803187352739,1.02318983968271,0.651321971764583,0,0.996841981322079,0.584798379907232,0.74085852387473,0.956803670250416,0.890958110220508
"Broome (Outer West) & Tioga Counties PUMA, New York",Southern Tier,0,0,0,2.30627551405449,0,0.636771334580259,1.14480045890355,0.609212910098631,#DIV/0!,7.70935960591133,1.13085823081429,0.90430906846881,1.05588693140949,1.92042047914745
"Broome County (West Central)--Greater Binghamton City & Greater Johnson City Village PUMA, New York",Southern Tier,6.3135578351444,3.36398616192538,2.2691116178685,2.09174892239556,0.207000115302761,0.730515347602349,1.0342762948189,1.11791339857204,2.98872698645612,1.1545321881211,0.450989732827238,1.11576741077825,1.26462701529967,0.469850863331757
"Cattaraugus & Allegany Counties PUMA, New York",Western NY,0,3.95679087267872,0,0.465313035823797,0,1.22806749637322,1.19074899214937,0.188933460980495,#DIV/0!,#DIV/0!,1.21427902183079,1.33559300354939,4.77362265435364,0.163447516746986
"Cayuga & Onondaga (South) Counties PUMA, New York",Central NY,0,0,0,0,0,0,1.17198013457225,0.280101150890749,#DIV/0!,#DIV/0!,1.16269675442262,1.06344623657417,1.33615738239866,1.31021531204961
"Chautauqua County PUMA, New York",Western NY,0,0,3.15175528040787,0,0.366728455925853,0,1.14602642476829,1.24139248862176,#DIV/0!,#DIV/0!,1.19842254519674,1.33414253511358,0.28117377151729,0.743028907981326
"Chemung (South) & Steuben (East) Counties--Greater Elmira & Greater Corning Cities PUMA, New York",Southern Tier,0,0,0.31700283506828,1.66060509663663,0.0401985434786921,0,1.01427070727417,0.646130438491135,0,#DIV/0!,0.946667480968349,1.66042631123773,2.43079962195943,0.86424198218509
"Chenango, Delaware & Broome (East) Counties PUMA; New York",Southern Tier,0,0,0.188601869954694,2.80341575436242,0,1.18832880651861,1.17111229661243,0.566846499661177,0,0,0.127208458565574,1.05906849100906,1.15712359581013,0.284297536324933
"Clinton, Franklin, Essex & Hamilton Counties PUMA; New York",North Country,0,0,2.38561882145027,0.883804478623494,0.415083974827062,0,0.700246231496332,1.04434539548236,#DIV/0!,0,1.19678365750299,0.635235457182858,0.733974708960733,0.693802321101912
"Columbia & Greene Counties PUMA, New York",Capital Region,0,0,0,0.880765599360697,0,0.173243707815236,0.948786150274442,0.662993183616876,#DIV/0!,0.763423017660306,1.2033152033152,1.0256688286241,2.90844129214593,0.393080950240032
"Dutchess County (North & East) PUMA, New York",Mid-Hudson,0,2.02200714512279,2.17420818064772,2.76730051639735,0,0.144315348793452,0.811706416931706,1.07463141113792,0,0,1.04488480516037,0.806281098833414,0.804184473071865,0.886800472783269
"Dutchess County (Southwest) PUMA, New York",Mid-Hudson,1.44944352759858,0.145883543927595,1.52552402675881,2.3908763364889,0,0.187676778422833,0.990534094530135,0.780565334092467,0,1.39875306089013,0.968142646016532,0.628291604985695,1.30054663439137,0.693109612559514
"Erie County (Central) PUMA, New York",Western NY,11.0244400736873,0,5.18821615946354,2.69530401614389,0.108524820493551,0.365151409219447,0.934346068067584,1.05457696431764,7.87556221889055,0.73132466569726,0.912403790520605,0.833336339205351,0.839710690692607,0.715084155592069
"Erie County (North Central) PUMA, New York",Western NY,1.1888408928717,0,6.9773166451334,6.17819794787318,0.040577548168271,0.59328732738665,1.09649815949044,0.963080879138717,1.05393514746619,1.69954456489009,0.368234733547694,0.266117647372488,1.24852955138319,0.423077360588558
"Erie County (Northeast) PUMA, New York",Western NY,0,0,3.64921972103301,0,0,0,1.03250565583308,0.478045878236598,#DIV/0!,#DIV/0!,1.07785840360855,1.21619494042294,1.85223601558348,0.656202985456835
"Erie County (Northwest) PUMA, New York",Western NY,22.0112274936674,0,2.85334074207238,4.02768112146269,0,0.833660829921159,0.884342184525112,1.30845436183514,15.5518789593456,0,0.34532911115901,0.387227054137484,0.827605523055594,0.593619771220119
"Erie County (South) PUMA, New York",Western NY,0,0,0,2.82163528085341,0,0.655346611677669,0.919162082343214,1.20102297405418,#DIV/0!,0,0.383923112913561,0.751164233334374,0.490093745868802,0.750318798727159
"Erie County (West Central)--Buffalo City (East) PUMA, New York",Western NY,0,4.95126369194158,8.4577665843654,1.73114065642619,0,0.508522090751126,0.499880970093736,1.17839016309465,0,0,0.354499878243815,1.37122720072097,0.882283666921162,0.399961351020095
"Erie County (West Central)--Buffalo City (West) PUMA, New York",Western NY,4.33267792058316,0.551489872657756,3.52380844213791,1.61545744546424,0.13533300736745,0.757130096195222,0.796560816287765,0.957845134225719,2.15539349589421,0.148498886526266,0.18840991584332,0.315900777417635,0.593979056455568,1.00677417817756
"Fulton & Montgomery Counties PUMA, New York",Mohawk Valley,0,0,0,0,0,0,0.968823833481733,0.982752724918877,0,0,0.682421631465758,0.601459012374822,0.729723506323594,0.778978645936869
"Genesee & Orleans Counties PUMA, New York",Finger Lakes,0,0,11.751470162923,1.38795930035822,0.415077085744495,0.17924137729963,1.21558289396602,1.00612263056708,#DIV/0!,#DIV/0!,1.07887465460939,1.29622911361496,0.483255339690305,0.561347443175182
"Herkimer (North & Central) & Oneida (Outer) Counties PUMA, New York",Mohawk Valley,0,0,0,1.96479258988118,0,0.245827366557225,1.16428978893326,1.20865121890636,0,3.40948587979725,0.0610278919339542,1.23731325683289,1.26849485431723,0.499329278586649
"Jefferson & Lewis Counties PUMA, New York",North Country,0,6.79925366925105,3.60266620738532,0.566127016067563,0,0.352889690302315,0.807391608630992,0.333900505044238,0,3.12958381439331,0.878508211844231,0.476166571591557,1.4973897373948,0.535837243405337
"Livingston & Wyoming Counties PUMA, New York",Finger Lakes,0,0,0,0,0,0,1.15244487056568,0.537652330405247,#DIV/0!,0,1.12014388489209,0.638668744059931,1.26504118913872,0.850024878051049
"Madison & Cortland Counties PUMA, New York",Central NY,0,0,0,0.6578073089701,0,0.283220201640605,1.08882308259668,1.2200254839903,0,0,0.489589613114397,0.17956869287793,3.03034274723759,0.257245076984318
"Monroe County (Central)--Greece & Gates Towns PUMA, New York",Finger Lakes,#DIV/0!,6.65386852821408,3.30832391769743,1.27612345839514,0,0,0.55670074907726,1.00820860926683,#DIV/0!,#DIV/0!,1.00822846270448,1.30441528217726,0.853036411464737,0.823796741643202
"Monroe County (Central)--Rochester City (East) PUMA, New York",Finger Lakes,24.3475613292351,0,1.36811529229361,0.749263981454651,0.109928811638592,0.281393183154522,0.894251560465048,0.790132613224801,3.22060280445054,0.795281010370177,1.50119106151878,0.932113745255429,0.812533336876612,0.736116901068521
"Monroe County (Central)--Rochester City (West) PUMA, New York",Finger Lakes,0,0,1.00156467194278,1.64201081384566,0,0.893723644100674,0.704997536450746,1.19976620398702,62.6578947368421,0.48371907789656,1.21711866231848,0.716920395522465,1.02710427473857,0.595067257297701
"Monroe County (East) PUMA, New York",Finger Lakes,13.6621315581786,0.845388959017461,2.43023249874863,0,0,0,1.16003413234039,1.16379262782684,0,0,0.541691007465965,1.14264595705213,1.24315228944872,0.744190206952682
"Monroe County (North & West) PUMA, New York",Finger Lakes,0,0,0,0,0,0,1.15680990531682,1.27560373699982,0,#DIV/0!,0.809706930249107,1.3419740777667,1.40488536398838,1.56213115169322
"Monroe County (South) PUMA, New York",Finger Lakes,6.21975992613112,1.3461013497411,2.0371838657023,1.4298322833249,0,0.265388956931962,0.99957737567874,1.20266051961773,1.77997045131805,0,0.707785229822233,1.2546523560775,0.998703465735822,0.617419171477013
"Nassau County (Central)--Hempstead Town (East Central) PUMA, New York",Long Island,0,1.25944938450632,2.09895579612088,0.431021452726093,0,0,1.14184472201072,0.971571071963602,#DIV/0!,#DIV/0!,1.06445687567838,1.14029071552871,1.11233958754197,0.759874153408502
"Nassau County (Central)--Hempstead Town (North Central)--Meadowbrook Corridor PUMA, New York",Long Island,0,1.0199365146038,2.06287894243341,1.40443740288851,0.157533315897342,0.353450601643055,1.07631058260677,0.986180955295462,0.379054695699982,1.85206251046272,0.788789166763032,0.916564257182438,0.875118530650949,0.653003291304524
"Nassau County (Central)--Hempstead Town (Northeast) PUMA, New York",Long Island,1.19455117927138,1.39188682715964,0,0.346089844341766,0,0.0499612063279928,1.00420925114293,1.12486994139312,#DIV/0!,0.700855513307985,1.12139055599592,0.744978448552789,0.931928798592747,0.859710594753848
"Nassau County (East Central)--Oyster Bay Town (Central) PUMA, New York",Long Island,0.448256792998067,0,0.900059257984103,0.940202802657414,0,0,1.08553112658773,0.950125824771162,0.745210349595102,0,0.933101354701896,0.959104005176533,0.690870113751757,1.3603471391818
"Nassau County (Northeast)--Oyster Bay Town (North) & Glen Cove City PUMA, New York",Long Island,0.841742228071121,0,1.43132044449432,1.37436333358881,0.0310571010647808,0.190398175237039,1.11247253357839,1.28224605656515,1.62101482383998,1.72349389979291,0.855792524545416,0.841281943365481,0.703525456967608,0.676602158084886
"Nassau County (Northwest)--North Hempstead Town (North) PUMA, New York",Long Island,0.517105179164184,1.45915460116441,1.75808771611016,0.95911426317697,0.0261369154113187,0.0788022182809447,1.15160344284198,1.06390496424803,#DIV/0!,0.523930342521047,0.857347501468513,0.707407143653501,0.611747663849836,0.923201964538379
"Nassau County (South Central)--Hempstead Town (Southeast) PUMA, New York",Long Island,9.26225800486479,0.281325389187284,0,1.42095320664197,0,0.154030913838923,0.954085048366554,1.10632747564901,0,1.30994292990155,0.920160969522595,0.897295789561846,0.758202510801292,0.595544059886959
"Nassau County (Southeast)--Oyster Bay Town (South) PUMA, New York",Long Island,7.60159547433319,0,2.7040084760217,0,0,0,1.00750918536894,1.02099138642427,#DIV/0!,#DIV/0!,1.07011434958301,1.15810438996345,0.753202099931487,0.619880017956496
"Nassau County (Southwest)--Hempstead Town (Southwest) & Long Beach City PUMA, New York",Long Island,0,0.668727515266292,0,4.57844215375391,0,0.164003643991082,1.1210042579708,0.738086753415378,0,2.15606642171835,0.632192889707193,1.15953701630413,0.820792341182979,1.1116339454065
"Nassau County (West Central)--Hempstead Town (Northwest) PUMA, New York",Long Island,0.933510491015584,0.340320685963963,4.87018036726379,0.397868378901119,0,0.0288122343796383,1.06186183089969,0.951393730856601,0,0,0.8923950380386,1.07909218484769,1.25074107469514,0.669449335693061
"Nassau County (West Central)--Hempstead Town (West Central) PUMA, New York",Long Island,0,1.6652851922672,0,1.81485727632557,0,0.0805442176870748,1.09724410776812,1.12121113814544,0,4.06489584932699,1.10494080403922,1.11306347438643,0.571898764861164,0.814206547423833
"Nassau County (West Central)--North Hempstead Town (South) PUMA, New York",Long Island,0.378621816587621,0,0.577310283032137,0.0990194619456284,0.0161078119906895,0,1.08456772727226,1.23642014434238,1.0900039824771,0,0.91991114122634,1.17827767049462,0.871454413533311,0.850959509987924
"Niagara County (North & East) PUMA, New York",Western NY,#DIV/0!,5.92442810457516,#DIV/0!,0,#DIV/0!,#DIV/0!,#DIV/0!,0,#DIV/0!,5.41413150147203,#DIV/0!,0.474753374870197,#VALUE!,#VALUE!
"Niagara County (Southwest)--Greater Niagara Falls & North Tonawanda Area PUMA, New York",Western NY,0,3.54171935615235,1.25127885215221,2.42206178919655,0,0.777751048118895,1.15907958960056,1.06050781981866,#DIV/0!,0,1.10760085753264,1.24488298110094,0.231427280103244,0.330216378374928
"NYC-Bronx Community District 1 & 2--Hunts Point, Longwood & Melrose PUMA; New York",New York,1.36641716272765,0.279949754511726,0.521930904658948,0.734299142658696,0,0.449438344704653,1.03511253836039,1.24306544969066,0.283149023837449,0.574372438055139,0.222988353601584,1.54667816716183,0.85060461627167,0.835858378912807
"NYC-Bronx Community District 10--Co-op City, Pelham Bay & Schuylerville PUMA; New York",New York,0.341321492388924,0.105358968050038,0.128209066411603,0.811953698276872,0.0136006226987998,0,0.917340296802638,0.782916070693199,0,3.34817702674188,1.06877945000394,1.18428524117189,0.863385353050109,1.13684916672639
"NYC-Bronx Community District 11--Pelham Parkway, Morris Park & Laconia PUMA; New York",New York,10.5631264557682,0.397264535396165,0.655473407721127,0.984836187649787,0,0.183365932326864,1.12679649309571,0.987033732270212,0.659793342970892,1.31707847402753,1.02617363626996,0.930525234147059,1.00100800542178,0.862575108615235
"NYC-Bronx Community District 12--Wakefield, Williamsbridge & Woodlawn PUMA; New York",New York,1.18138631002769,0.193372706948157,4.83509987249748,1.10915638767409,0.243921769463179,0.204227671098663,0.989201897754078,0.864719142282632,6.18798621219089,1.15427180599934,0.935475895201968,1.00376336056322,0.898078977879828,1.12034746127367
"NYC-Bronx Community District 3 & 6--Belmont, Crotona Park East & East Tremont PUMA; New York",New York,0.231463451254865,0.453231098746544,1.05667967358343,0.775310140883719,0.140826845556202,0.354978004196106,1.07551043429216,1.33005842412698,1.19154257794323,0.630132173942959,0.682404994489769,0.713147259885939,0.73059906101967,0.823591384334114
"NYC-Bronx Community District 4--Concourse, Highbridge & Mount Eden PUMA; New York",New York,0.862458224353386,1.1035284149196,2.06608784707685,0.853901997873752,0.337484678267404,0.346614506405213,1.36762978504114,1.15773676000971,3.32683307332293,0.89580593085269,0.0567923098409842,0.190770166602113,0.867465917417166,0.802876303370622
"NYC-Bronx Community District 5--Morris Heights, Fordham South & Mount Hope PUMA; New York",New York,0,0.722978181007467,1.37753691300166,0.728935866834015,0.167049803039591,0.361699546934,1.05892663679785,1.19996589725214,0.560685893810489,0.619022552295661,0,1.65674517000505,0.681046857134189,1.09032240468828
"NYC-Bronx Community District 7--Bedford Park, Fordham North & Norwood PUMA; New York",New York,2.52880872427158,1.47751066389588,0.85452861570143,1.64934892741859,0.0575371357538936,0.279752557940229,0.929086154973192,0.896243923177972,0.782567451740996,1.00268452589881,0.905865067476999,0.422015875868046,0.890645135309278,0.950660280766622
"NYC-Bronx Community District 8--Riverdale, Fieldston & Kingsbridge PUMA; New York",New York,0,0.0916569983904433,1.02670512022411,0.676869747155994,0,0.0892228100185472,1.05989659416892,0.932695751774409,0,0.644535600323376,0.895171520214978,0.877233041627044,0.620181213740956,0.853083007142569
"NYC-Bronx Community District 9--Castle Hill, Clason Point & Parkchester PUMA; New York",New York,0,0.57556933258263,3.04131432980535,0.927021654975666,0.213093334750493,0.295162845265377,0.906369725364751,0.861406774346303,4.38740154967004,1.23102439544871,1.28139160572349,0.758757978841358,0.682975774367818,0.877098754175025
"NYC-Brooklyn Community District 1--Greenpoint & Williamsburg PUMA, New York",New York,5.00170747286882,0.690442357164961,3.70758598369868,0.999834549400453,0.0193558393297142,0.384340334187264,0.760875006758159,0.937901080814558,1.62457644033402,0.445949142217565,1.84683572787343,1.04937927018286,1.09656122501711,1.29147801842421
"NYC-Brooklyn Community District 10--Bay Ridge & Dyker Heights PUMA, New York",New York,1.41048196766077,0.717594259613661,2.16215330125359,2.28456405078654,0.113459745022571,0.479965894976068,1.05012728648478,0.76053151500207,2.28319677077863,1.37713245155449,0.933729450942274,0.602132562763159,0.769161016490771,0.495404465871989
"NYC-Brooklyn Community District 11--Bensonhurst & Bath Beach PUMA, New York",New York,0.288559833622626,0.589328889117864,1.11014815307039,1.7130192693338,0.146315635217391,0.200036994075261,1.09573773361209,1.05703986810344,0.941823725750656,1.6773387049978,0.831700362635484,1.14825845439797,1.00296510713068,0.739289636837214
"NYC-Brooklyn Community District 12--Borough Park, Kensington & Ocean Parkway PUMA; New York",New York,0.288853271293599,0.635111932659296,3.19333939874443,1.18418424119931,0.351080662589535,0.562089840083849,1.13243884101965,0.766331991705188,1.65454148315702,1.10925720734709,0.906255283394279,0.657351497300766,0.815621559725919,0.613096674134069
"NYC-Brooklyn Community District 13--Brighton Beach & Coney Island PUMA, New York",New York,#DIV/0!,0.416041695658551,0.476778337390846,0.689551159156831,0.0843607884371115,0.204280567760797,1.12357419283999,1.21365969335716,1.82880166771272,2.60151183317442,1.08673511145438,1.27506431900932,1.40521721093082,1.29090755964639
"NYC-Brooklyn Community District 14--Flatbush & Midwood PUMA, New York",New York,1.25572290169131,0.523839665598491,1.84943330311569,1.3508776904955,0.104921481319248,0.279040093359277,0.937099237534403,0.97463897451344,1.78560565851459,1.25397041857743,0.594988144947872,0.46375598965925,0.803237913964763,0.842743568075312
"NYC-Brooklyn Community District 15--Sheepshead Bay, Gerritsen Beach & Homecrest PUMA; New York",New York,2.89776669726893,1.54342771449012,1.16653211009174,1.61613785402833,0.0386275059878252,0.203968071027514,1.09910612171352,1.05307728560244,0.738309024113825,0.951691055307362,0.840769576055626,0.694642710893341,0.939055562398456,0.727803040123639
"NYC-Brooklyn Community District 16--Brownsville & Ocean Hill PUMA, New York",New York,0,0.285119202462632,0.294455872966586,0.441887346203844,0,0.08932186850288,1.01200889723944,0.857643439051868,4.08026070886265,0.375275617496183,2.33137064637996,0.541424949974368,1.18007994819,1.18372644966345
"NYC-Brooklyn Community District 17--East Flatbush, Farragut & Rugby PUMA; New York",New York,0.518033195142317,0.480774266188369,0.515331086583727,0.963912346101665,0.0883035955792304,0.15660363537321,0.999795341707243,0.882711506836329,1.29641888284833,0.499416274037458,0.721948758837839,0.189456999919978,0.850087574509275,0.773282446512132
"NYC-Brooklyn Community District 18--Canarsie & Flatlands PUMA, New York",New York,0.4561708884919,0.865502229893885,2.22044647911889,1.4414231987006,0.10330707197823,0.121708224157239,1.05080656340656,0.865940846951356,0.417270745324501,1.05113236313236,1.01792235137908,1.02624249440297,0.978185850266473,0.941681855333493
"NYC-Brooklyn Community District 2--Brooklyn Heights & Fort Greene PUMA, New York",New York,0.912306964406215,0.749298539019927,2.28641710669772,0.892914884936764,0.0135118820870949,0.265314130740046,0.916774738029221,1.11540018709912,1.80656113765108,2.45900870608335,1.17183034140717,0.535220745267494,1.24992698725058,0.503859209924604
"NYC-Brooklyn Community District 3--Bedford-Stuyvesant PUMA, New York",New York,0.526596776179002,1.13828171478565,2.05750612844411,1.52938644157755,0.220576031893039,0.63891893378309,0.938681305230444,0.890503590845085,4.08788000263864,1.88528663333681,0.625036817148393,0.439961136017743,1.10243241791424,0.956524642714038
"NYC-Brooklyn Community District 4--Bushwick PUMA, New York",New York,0.387078732726823,0.404979152000866,1.51994516425219,1.69363676336029,0.101271043320648,0.265559758223626,0.579725823566001,0.913409405209108,2.02003407818509,1.38012553573283,0.579495404355068,0.62136669643787,0.716733958514618,1.12085262514196
"NYC-Brooklyn Community District 5--East New York & Starrett City PUMA, New York",New York,0.246159170405527,0,1.68026426249053,1.16774827241043,0.0362678089690101,0.43673561841675,0.977840333537248,1.08571777097364,0.707700583976615,1.49185347858456,0.985655834448029,0.962323506646162,1.08979191114725,0.831550884388618
"NYC-Brooklyn Community District 6--Park Slope, Carroll Gardens & Red Hook PUMA; New York",New York,1.52114972947195,0,1.1593499308867,0.653749395662104,0,0.162541135384586,1.07178836989001,1.09241365656772,0.608335567098454,1.16554784730174,0.898709302576426,0.477519105480384,0.893692416725726,0.660701558987913
"NYC-Brooklyn Community District 7--Sunset Park & Windsor Terrace PUMA, New York",New York,2.33541513736284,0.97200733218096,0.887080126010136,1.25241808000429,0.0101744529416433,0.30388481611345,1.0049210180038,1.04000377101481,0.690424713628689,1.03904881799916,0.943834331347458,0.564134740359101,1.06404921368063,0.731375715120792
"NYC-Brooklyn Community District 8--Crown Heights North & Prospect Heights PUMA, New York",New York,2.11466577984702,0.967421055968888,3.65411320906964,1.35398668281509,0.170680446269298,0.32769663338769,1.04165644920995,0.911443240560589,0.870390325670498,1.49753467570055,0.82751516557982,0.774958162111959,1.27232052671862,0.852512684581681
"NYC-Brooklyn Community District 9--Crown Heights South, Prospect Lefferts & Wingate PUMA; New York",New York,3.33631256384065,1.73701198591264,1.53687760450946,1.24747141195315,0.0400777127628543,0.215792866707675,1.0961680646263,1.01588927008352,2.29985006557675,1.34649737595724,2.39887867870975,0.53345052976838,1.17648317061619,1.01133131069876
"NYC-Manhattan Community District 1 & 2--Battery Park City, Greenwich Village & Soho PUMA; New York",New York,1.71582861329881,0,2.88199393159418,0.600894730198536,0.0356433763461816,0,1.05600673384084,0.724231247426489,3.0102544588712,0.989471311897075,0.669319569020088,1.82579959069628,0.847389226912577,0.807826729017967
"NYC-Manhattan Community District 10--Central Harlem PUMA, New York",New York,0.691030080500709,0,1.40451606364992,1.13682401568913,0.0542699537197139,0.392647601967345,0.88169330842886,0.82630578621169,1.52127793099403,1.14964842763925,1.37776845100252,2.3322034643506,0.708391179793652,0.881573629523468
"NYC-Manhattan Community District 11--East Harlem PUMA, New York",New York,0.199664985676066,0.417878825793459,0.976683540476195,0.424358508055428,0.0689572411277514,0.0946787835179331,0.915996248308369,1.25215297668831,1.45247126544232,0.373685925866548,0.926748753432143,1.33688551831358,1.2827789946294,1.19961368345923
"NYC-Manhattan Community District 12--Washington Heights, Inwood & Marble Hill PUMA; New York",New York,2.31339324506643,0.638902393606313,1.19071038359811,1.19479451288615,0.15943397527609,0.328925058915947,0.974980992698573,1.06065560666277,1.86649873968155,0.983763519384235,0.414724531285846,0,0.561432589639258,0.739773760110624
"NYC-Manhattan Community District 3--Chinatown & Lower East Side PUMA, New York",New York,0,0.491687206711855,0.532702213195419,0.32809680316158,0.0428650951188399,0,0.945157925870577,0.900252827017063,0.743293599952742,0.755939409027365,1.83817837743123,2.16409407411014,1.5134207739376,1.11493160996943
"NYC-Manhattan Community District 4 & 5--Chelsea, Clinton & Midtown Business District PUMA; New York",New York,3.2901623708942,0.672546798444168,4.15938173778432,0.862415335270699,0.0505987492107332,0.176365343477461,0.973321906633668,1.15853629883037,2.38890516288558,1.23694859642727,0.937219211878224,0.549755755247371,0.801767812563435,0.656133214759166
"NYC-Manhattan Community District 6--Murray Hill, Gramercy & Stuyvesant Town PUMA; New York",New York,1.78332137102292,6.22965692965693,2.17927311738852,1.96247024303826,0,0,0.999727373011835,0.882966733024989,0.577770986254314,0,0.997914838411384,0,1.02519614627411,0.794304724839403
"NYC-Manhattan Community District 7--Upper West Side & West Side PUMA, New York",New York,0.310854055976957,0,0.729760970777755,0.275110288116952,0.0268403927137361,0,1.02395563688511,1.13343806139952,0.993601586539217,1.91867678280611,0.460069064973191,0.375664650225616,1.01266489315974,0.690120411396768
"NYC-Manhattan Community District 8--Upper East Side PUMA, New York",New York,0,0,1.79260671001088,2.57056960994102,0.0776862788284787,0.369342714741374,0.960146875762385,0.669711093482226,1.70788351999246,0,0.680727060626647,0.795059919138592,0.878707037875991,0.413612044840351
"NYC-Manhattan Community District 9--Hamilton Heights, Manhattanville & West Harlem PUMA; New York",New York,2.72951946818613,0,1.703346139492,1.1858339601266,0.118380763506855,0.374958585054567,1.17812492914939,1.12995308915929,2.51919428071564,1.40932031336357,0.614215027713541,0.701213342064866,0.675299793727931,0.577126421556569
"NYC-Queens Community District 1--Astoria & Long Island City PUMA, New York",New York,2.44589586629067,0.249267360334327,2.32487753162243,1.11931990088584,0.152067761143436,0.169090339214865,1.04249278889305,0.989972404054411,2.39866759325392,2.40313794690809,1.24615578255939,1.02389354959937,0.913549525951656,0.876280210451296
"NYC-Queens Community District 10--Howard Beach & Ozone Park PUMA, New York",New York,1.34076828658189,1.07000143552534,2.78193941552403,2.74605858479187,0.0939794608472401,0.229376155802127,0.983048746854208,1.05720039814193,8.71114666318401,3.53232721225177,1.18422024121729,1.00710355727029,1.03927539252858,0.926462083342673
"NYC-Queens Community District 11--Bayside, Douglaston & Little Neck PUMA; New York",New York,0,0.8712487027749,2.37532941517976,0.88322698123664,0.0668873220446059,0.0574176144216857,1.03950572862447,1.08320680676665,#DIV/0!,0.660536621284857,0.953777372427075,0.993473800505051,0.80629047597482,0.896801379462902
"NYC-Queens Community District 12--Jamaica, Hollis & St. Albans PUMA; New York",New York,0.216291048185076,1.16785363664337,4.85426650625717,1.79847138179456,0.166422606988697,0.227504333021645,0.942894288040474,0.956317990164598,4.41753315201124,0.927247437678697,0.683596683360278,0.650426946010668,0.774319479057802,0.828718368466996
"NYC-Queens Community District 13--Queens Village, Cambria Heights & Rosedale PUMA; New York",New York,0.336488051274536,0.76359238727659,0.63010920638199,0.865930081553072,0.0172439768097538,0.108711891242455,1.05868761169496,1.01239294449946,0,1.46629736673089,1.11919077718965,0.974277581522112,0.830974244499687,0.773410938132776
"NYC-Queens Community District 14--Far Rockaway, Breezy Point & Broad Channel PUMA; New York",New York,2.14401194453945,0,0.414641953677792,1.36195122568856,0,0,1.14374690353174,0.531084873197638,1.2553101104503,0.586583848898491,1.32044898492075,0.800771540190018,0.597914909775956,0.635150518505783
"NYC-Queens Community District 2--Sunnyside & Woodside PUMA, New York",New York,1.46207600396676,1.76969561076892,1.2151417851763,2.40049760648703,0.0253115584599858,0.252272609829847,0.95561290307046,0.873506255216176,2.52122573427647,3.50169662464416,1.05721582249252,0.686225237661046,0.869220349040818,0.660292989172139
"NYC-Queens Community District 3--Jackson Heights & North Corona PUMA, New York",New York,2.31426809769148,1.64939969743463,2.02889908182712,1.53844107135781,0.166644192555501,0.229239286092278,1.13021693700261,0.897775316602077,1.90327408999956,1.46440093642345,1.03927671348617,1.08726740959056,0.97618271255287,0.948205510650426
"NYC-Queens Community District 4--Elmhurst & South Corona PUMA, New York",New York,2.76289458771764,1.16660775845373,4.17371283974105,0.790895935435193,0.184899586552277,0.30981177430865,0.906537885541792,1.08987377760078,12.5183699070673,0.469718649984251,0.616388522180985,0.407241193992038,0.852538454767681,0.856051114675519
"NYC-Queens Community District 5--Ridgewood, Glendale & Middle Village PUMA; New York",New York,2.61977834612106,0.634911345643782,0.926528880213335,1.76273112428982,0.0449677654745449,0.0827898787937378,0.99004833175006,0.958490761733027,0.762955962955963,1.08632316111678,1.20351089206894,0.721527535257956,0.785183083326259,0.995575661165242
"NYC-Queens Community District 6--Forest Hills & Rego Park PUMA, New York",New York,2.0207069767242,0.334898236039599,1.30170454545455,0.379401050737258,0.0178839721875868,0.100567738472635,1.01110825928229,0.951721541112995,1.30719509913812,0.751359711094002,1.02028974550063,1.67438458978648,1.02154711066533,0.598784959083962
"NYC-Queens Community District 7--Flushing, Murray Hill & Whitestone PUMA; New York",New York,0.647087726339689,0.579977820504859,1.60566252666672,1.75972020972256,0.078700104154741,0.185767365530153,1.03767046421541,1.00624251268175,2.74977859509242,1.18654397752876,0.953772952709854,0.752425300158253,0.918878295500674,0.740234028138628
"NYC-Queens Community District 8--Briarwood, Fresh Meadows & Hillcrest PUMA; New York",New York,1.76301255861953,0.723943904611143,7.32026490584025,0.673382945779365,0.126253113883126,0.0561347027582129,1.01860637305687,0.914648775354725,4.82538075541875,0.816924807723494,1.02196110955997,1.21561698161417,0.882526700482026,0.878253833162089
"NYC-Queens Community District 9--Richmond Hill & Woodhaven PUMA, New York",New York,13.461327489042,1.56318504766875,3.17284407279882,1.64138547064814,0.0778021868996714,0.215237142956754,0.911851421095631,1.03028202626348,4.96369169732626,1.10786912856341,0.906112829577257,1.03563631566163,0.751382715526147,0.730823559707795
"NYC-Staten Island Community District 1--Port Richmond, Stapleton & Mariner's Harbor PUMA; New York",New York,0.334016554341425,0.547616773330786,2.19688945222242,0.973302559790029,0.116489954540628,0.20012942372163,0.97907438402691,1.0744043837925,0,0.474261651014089,1.0102734868798,0.889671721292502,0.832641409272978,0.788904962070785
"NYC-Staten Island Community District 2--New Springville & South Beach PUMA, New York",New York,0.716490558539917,1.4307241517164,2.37676582546172,0.984438505981764,0.0798800531609987,0.225800192098499,1.02017251534152,1.18957720416495,2.06613022567518,0.557987225981253,0.866246541195073,0.895340906851419,0.786534250783913,0.726096989842572
"NYC-Staten Island Community District 3--Tottenville, Great Kills & Annadale PUMA; New York",New York,0.852093851791531,1.83432659119285,3.40539075496738,0.699462262903487,0.109674534417029,0.0280960663488643,1.04477081178618,1.0288969039891,#DIV/0!,0.704490966017082,1.00220033124292,0.798551801723242,0.910360021975804,0.958293849003772
"Oneida County (Central)--Greater Utica & Rome Cities PUMA, New York",Mohawk Valley,0,4.19123227578443,0.48354944982267,1.56613820435302,0.0817877763700019,0.202177003467148,0.745076980039838,0.837822031536195,0,0.733777274911827,0.898154046652708,1.14100901110553,0.655175830665629,0.707845235684879
"Onondaga County (Central)--Syracuse City (Outer) PUMA, New York",Central NY,5.28178341572615,0,7.82337776556273,0.717855246130238,0.163632085373262,0.145850138657503,0.793312483339584,1.2492381441534,5.62219101123596,0,0.644279651957577,1.0852807435827,0.572555619712781,1.06012061426233
"Onondaga County (Central)--Syracuse City PUMA, New York",Central NY,3.52416662119429,1.72669390143529,2.03700515446457,1.32564366722368,0,0.620843479994107,0.891283720488502,1.36722322033016,1.97778615965091,0.335458919701987,0.333732038680114,0.621700515033341,1.06171909508336,0.551301573878067
"Onondaga County (North) PUMA, New York",Central NY,0,0,0,0.64063979588024,0,0.206623381485678,1.12926710170018,0.63548009046404,#DIV/0!,0,1.14191539270404,1.03774247918053,0.945275709906693,0.822428634756343
"Ontario & Yates Counties PUMA, New York",Finger Lakes,0,0,0,0,0,0,1.20320059545962,1.06531049368973,0,0,0.994564681774071,0.866357230022395,4.36770720192155,0.312109497392042
"Orange County (Northeast)--Greater Newburgh City PUMA, New York",Mid-Hudson,0,0,0,0.269238024893779,0,0.0705706407479724,1.00249964994768,0.944610559978084,0,0.83224989127763,1.05321165020934,0.670878514513663,0.736091373348244,0.586936641789322
"Orange County (Northwest) PUMA, New York",Mid-Hudson,0,0,0,0.735745125640341,0,0.0418876006429354,1.14083651509892,1.16010248509963,0,0,0.932355347113252,1.06250776487006,0.680219485360027,0.75995188162582
"Orange County (Southeast) PUMA, New York",Mid-Hudson,0.672845546714579,0,0,0.274609071455043,0,0,1.09622589263531,1.20510823775593,1.35290846038082,0,0.863584463284604,1.05256982304095,1.48273342262423,0.868819682022119
"Oswego County PUMA, New York",Central NY,0,2.36620340780831,0,1.08941205809833,0,0.324131682271217,0.886908044856168,1.04645162322661,0,0,0.848512005139324,1.01813531658429,0.846551795331607,0.767237602786456
"Otsego, Schoharie, Oneida (South) & Herkimer (South) Counties PUMA; New York",Mohawk Valley,2.98638426626324,9.69424181019926,0.580481150793651,0.600018952647539,0,0.73465695860529,0.78467773247913,0.643990960936145,0,0,0.872477213541667,1.12768781101561,3.75574971356383,0.994802775713472
"Putnam County PUMA, New York",Mid-Hudson,1.95643609482064,1.938021245618,41.8144486131088,4.28368671621677,0.106721576352335,0.286529334462211,0.935958250191509,0.939126265336712,9.53344745083546,18.3299604995967,0.871989270873742,0.813231613525184,0.60461025932815,0.673418252299644
"Rensselaer County--Troy City PUMA, New York",Capital Region,4.9144336885688,0,5.20434816311384,0.65449494296493,0.42967573188872,0,0.747164192406006,1.28943441495743,1.83859738784781,#DIV/0!,0.298746184465464,1.46555375264707,0.659271871075492,1.32157853604863
"Rockland County (North)--New City & Congers PUMA, New York",Mid-Hudson,0,0,5.08896294063218,0.975792519598605,0,0.0479224441833138,0.835833102900489,1.12735247062368,2.49985416504628,0.904482920899991,0.820260095474998,1.01351580226113,0.887779993369717,0.670741846679051
"Rockland County (South)--Orangetown, Clarkstown (South) & Ramapo (Southeast) Towns PUMA; New York",Mid-Hudson,0,0,0,0.950210272621199,0,0,1.15155475306288,1.06989538159697,4.30986975833773,1.82102792626061,1.12224831349392,0.97394075196471,0.793496572871573,1.3741220755492
"Rockland County (West)--Spring Valley, Suffern Villages & Monsey PUMA; New York",Mid-Hudson,0,0.996583567337629,3.7262879474568,0.826854055393598,0.183398729356869,0.280546051288181,1.19887140634848,1.18095373447537,1.53706108706109,0.594610498658734,0.750646832887535,0.553555893160895,0.970273562789527,0.831622488706399
"Saratoga County (Outer) PUMA, New York",Capital Region,19.9894041386188,5.66900264187673,5.86207775797737,1.62595419847328,0.479611264008955,0.398816222388127,0.808986966320997,0.942874780723874,0,0,0.708710093100858,0.923241150847396,0.609488776176367,0.8535721267676
"Saratoga County (South & Central) PUMA, New York",Capital Region,4.60982380319149,0,0.540306511659323,0.326985663704421,0.0531441736980454,0.0983174418466581,0.953018199490538,0.529549436700788,0,1.72242126654841,0.875740558211646,1.17020661569369,1.03944543457016,0.574686910853757
"Schenectady County--Schenectady City PUMA, New York",Capital Region,0,1.80857900943396,2.41288394774568,0.933873036289853,0.0761105066009302,0.179806177010209,0.971752824542438,1.06973532733458,1.71852787058564,3.57022809123649,0.822370215440198,1.33751559837071,0.987632784316025,1.29276675770868
"St. Lawrence County PUMA, New York",North Country,0,0,0,1.00458193133431,0,0.054028568880054,1.21899224806202,0.873348975880512,0,2.59613228699552,0.614650251092446,0.641868223242016,1.89776080181091,0.918458751169596
"Steuben (North & West), Schuyler & Chemung (North) Counties PUMA; New York",Southern Tier,#DIV/0!,0,0,2.52991447760245,#DIV/0!,0,0,1.21903619276145,#DIV/0!,0,1.09053363764808,0.433337313589084,#VALUE!,0.959824198295587
"Suffolk County (Central)--Brookhaven Town (Central) PUMA, New York",Long Island,0.619020651640427,0,0.868606285242504,3.20536923958142,0.066995179344045,0.148538960060049,1.06322919635444,0.997981350106805,#DIV/0!,1.23598841529119,0.783883719593581,0.450739460027521,0.928684037136867,0.664955757946773
"Suffolk County (Central)--Brookhaven Town (West Central) PUMA, New York",Long Island,0,2.84313051549867,1.27086738585594,1.72669091888979,0.0352570101190806,0.255325711504345,1.11175672842852,0.520424420258136,0,0,0.61651666935131,1.0671170729398,1.41046144306542,0.741440711838172
"Suffolk County (Central)--Islip Town (East) PUMA, New York",Long Island,0,0,0,2.05662093142383,0,0.153428806496881,0.796574215118489,0.974520473558316,1.35501567398119,0.851128563335567,0.851631079478055,0.870574727543307,0.984687874472482,0.624709544804576
"Suffolk County (Central)--Islip Town (Northwest) PUMA, New York",Long Island,0.54801488915341,0.0430732614231552,0.378372852688756,1.04766563057333,0.0202666885004914,0.11010222559729,0.931781842684641,0.981148513809848,#DIV/0!,0.581086318087322,1.070837991132,1.14750353560233,0.78613758436842,0.889013112711824
"Suffolk County (East) PUMA, New York",Long Island,0,0.775761692071675,4.50367598563585,1.20458280444913,0.144732572033702,0.165363809552927,1.13487191610335,0.817319567429177,0,1.11696517256058,0.981835332893938,0.731160369334027,1.27036875728492,0.921294838569041
"Suffolk County (North Central)--Brookhaven Town (North) PUMA, New York",Long Island,3.03119936062177,0,1.32373335275675,2.4712750297433,0,0,0.901352260216845,0.696630690874743,0.726938317018676,42.8717948717949,1.04070077177985,0.768334997756309,1.14478657158416,1.63361829852261
"Suffolk County (Northwest)--Huntington Town (North) PUMA, New York",Long Island,1.32568452965321,0,13.3086922667882,0.897925958349356,0.212814449624854,0,0.93580514086918,0.84289592626583,24.1916853932584,2.035230126519,0.941788960409157,1.00383094060633,0.50697239485773,0.716196279112153
"Suffolk County (Northwest)--Huntington Town (South) PUMA, New York",Long Island,0,2.06589206028458,0.766234905110468,2.07619916454602,0.0385256927629809,0.259110291437494,1.09443693459499,1.1633135679345,#DIV/0!,#DIV/0!,1.04055313097632,1.13963113563753,0.836820811539653,0.534436035782893
"Suffolk County (Northwest)--Smithtown Town PUMA, New York",Long Island,0.682640444970459,0,0,1.2662945295849,0,0,0.948024717666751,1.17399459457718,0,0,0.823642491074254,0.82758784717399,1.00943347573083,1.00923460434198
"Suffolk County (South Central)--Brookhaven Town (South) PUMA, New York",Long Island,1.99249812334558,0.903721288887592,3.95666990291262,0.578095091337608,0.31430371449095,0.0363848509265741,0.892537548022175,1.08315696865924,0.640633791721996,0.511295723149836,0.821458521005651,1.07387203454923,0.382185751348724,0.832607217507366
"Suffolk County (Southwest)--Babylon Town (Southeast) PUMA, New York",Long Island,1.00172122795558,0.910602939174686,5.0512077805138,5.90594636445171,0,0.129019881709862,1.1266261925412,0.825534968389834,0,11.1803312220514,1.09022615353346,1.08089661906896,0.686576516363116,0.526863879357894
"Suffolk County (Southwest)--Islip Town (South) PUMA, New York",Long Island,0,0.880419479545324,0.657765569415049,4.86556533949129,0,0.266210819039763,1.08763685252647,1.09003238753638,0,0.695543823677781,0.978466641043026,0.764900251583305,0.881890175402286,0.597242148892077
"Suffolk County (West Central)--Babylon Town (Northwest) PUMA, New York",Long Island,1.01270968673307,0,0,1.52185813827396,0,0.187392875046964,1.05309593460855,0.940349318027526,0,0.646743124289583,0.83401569788181,0.857852191703855,0.891742331576966,0.924368590289686
"Sullivan & Ulster (West) Counties PUMA, New York",Mid-Hudson,0,0,1.18977315584939,1.69312869283289,0.101692981897668,0.275323749939272,0.955021278236257,0.999250783843794,0,2.12818057245178,1.07702158173747,0.507251471157226,0.961063760138699,0.919164563954441
"Tompkins County PUMA, New York",Southern Tier,0,0,2.62967802032137,1.18490066349554,0.0801454637870563,0.294673623176521,1.17771721361879,1.26055850864481,1.60003891746342,0,0.460223108300318,0.280677475931263,1.00491161600321,1.56579242268902
"Ulster County (East) PUMA, New York",Mid-Hudson,1.07830020082331,0,3.11569420745127,1.68784335159644,0.290831072897378,0.344781164815304,0.608427919274472,1.07862750178336,3.62715978410143,0.757818516355442,0.767136936588718,0.528606579937379,1.16760863254924,0.684076535797766
"Warren & Washington Counties PUMA, New York",Capital Region,0,0,0,1.49494289264255,0,0.116171701513111,1.21009182821631,0.697385932258161,0,0,0.271975338563472,1.07216258312928,0.38242987181453,0.895837660399881
"Wayne & Seneca Counties PUMA, New York",Finger Lakes,0,0,3.95524084871026,0,0.493899219749269,0,1.01742474389578,0.218577712407733,0,0,0.418304731507666,0.366437703730147,0.719143281601042,1.43364722242798
"Westchester County (Central)--White Plains City PUMA, New York",Mid-Hudson,1.1699052855762,1.39623619600567,1.68140813718922,2.23881570989692,0.0826311563779546,0.259736086418302,1.09650703538833,1.00961918572566,2.21456457936351,1.88466100921617,0.812907725619743,0.857256108137424,0.908975038193861,0.599771520677512
"Westchester County (Northeast) PUMA, New York",Mid-Hudson,1.71035403686916,1.40700392442796,4.16945566395327,3.84506775619325,0.0208523117346224,0.102003555365081,1.14864274426821,0.96573499803571,0,2.75045429071209,0.783318126899133,0.738945308512345,0.560822452830963,0.381075683679985
"Westchester County (Northwest) PUMA, New York",Mid-Hudson,3.05211349160394,1.72495745741233,2.55534241836981,0.521183274523967,0.0126751498887824,0.122624596279479,0.952659306107672,0.981514878025533,0,1.03015961962982,0.88286763515716,0.44003590371277,0.727675693405777,0.474941173209704
"Westchester County (South Central)--New Rochelle & Mount Vernon Cities PUMA, New York",Mid-Hudson,1.92481537531509,1.26356552517961,2.71671421240796,1.32339941233023,0,0.181530628092502,0.924796211129412,0.946907284346703,1.99112879127447,1.3488514836918,0.735235781682364,0.70630374146964,1.00061124903339,0.934812140104439
"Westchester County (Southeast) PUMA, New York",Mid-Hudson,0.798592757949235,2.83437736620353,0.254832910382621,0.722771563404034,0,0.0414584131425498,1.16161655771006,0.940525269640787,0,0.716139021205028,0.686431266573317,0.833099591542343,0.685611134492018,0.867236569937603
"Westchester County (Southwest)--Yonkers City PUMA, New York",Mid-Hudson,0.430790414314985,1.25427212894595,0.886853872623889,1.26871865902342,0.0229788898430701,0.165586567304168,0.931679491843581,0.966551676807649,1.07982151710461,0.8822512863744,0.770918564416965,0.88019887548265,0.99633748385015,0.994222971973127
