,,FT Work Access,,,Poverty,,,Unemployment,,,Working Poor,,,Income,,,Rent Burden,,,Homeownership,,
,,Overall,BABS,HS,Overall,BABS,HS,Overall,BABS,HS,Overall,BABS,HS,Overall,BABS,HS,Overall,BABS,HS,Overall,BABS,HS
"Albany County (East Central)--Albany City PUMA, New York",Capital Region,48.9823609226594%,48.0651731160896%,100%,52.4719101123596%,47.8452066842568%,100%,0%,0%,0%,15.5124653739612%,0%,100%,40496.9529085873,53559.3220338983,17000,0%,0%,0%,44.6206115515289%,53.2502226179875%,0%
"Albany County (Outside Albany City) PUMA, New York",Capital Region,79.057714958775%,89.6252709817281%,45.4724409448819%,6.57575191481412%,1.98198198198198%,18.732970027248%,20.1675257731959%,14.4505494505494%,40.6496062992126%,5.00595947556615%,0%,36.3636363636364%,83046.4541120382,90244.9550794748,#DIV/0!,3.52769679300292%,0%,11.1726685133887%,35.923781057351%,39.5881595881596%,26.2261580381471%
"Columbia & Greene Counties PUMA, New York",Capital Region,61.2244897959184%,76.3975155279503%,47.8021978021978%,0%,0%,0%,0%,0%,0%,0%,0%,0%,93042.8571428572,144000,#DIV/0!,0%,#DIV/0!,0%,85.4791868344627%,100%,75.1655629139073%
"Rensselaer County--Troy City PUMA, New York",Capital Region,76.4478764478765%,61.1876988335101%,100%,43.1015452538631%,38.9925373134328%,0%,9.55932203389831%,16.3194444444444%,0%,45.8754208754209%,31.5424610051993%,0%,33639.0404040404,43679.5493934142,5264.68319559229,15.5555555555556%,12.8502415458937%,#DIV/0!,40.8388520971302%,0%,100%
"Saratoga County (Outer) PUMA, New York",Capital Region,59.3478260869565%,54.5454545454546%,64.1921397379913%,39.0934844192635%,37.5886524822695%,40.0943396226415%,30.3719008264463%,50.9803921568627%,7.4235807860262%,71.0622710622711%,84.1269841269842%,59.8639455782313%,23141.3919413919,14828.5714285714,24698.3050847458,0%,0%,0%,52.2662889518414%,46.8085106382979%,55.8962264150943%
"Saratoga County (South & Central) PUMA, New York",Capital Region,67.7675840978593%,72.6530612244898%,53.1707317073171%,1.97260273972603%,0%,8.78048780487805%,8.69853917662683%,11.5724381625442%,0%,3.24909747292419%,0%,16.5137614678899%,89619.9909747292,100081.966292135,55000,5.23255813953488%,0%,16.5137614678899%,62.3013698630137%,66.7844522968198%,46.8292682926829%
"Schenectady County--Schenectady City PUMA, New York",Capital Region,83.5828343313373%,79.7765363128492%,85.7471264367816%,38.4372177055104%,17.9030662710188%,43.289224952741%,0%,0%,0%,29.2537313432836%,0%,36.1930294906166%,47227.3432835821,79668.0672268908,22217.3469387755,28.118609406953%,46.4102564102564%,100%,55.8265582655827%,61.4243323442137%,82.2306238185255%
"Warren & Washington Counties PUMA, New York",Capital Region,54.5454545454546%,100%,15.8878504672897%,8.58585858585859%,0%,15.8878504672897%,0%,0%,0%,15.7407407407407%,0%,100%,33401.8518518519,37400,#DIV/0!,#DIV/0!,#DIV/0!,#DIV/0!,100%,100%,100%
CAPITAL REGION,,73.6956333015019%,77.7433687895516%,59.1623036649215%,21.7612760538838%,14.2244153615104%,24.5380635624538%,11.6227319411161%,12.0676202860858%,15.5402963498374%,17.7406054894569%,4.98787668860409%,29.4985250737463%,66049.5028860879,84112.1839279529,21899.3497224425,8.03196532574834%,6.38600772828961%,14.0380313199105%,48.7374076561451%,46.7769660507091%,50.4948045522019%
"Cayuga & Onondaga (South) Counties PUMA, New York",Central NY,51.2455516014235%,100%,23.0337078651685%,0%,0%,0%,0%,0%,0%,0%,0%,0%,86437.5,96961.1650485437,#DIV/0!,#DIV/0!,#DIV/0!,#DIV/0!,88.4180790960452%,100%,81.447963800905%
"Madison & Cortland Counties PUMA, New York",Central NY,100%,#DIV/0!,100%,47.5609756097561%,#DIV/0!,47.5609756097561%,0%,#DIV/0!,0%,47.5609756097561%,#DIV/0!,47.5609756097561%,17253.6585365854,#DIV/0!,#DIV/0!,0%,#DIV/0!,0%,52.4390243902439%,#DIV/0!,52.4390243902439%
"Onondaga County (Central)--Syracuse City (Outer) PUMA, New York",Central NY,70.4645048203331%,67.08984375%,100%,44.9005772931366%,48.3154670750383%,27.2727272727273%,0%,0%,0%,19.5273631840796%,12.8093158660844%,58.974358974359%,49925.8706467662,55424.1630276565,#DIV/0!,86.7631851085833%,100%,0%,37.9730596536241%,35.7580398162328%,49.4071146245059%
"Onondaga County (Central)--Syracuse City PUMA, New York",Central NY,79.9490229396772%,70.0492004920049%,92.0661157024793%,52.4003392705683%,40.6623026569118%,59.5435684647303%,12.9023229778897%,15.6756756756757%,16.3805436337625%,24.7963159759121%,0%,37.7019748653501%,34402.9755579171,53716.5935030729,21852.3882896764,23.8527607361963%,27.8156102671556%,6.79478380233356%,18.5920271416455%,9.58798613785137%,27.7178423236515%
"Onondaga County (North) PUMA, New York",Central NY,91.7758369723435%,100%,81.7447495961228%,10.0704225352113%,0%,15.670436187399%,0%,0%,0%,7.69230769230769%,0%,19.1699604743083%,51917.8429817605,63210.5960264901,8000,0%,#DIV/0!,0%,85.2112676056338%,100%,66.0743134087238%
"Oswego County PUMA, New York",Central NY,100%,100%,100%,24.5862884160756%,0%,26.6666666666667%,23.4042553191489%,0%,25.3846153846154%,24.5862884160756%,0%,26.6666666666667%,33840.5910165485,55000,10130,0%,#DIV/0!,0%,78.1862745098039%,100%,76.2666666666667%
CENTRAL NY,,81.0450819672131%,76.729737362327%,86.6718027734977%,41.8678721874037%,34.9709784411277%,43.874213836478%,8.23166250183743%,6.97954271961492%,11.7816091954023%,19.8121726566733%,3.23886639676113%,32.4%,41702.1437601589,58441.5163783585,19046.6546329723,33.6617100371747%,49.8544395924309%,5.14820592823713%,36.7668244494752%,33.9344941956882%,43.2070707070707%
"Genesee & Orleans Counties PUMA, New York",Finger Lakes,78.2729805013928%,100%,81.7460317460318%,32.9081632653061%,100%,30.1587301587302%,0%,0%,0%,25.6227758007117%,100%,14.5631067961165%,23729.8932384342,12000,27724.0963855422,0%,#DIV/0!,#DIV/0!,79.8941798941799%,#DIV/0!,100%
"Livingston & Wyoming Counties PUMA, New York",Finger Lakes,100%,#DIV/0!,100%,0%,0%,0%,0%,#DIV/0!,0%,0%,#DIV/0!,0%,31000,#DIV/0!,#DIV/0!,#DIV/0!,#DIV/0!,#DIV/0!,100%,100%,100%
"Monroe County (Central)--Greece & Gates Towns PUMA, New York",Finger Lakes,79.6892980437284%,55.9850374064838%,100%,5.63866513233602%,12.2194513715711%,0%,0%,0%,0%,0%,0%,0%,41713.357400722,50910.9131403118,#DIV/0!,0%,0%,#DIV/0!,90.3337169159954%,79.0523690773067%,100%
"Monroe County (Central)--Rochester City (East) PUMA, New York",Finger Lakes,69.5632183908046%,79.3017456359102%,62.0661157024794%,22.48824283882%,17.9551122194514%,24.3085880640466%,4.71475719000472%,24.9376558603491%,0%,13.0204890945142%,9.74842767295598%,22.103861517976%,31137.111698612,42805.8176100629,54189.1891891892,21.584984358707%,56.9444444444444%,18.7147688838782%,56.5626336041043%,82.0448877805486%,31.2954876273654%
"Monroe County (Central)--Rochester City (West) PUMA, New York",Finger Lakes,83.6887835703002%,57.2139303482587%,94.9030470914127%,56.3543936092956%,15.3417015341702%,70.415512465374%,2.77044854881266%,0%,0%,57.1495988673903%,0%,70.6946876824285%,26478.0084945729,64864.0579710145,38000,28.9948453608247%,100%,13.2966168371361%,43.6456063907044%,84.6582984658299%,29.584487534626%
"Monroe County (East) PUMA, New York",Finger Lakes,91.7333333333333%,100%,100%,0%,0%,0%,0%,0%,0%,0%,0%,0%,58207.4127906977,94021.2765957447,45772.02268431,0%,0%,#DIV/0!,48.2179226069247%,8.97043832823649%,100%
"Monroe County (North & West) PUMA, New York",Finger Lakes,100%,100%,100%,0%,0%,0%,0%,0%,0%,0%,0%,0%,95174.025974026,121000,#DIV/0!,#DIV/0!,#DIV/0!,#DIV/0!,100%,100%,100%
"Monroe County (South) PUMA, New York",Finger Lakes,88.8807785888078%,85.9384615384615%,100%,10.0704934541793%,9.48553054662379%,18.7660668380463%,0%,0%,0%,4.02869757174393%,0%,25%,91680.3941965508,107120.401002506,43385.5319148936,14.8640832851359%,16.474358974359%,#DIV/0!,63.2225579053374%,55.6002143622723%,100%
"Ontario & Yates Counties PUMA, New York",Finger Lakes,88.5300668151448%,100%,86.7438867438868%,0%,0%,0%,0%,0%,0%,0%,0%,0%,20672.8301886792,60363.6363636364,#DIV/0!,0%,0%,0%,60.6904231625835%,54.5454545454546%,61.6473616473616%
"Wayne & Seneca Counties PUMA, New York",Finger Lakes,61.519805982215%,87.8172588832488%,18.3510638297872%,32.5221238938053%,37.4365482233503%,0%,0%,0%,0%,38.7647831800263%,42.6300578034682%,0%,48402.1024967149,47245.6647398844,#DIV/0!,0%,0%,0%,27.4269557021678%,35.6997971602434%,27.2511848341232%
FINGER LAKES,,82.3443708609272%,81.4379279547484%,85.6675206376316%,18.8064889918888%,11.9594166138237%,24.2243436754177%,1.1238279095422%,1.61917098445596%,0%,15.4856912535268%,6.24770305034914%,25.8016281774381%,54505.1656747628,86578.9855602267,45120.3281027104,14.1464169633184%,12.8503937007874%,12.5703564727955%,60.0141584567282%,56.8109820485744%,62.6093874303898%
"Nassau County (Central)--Hempstead Town (East Central) PUMA, New York",Long Island,89.7121861604409%,83.7375178316691%,86.8932038834952%,3.63924050632911%,0%,11.2012987012987%,7.63574660633484%,0%,24.6800731261426%,0%,0%,0%,67763.1467576792,116367.461669506,54817.4251497006,0%,#DIV/0!,#DIV/0!,78.5337552742616%,100%,100%
"Nassau County (Central)--Hempstead Town (North Central)--Meadowbrook Corridor PUMA, New York",Long Island,83.7053571428571%,100%,79.4807788317524%,34.8793085274586%,16.8175937904269%,28.1606765327696%,4.74629764505948%,0%,9.12272515165656%,33.7777777777778%,14.90727532097%,28.4861809045226%,40635.4444444444,61784.5934379458,32602.9671717172,48.4060188727366%,0%,63.121387283237%,57.3521661220618%,71.4100905562743%,63.4249471458774%
"Nassau County (Central)--Hempstead Town (Northeast) PUMA, New York",Long Island,91.6284052647689%,88.6699507389163%,95.3540934203918%,2.54768574096305%,0%,4.398894518655%,3.12989045383412%,3.47123157394199%,3.25891711573005%,3.19024553198597%,0%,5.03028706873848%,58889.0429263404,70449.5,47807.9181494662,16.2903225806452%,#DIV/0!,22.7136431784108%,75.1900760304122%,100%,69.2768309534777%
"Nassau County (East Central)--Oyster Bay Town (Central) PUMA, New York",Long Island,86.9586374695864%,88.6292509910286%,75.9259259259259%,10.2126322404944%,3.6036036036036%,8.05340223944875%,6.19598295800365%,1.37844611528822%,0%,7.58254057078903%,0%,0%,73429.7006155568,83546.6101694915,33718.9944134078,8.48249027237354%,8.43373493975904%,0%,86.5402744317587%,86.5405405405405%,89.405684754522%
"Nassau County (Northeast)--Oyster Bay Town (North) & Glen Cove City PUMA, New York",Long Island,84.9781234807973%,92.6237463604012%,93.0022573363431%,18.9596361569073%,7.96368352788586%,17.4825174825175%,7.06380208333333%,4.69973890339426%,0%,21.7200610221205%,3.9119804400978%,20.2265372168285%,82613.4210526316,113538.379322389,29651.103565365,43.790546802595%,41.3940256045519%,36.8731563421829%,69.3291642978965%,81.7639429312581%,52.5874125874126%
"Nassau County (Northwest)--North Hempstead Town (North) PUMA, New York",Long Island,92.2496147919877%,92.2735127129104%,91.9865035849853%,3.97991211550534%,3.81009375623379%,2.66990291262136%,7.44179192455055%,2.53678335870117%,14.5893371757925%,2.10455987973944%,0%,3.53049060064191%,78925.144479706,87226.5115034778,29621.5224913495,0%,0%,0%,65.3735091023227%,79.0145621384401%,40.8460471567268%
"Nassau County (South Central)--Hempstead Town (Southeast) PUMA, New York",Long Island,93.5361216730038%,100%,89.2277227722773%,12.0239623448866%,0%,15.6332205937617%,6.95711678832117%,13.4566326530612%,3.58915616647575%,9.12093495934959%,0%,15.9343098091434%,41943.8262195122,54872.2745625841,31490.3225806452,22.0657276995305%,0%,39.1123439667129%,72.6572528883184%,71.0459183673469%,72.9049229612928%
"Nassau County (Southeast)--Oyster Bay Town (South) PUMA, New York",Long Island,83.3381047809906%,82.3140495867769%,82.956584140653%,0%,0%,0%,0%,0%,0%,0%,0%,0%,46745.0188938509,76475.702811245,43405.1996057171,#DIV/0!,#DIV/0!,#DIV/0!,100%,100%,100%
"Nassau County (Southwest)--Hempstead Town (Southwest) & Long Beach City PUMA, New York",Long Island,79.9779371207943%,100%,61.3194114855245%,30.852378011118%,0%,57.2053994892375%,2.33435087089244%,0%,5.81135449262405%,14.8735632183908%,0%,16.7956656346749%,71285.0574712644,93067.7664974619,45454.4258373206,30.4231027535259%,0%,65.2054794520548%,54.0148239654108%,44.199494036863%,73.3673841663626%
"Nassau County (West Central)--Hempstead Town (Northwest) PUMA, New York",Long Island,87.4950019992003%,89.3669745438162%,86.6906474820144%,5.14718540196247%,6.87292358803987%,4.74919957310566%,2.3499491353001%,3.16317626527051%,2.08282877209978%,1.14246544042043%,0%,2.59336099585062%,64341.5514680681,90236.9296697757,40754.9651567944,0%,0%,0%,83.9128937855053%,83.2848837209302%,89.0786197082889%
"Nassau County (West Central)--Hempstead Town (West Central) PUMA, New York",Long Island,93.4873433275989%,93.6313175576979%,93.3104631217839%,6.27510585169906%,0%,10.9635811836115%,6.41532016756433%,0%,10.8370400323494%,3.89064143007361%,0%,6.80147058823529%,54069.6240799159,62785.5538221529,59589.2514395394,18.8790560471976%,0%,100%,95.6139398545218%,91.0171730515192%,98.7860394537178%
"Nassau County (West Central)--North Hempstead Town (South) PUMA, New York",Long Island,92.2518159806295%,92.8533824690708%,91.7037424757917%,3.37025847599866%,1.30255941499086%,1.77415988311417%,2.18239745121466%,2.25138299240962%,0%,2.78215223097113%,1.61587526576896%,0%,72262.1572178478,87302.224238129,36218.8529993408,9.20542635658915%,8.21382007822686%,0%,86.1430010070493%,82.4725776965265%,90.2734293466917%
"Suffolk County (Central)--Brookhaven Town (Central) PUMA, New York",Long Island,88.9005053145147%,91.063029162747%,86.9793183804253%,9.96992481203007%,0%,12.4580861490843%,1.44255538382277%,3.80090497737557%,0%,3.52802822422579%,0%,0%,58184.8294786358,85719.0082644628,28970.2815432742,0%,0%,0%,49.7894736842105%,59.2749710759738%,41.1142636058808%
"Suffolk County (Central)--Brookhaven Town (West Central) PUMA, New York",Long Island,61.2299465240642%,89.7314375987362%,33.1907090464548%,9.26113360323887%,8.29562594268477%,6.93512304250559%,3.79047117662543%,0%,8.49557522123894%,13.2751091703057%,4.22535211267606%,22.8360957642726%,86828.768558952,132799.366197183,49648.1481481481,0%,0%,0%,66.1943319838057%,66.1387631975867%,89.8769574944072%
"Suffolk County (Central)--Islip Town (East) PUMA, New York",Long Island,90.6896551724138%,79.5969773299748%,100%,8.56586632057106%,0%,19.8198198198198%,0%,0%,0%,7.3510773130545%,0%,14.7208121827411%,66887.4524714829,105243.670886076,54241.8772563177,10.4693140794224%,0%,18.5303514376997%,64.04931862427%,64.4736842105263%,53.003003003003%
"Suffolk County (Central)--Islip Town (Northwest) PUMA, New York",Long Island,84.8166702195694%,77.9150579150579%,84.2672901425447%,15.1681868635684%,1.40845070422535%,18.1539105560594%,0.77981154554316%,2.81853281853282%,0.534880216965497%,8.68991517436381%,1.98216055500496%,9.58560816253468%,40825.4175306315,47558.0773042616,38458.8972267537,19.1058394160584%,0%,20.6744868035191%,73.53424128272%,90.8098591549296%,71.4205894678028%
"Suffolk County (East) PUMA, New York",Long Island,89.8224556139035%,100%,81.8452380952381%,32.6988155668359%,23.1607629427793%,26.5938069216758%,0%,0%,0%,32.488864142539%,23.1607629427793%,21.2727272727273%,34813.3296213808,57401.4986376022,34439.2470051341,55.1830443159923%,#DIV/0!,41.1734951947395%,42.7152317880795%,100%,27.9781420765027%
"Suffolk County (North Central)--Brookhaven Town (North) PUMA, New York",Long Island,54.6282973621103%,52.3002421307506%,63.5103926096998%,25.3563714902808%,17.8299492385787%,41.4073071718539%,9.12034538586077%,11.9014084507042%,0%,0%,0%,0%,125035.364354697,118978.333333333,140000,100%,0%,100%,83.9740820734341%,95.8756345177665%,58.5926928281462%
"Suffolk County (Northwest)--Huntington Town (North) PUMA, New York",Long Island,83.6479321314952%,93.7556561085973%,65.7560975609756%,18.2842602689931%,28.0354706684857%,9.17300380228137%,4.28339423467316%,8.52649006622517%,0%,13.5902636916836%,26.3513513513513%,0%,38895.7048681542,49807.4324324324,29214.7283702213,51.8417462482947%,0%,44.5727482678984%,73.3551435841512%,81.3778990450205%,79.4201520912548%
"Suffolk County (Northwest)--Huntington Town (South) PUMA, New York",Long Island,97.7795612627073%,95.1176470588235%,100%,18.3936235438381%,2.93193717277487%,23.9130434782609%,7.83854166666667%,0%,12.1267519804997%,17.2913816689466%,3.46320346320346%,26.0816575258988%,85825.0615595075,109468.521954236,76313.7880986938,#DIV/0!,#DIV/0!,#DIV/0!,100%,100%,100%
"Suffolk County (Northwest)--Smithtown Town PUMA, New York",Long Island,78.6910994764398%,82.4742268041237%,97.1846846846847%,0%,0%,0%,1.72774869109948%,4.25257731958763%,0%,0%,0%,0%,80228.0771789754,79038.75,31167.9104477612,0%,0%,0%,79.7914597815293%,73.9690721649485%,79.3346774193549%
"Suffolk County (South Central)--Brookhaven Town (South) PUMA, New York",Long Island,93.3705512909979%,73.6111111111111%,100%,22.2551130247578%,46.7114093959732%,7.12742980561555%,4.86388384754991%,9.72222222222222%,0%,14.3124065769806%,37.9245283018868%,4.19373892498523%,38801.4947683109,31496.2264150943,45136.3031914894,40.2609506057782%,39.5061728395062%,10.0313479623824%,71.1248654467169%,78.255033557047%,86.2203023758099%
"Suffolk County (Southwest)--Babylon Town (Southeast) PUMA, New York",Long Island,94.0256615878108%,100%,86.9755244755245%,18.384074941452%,0%,20.2836879432624%,5.8411214953271%,8.68544600938967%,6.64335664335664%,14.5842217484009%,0%,0%,38759.0618336887,48761.6966580977,40883.7209302326,0%,0%,0%,83.8700234192038%,84.006334125099%,75.2482269503546%
"Suffolk County (Southwest)--Islip Town (South) PUMA, New York",Long Island,91.7820324005891%,87.1641791044776%,90.9310761789601%,19.2745565263437%,3.42465753424658%,28.0254777070064%,1.29090363254278%,0%,2.70440251572327%,17.1052631578947%,0%,22.2074468085106%,47010.0449293967,64597.0319634703,35615.2830188679,7.64635603345281%,0%,9.95334370139969%,77.8395552025417%,85.2359208523592%,62.7678054429647%
"Suffolk County (West Central)--Babylon Town (Northwest) PUMA, New York",Long Island,70.8410229369892%,78.9644012944984%,76.3785046728972%,20.8534921225654%,0%,17.7422883395318%,7.42136729919418%,11.3915857605178%,0%,11.1462597692594%,0%,15.9070052003671%,54590.1618905843,69447.6229508197,57439.2376681614,36.4206642066421%,0%,33.6489439184268%,66.3813422652276%,65.7543391188251%,69.962809013345%
LONG ISLAND,,86.2101832708414%,89.5698493613609%,84.3484942947036%,13.7144795585198%,4.78633621337968%,14.9220127831493%,3.9282676297918%,3.21974371143806%,3.49566090511368%,9.84887284670227%,2.60689772775717%,9.20310781078108%,58991.0944483737,82461.9480752014,39596.8247854175,23.6526083197233%,4.90310950878774%,25.246833309252%,74.629074718849%,81.2961938760119%,74.0248204768935%
"Dutchess County (North & East) PUMA, New York",Mid-Hudson,80.7400667273279%,77.7901785714286%,85.9616573902288%,35.9085963003264%,10.4589114194237%,39.4884910485934%,7.66944114149822%,0%,14.453781512605%,18.5458786936236%,0%,18.1538461538462%,43470.788880541,74375.8967001435,43603.1128404669,0%,0%,0%,50.8488499452355%,87.0864461045891%,49.7151734852408%
"Dutchess County (Southwest) PUMA, New York",Mid-Hudson,75.9382523721853%,88.4564469155414%,57.8478964401295%,31.5439672801636%,8.46225972808251%,52.6356891839125%,0.540457072266831%,0%,1.60919540229885%,15.9526159921027%,0%,19.1526919682259%,83824.8675867214,114563.352289734,27899.0111248455,41.7574692442882%,0%,44.6188340807175%,62.6150306748466%,76.6526019690577%,47.7547832877782%
"Orange County (Northeast)--Greater Newburgh City PUMA, New York",Mid-Hudson,84.4178082191781%,83.6382113821138%,76.7955801104973%,13.3313970374673%,0%,4.32011331444759%,0%,0%,0%,12.1298174442191%,0%,6.26927029804728%,49493.1602434077,65687.7278250304,33758.1395348837,16.2280701754386%,0%,32.0809248554913%,60.2672088295091%,93.2926829268293%,50.9915014164306%
"Orange County (Northwest) PUMA, New York",Mid-Hudson,95.0314905528342%,100%,91.1416094822208%,10.4274985557481%,0%,17.1059709521248%,0%,0%,0%,2.28276877761414%,0%,4.24366872005476%,44070.5081001473,54352.0373514431,28859.2833876221,13.2758620689655%,0%,0%,75.8521086077412%,77.5336640680369%,78.536847767617%
"Orange County (Southeast) PUMA, New York",Mid-Hudson,92.697327532629%,97.0076548364649%,96.6592427616926%,4.21082784302492%,0%,0%,8.91858297078931%,0%,0%,0%,0%,0%,101806.486758297,164404.088952654,46746.7873831776,33.8709677419355%,0%,0%,62.2457748496133%,58.9776357827476%,83.7801608579088%
"Putnam County PUMA, New York",Mid-Hudson,73.7966658840103%,80.0107469102633%,63.6653895274585%,50.0631047538915%,32.6233766233766%,45.6957547169811%,3.13850352513077%,3.32467532467532%,4.51219512195122%,34.2984409799555%,12.8945601074547%,38.6158475426279%,48419.5672923958,73559.9731363331,23890.5777777778,87.0789341377577%,73.6979166666667%,100%,57.0038910505837%,80.051948051948%,54.3042452830189%
"Rockland County (North)--New City & Congers PUMA, New York",Mid-Hudson,81.2797655391379%,71.4938030006523%,87.1425018652077%,20.1802593976698%,12.937595129376%,10.1519337016575%,3.38052233341469%,0%,0%,10.3515625%,0%,3.93835616438356%,56453.2557091346,90350.1824817518,31248.1985588471,45.0903377847604%,0%,28.5572139303483%,70.6648994919373%,69.8934550989346%,74.0697674418605%
"Rockland County (South)--Orangetown, Clarkstown (South) & Ramapo (Southeast) Towns PUMA; New York",Mid-Hudson,94.8529411764706%,94.6553059643687%,93.5678391959799%,11.3495985176035%,0%,5.27914925939992%,0%,0%,0%,12.1583027335781%,0%,0%,98527.9579763362,91738.6047463175,20852.6838966203,57.7511643379907%,43.2432432432432%,22.2996515679443%,76.2821524380622%,89.7443794271636%,76.9847634322374%
"Rockland County (West)--Spring Valley, Suffern Villages & Monsey PUMA; New York",Mid-Hudson,86.5280665280665%,93.0769230769231%,85.6729377713459%,20.5966246731638%,9.71531857207411%,23.8865588176553%,4.03819918144611%,0%,6.94672612062896%,16.1460836136473%,11.1053719008264%,14.7240990990991%,53376.5337177639,86792.6136363636,36039.4736842105,28.8457609805924%,28.2666666666667%,26.8574732581671%,40.8173135050175%,66.0633484162896%,28.9295253749743%
"Sullivan & Ulster (West) Counties PUMA, New York",Mid-Hudson,78.056768558952%,80.5491990846682%,76.7595307917888%,17.5789473684211%,0.99009900990099%,24.1202346041056%,0%,0%,0%,8.53146853146853%,1.42045454545455%,11.1747851002865%,47859.3006993007,57219.3181818182,47253.8116591928,28.1540504648074%,#DIV/0!,28.1540504648074%,53.0933633295838%,95.8%,37.28949478749%
"Ulster County (East) PUMA, New York",Mid-Hudson,75.0382379932701%,50.1730103806228%,80.0498753117207%,19.1941941941942%,23.5655737704918%,31.8010550113037%,1.92019201920192%,5.24590163934426%,0%,13.6975132490828%,26.551724137931%,18.8992731048806%,42688.1369751325,88111.0344827586,19887.3882820258,10.5404198302814%,24.748490945674%,12.9735935706085%,43.968968968969%,66.051912568306%,34.3632253202713%
"Westchester County (Central)--White Plains City PUMA, New York",Mid-Hudson,87.4017957351291%,91.6697657121607%,78.2279142707789%,18.9170237631476%,10.0578210590383%,27.5672102247686%,3.38478705597917%,2.5%,5.95922634605332%,16.0834670947031%,9.12778904665314%,23.4213164049449%,71324.151952916,98196.5517241379,38980.7673627975,37.2681573929624%,28.9243027888446%,43.0902111324376%,54.0708998831321%,61.8076688983567%,51.3001322168356%
"Westchester County (Northeast) PUMA, New York",Mid-Hudson,91.2340690083929%,92.4119241192412%,85.1722634103794%,12.0082530949106%,11.0962208523184%,5.23404255319149%,2.41606526513963%,5.09764978483946%,0%,7.88756388415673%,2.52932551319648%,2.96979006656426%,56902.1124361158,77826.5029325513,41773.0337078652,13.1131458469588%,0%,9.02777777777778%,57.5984470327232%,69.2039667649424%,68.586387434555%
"Westchester County (Northwest) PUMA, New York",Mid-Hudson,79.7133279389666%,86.7390683052301%,74.0556435195657%,11.6921146203723%,3.50703877500617%,9.6612296110414%,6.93103056470856%,3.97406989853439%,10.3715170278638%,11.6154292343388%,1.64744645799012%,11.6371411117899%,55635.7221577726,93991.3476112026,22106.9418386492,26.3650856915106%,0%,33.6472602739726%,43.8991209711176%,70.8816991849839%,22.822445561139%
"Westchester County (South Central)--New Rochelle & Mount Vernon Cities PUMA, New York",Mid-Hudson,82.4128508735613%,77.1403862784664%,81.3278008298755%,18.3349268220931%,17.2371031746032%,22.0973287490082%,9.9168161800685%,13.1719673515339%,10.9213023799095%,9.48457751431729%,0%,14.8870262390671%,50733.6270471215,86628.4753363229,26502.6455331412,27.0668316831683%,3.24470482199189%,28.896174863388%,39.538133411782%,44.9652777777778%,37.6355461518117%
"Westchester County (Southeast) PUMA, New York",Mid-Hudson,84.2810209754865%,93.7801472454938%,78.0458590006845%,13.3509389671362%,0%,12.7964205816555%,6.69914738124239%,6.79129200189304%,8.96517247125479%,9.96501749125437%,0%,3.59570269677702%,68342.1589205397,111369.112073633,41981.0825013137,23.879085912641%,0%,20.6824146981627%,45.1511150234742%,59.9633531836922%,38.3146905294556%
"Westchester County (Southwest)--Yonkers City PUMA, New York",Mid-Hudson,83.0936286495038%,86.5674255691769%,84.6243158069332%,24.5001052410019%,1.42109199700823%,28.1139210588513%,10.4828419850917%,4.62742429397754%,13.6977791582544%,12.4881003894418%,0%,15.3861230889847%,56510.4716572912,77125.6119765325,33383.5791925466,26.4431841199109%,2.12014134275618%,24.8039007843969%,41.9543254051779%,54.0762902019447%,39.2933112739305%
MID-HUDSON,,83.8128891132425%,86.556609085381%,80.8624920300636%,19.578053974055%,7.97080234986436%,20.8912721277623%,5.32189366707773%,3.55286738351254%,6.74453726892122%,12.33501676357%,2.95326810990841%,11.6411431327626%,61853.7000602289,92606.615580766,33785.3374565972,29.4418370767684%,10.1287982993623%,28.8241346121934%,51.8851028306898%,66.8332389857307%,46.5348364442802%
"Fulton & Montgomery Counties PUMA, New York",Mohawk Valley,86.5329512893983%,84.4370860927152%,100%,0%,0%,0%,0%,0%,0%,0%,0%,0%,41546.357615894,41831.3725490196,#DIV/0!,0%,0%,#DIV/0!,62.1676891615542%,58.1447963800905%,100%
"Herkimer (North & Central) & Oneida (Outer) Counties PUMA, New York",Mohawk Valley,44.5544554455446%,100%,100%,73.4126984126984%,0%,68.9839572192514%,0%,0%,0%,80%,0%,100%,30188.8888888889,90100,15400,100%,#DIV/0!,100%,90.3553299492386%,100%,85.6060606060606%
"Oneida County (Central)--Greater Utica & Rome Cities PUMA, New York",Mohawk Valley,58.1609195402299%,40.2868318122555%,54.6850998463902%,32.6950354609929%,0%,48.7179487179487%,10.8686868686869%,0%,23.0505569837189%,28.2608695652174%,0%,22.3314606741573%,35278.0764163373,76311.0679611651,25253.6231884058,28.266228430567%,0%,26.2103505843072%,53.9007092198582%,63.8977635782748%,52.0032051282051%
"Otsego, Schoharie, Oneida (South) & Herkimer (South) Counties PUMA; New York",Mohawk Valley,52.7472527472528%,42.6666666666667%,100%,4.07523510971787%,0%,0%,0%,0%,0%,13.5416666666667%,0%,0%,51672.5,49373.4375,17020,0%,0%,0%,55.4858934169279%,45.945945945946%,76.0330578512397%
MOHAWK,,60.4873534855028%,51.8729641693811%,57.977207977208%,28.8659793814433%,0%,45.9762944479102%,8.6578693273254%,0%,21.1977935382191%,24.3753187149414%,0%,23.955773955774%,36929.2095869454,59996.7346938776,24593.8565022422,23.4193548387097%,0%,27.2024729520866%,56.9673202614379%,60.3809523809524%,58.2041343669251%
"NYC-Bronx Community District 1 & 2--Hunts Point, Longwood & Melrose PUMA; New York",New York,86.3266283524904%,90.1664730933024%,88.8330541596873%,37.238436123348%,16.5792922673657%,38.7672740613917%,3.65657216494845%,3.58342665173572%,2.91371994342291%,24.7526583448914%,0%,32.1181646763042%,33242.7766990291,42634.5641906398,29334.3465792708,11.53207308392%,4.53770044353463%,16.2003808407793%,9.66848916880061%,3.96461336828309%,10.6446036058286%
"NYC-Bronx Community District 10--Co-op City, Pelham Bay & Schuylerville PUMA; New York",New York,79.8460354118553%,83.0601092896175%,73.035143769968%,9.76451177441128%,1.38433515482696%,17.2869886188865%,1.19357306809487%,1.38433515482696%,1.26182965299685%,0.732741997686078%,1.66666666666667%,0%,49870.0134978789,56920.9605263158,13768.2565789474,10.5684090259926%,0%,19.8391420911528%,47.4087426768815%,52.4954462659381%,42.4560320888615%
"NYC-Bronx Community District 11--Pelham Parkway, Morris Park & Laconia PUMA; New York",New York,88.7083993660856%,98.4957264957265%,82.9522476279359%,24.4107874198284%,5.27068924397806%,32.926992632284%,4.6379326969434%,12.5%,1.10392682542186%,14.213934792318%,0%,21.8638664916557%,46605.3193389906,65658.1881291218,41198.1111111111,20.2643171806167%,10.749063670412%,25.754060324826%,34.695927671741%,36.322442165514%,30.020093770931%
"NYC-Bronx Community District 12--Wakefield, Williamsbridge & Woodlawn PUMA; New York",New York,79.077770130764%,87.463976945245%,76.5443425076453%,31.0848299021755%,30.8587479935795%,33.5899409802412%,6.02471678681771%,12.7074442863917%,2.54835738409579%,19.40818102698%,21.5815485996705%,19.9360767079505%,50248.683637946,52763.3717737507,45225.7289879931,33.607230895645%,34.8689436060365%,31.4822725331055%,46.6929478756023%,49.4783306581059%,39.9281498588658%
"NYC-Bronx Community District 3 & 6--Belmont, Crotona Park East & East Tremont PUMA; New York",New York,80.7848236823988%,84.9872773536896%,86.4566188572772%,44.3589305056724%,18.8078489448352%,42.3889170467985%,9.41220516660427%,2.4904214559387%,8.91178801947684%,26.8724552599186%,11.87624750499%,25.7002991569214%,33918.5484329135,39762.5748502994,25290.3705917513,25.119375882709%,9.40798531436439%,25.5841467021591%,9.59407475455015%,19.3261754905591%,8.08434352057367%
"NYC-Bronx Community District 4--Concourse, Highbridge & Mount Eden PUMA; New York",New York,82.390140027102%,95.2300903551166%,83.6004006009014%,48.0727235793002%,34.1750522118853%,43.9648033126294%,8.14094775212637%,1.50392327811683%,11.5517859276072%,27.1381578947368%,23.4995586937334%,22.9709493860437%,36573.3330200501,45107.0644307149,30919.7836166924,27.5315633605237%,18.9547581903276%,23.325586308895%,1.21027205695398%,1.32902980823998%,1.7438239568196%
"NYC-Bronx Community District 5--Morris Heights, Fordham South & Mount Hope PUMA; New York",New York,86.1354175516099%,94.3453510436433%,94.030070754717%,43.9439922747965%,22.5759238931577%,41.6130165047407%,7.80631578947369%,0%,8.39036001190122%,28.2177729559128%,14.8833467417538%,28.3430004702932%,31487.2669888549,35916.3314561545,28139.449618967,28.9517208789478%,9.30670685757347%,25.3511034680424%,4.03503931576769%,0%,6.84771157672949%
"NYC-Bronx Community District 7--Bedford Park, Fordham North & Norwood PUMA; New York",New York,80.1111259874146%,82.6955475330927%,79.6156230626163%,34.3345203075812%,12.6174765046991%,33.298755186722%,13.2012352032939%,23.5919234856536%,7.22515602496399%,21.9771037018467%,5.61699650756694%,20.9624669054664%,37932.3696832957,47398.4284051222,30060.8182201603,23.931867380654%,7.30557737627651%,29.1467650890143%,3.98410486659442%,11.6776644671066%,1.95020746887967%
"NYC-Bronx Community District 8--Riverdale, Fieldston & Kingsbridge PUMA; New York",New York,88.3229691047281%,96.7640449438202%,83.2275611967362%,16.8833375817826%,2.23214285714286%,24.890750182083%,0.75502499744924%,0%,1.73099415204678%,5.76665176575771%,0%,8.19716775599129%,51825.8884666965,63402.775197399,28286.9070208729,14.9296446458383%,0%,26.0370912640312%,28.2436910527657%,36.9897959183673%,24.3080844865259%
"NYC-Bronx Community District 9--Castle Hill, Clason Point & Parkchester PUMA; New York",New York,76.545300592718%,79.9071131752628%,75%,31.9706164164804%,21.3989976029636%,31.5321180555556%,7.47691841985773%,0%,9.1998502059668%,24.788817377313%,18.6907311104313%,25.8048032703117%,38510.358004827,48634.4753747323,21456.7652611705,28.1229921982561%,12.082957619477%,28.5866809021754%,26.8186475409836%,51.6670298539987%,17.4675819984744%
"NYC-Brooklyn Community District 10--Bay Ridge & Dyker Heights PUMA, New York",New York,75.092936802974%,60.8659450457952%,88.1128584643848%,26.4114301567485%,16.5543071161049%,35.7527733755943%,2.72323515661524%,4.55981941309255%,1.04166666666667%,18.1344450234497%,0%,36.5354330708661%,54664.4054016811,68871.8247998059,35422.641509434,34.9913644214162%,22.532981530343%,50.0341530054645%,43.2853364678225%,63.7181696343098%,21.226795803067%
"NYC-Brooklyn Community District 11--Bensonhurst & Bath Beach PUMA, New York",New York,81.6494149414941%,91.6388703580165%,63.3446467139772%,32.3146243510628%,17.6909821941413%,53.6992198009147%,4.63341811345792%,5.03825136612022%,3.24599708879185%,24.6520600799228%,14.6323707837903%,42.5718460789089%,49387.885483871,61662.3890458062,23653.1619537275,32.5999149659864%,25.2983293556086%,40.2381698527107%,52.6405766298572%,50.6973696527193%,60.0218526162438%
"NYC-Brooklyn Community District 12--Borough Park, Kensington & Ocean Parkway PUMA; New York",New York,90.4398563734291%,92.0425002825817%,90.4393519194278%,24.382017280414%,20.1722362632219%,25.6525434017239%,1.89665471923536%,0%,3.94042817251008%,12.5558312655087%,10.671742601007%,9.2479018721756%,39921.4009774261,51756.4893617021,23375.9398496241,45.2460751455283%,33.1428571428571%,45.6866804692892%,24.1503880117742%,29.4923448831587%,20.0110405741098%
"NYC-Brooklyn Community District 13--Brighton Beach & Coney Island PUMA, New York",New York,62.7024660732526%,80.7907176622261%,49.7362705553832%,48.6887877976987%,44.6011281224819%,44.5763179685344%,2.8080229226361%,0%,0%,37.8403537351641%,37.2872340425532%,24.4541484716157%,50681.0646387833,63069.8451730419,50647.7678571429,29.849012775842%,0%,48.1654436290861%,39.2806770098731%,47.4789915966386%,35.3321829163072%
"NYC-Brooklyn Community District 14--Flatbush & Midwood PUMA, New York",New York,90.4297994269341%,96.0629921259843%,91.2181303116147%,33.2393041842971%,16.218487394958%,44.04659188956%,5.9134906231095%,1.97628458498024%,10.9996866186149%,22.211660329531%,13.2969034608379%,34.472049689441%,49752.7379552352,86125.0801549464,26297.2789115646,23.0715629572852%,16.8509741969458%,20.0666956647818%,9.76485148514852%,22.3406394530465%,5.58674151296445%
"NYC-Brooklyn Community District 15--Sheepshead Bay, Gerritsen Beach & Homecrest PUMA; New York",New York,83.2596336070752%,82.905138339921%,81.0030917210581%,28.1188241106719%,16.2237762237762%,26.4635124298316%,4.31908329660643%,0%,3.26666666666667%,23.5963581183612%,10.8462455303933%,19.5716709075488%,47797.7241514617,58758.4806077569,25086.0377358491,16.2562814070352%,0%,9.59451741861793%,52.643379749823%,54.1421036301582%,54.6402237477752%
"NYC-Brooklyn Community District 16--Brownsville & Ocean Hill PUMA, New York",New York,75.1105216622458%,90.9785376500546%,68.6333333333333%,34.3855562026791%,9.55631399317406%,51.4264074728604%,2.17445021003212%,0%,0%,10.8102805571905%,5.23790483806477%,18.2612918892666%,36668.9854191981,52842.8015564202,23535.8147229115,24.5439805431698%,87.9472693032015%,11.8375241779497%,11.9261304798067%,41.2610619469027%,8.2%
"NYC-Brooklyn Community District 17--East Flatbush, Farragut & Rugby PUMA; New York",New York,81.3442055843835%,93.5679611650486%,67.6793794440853%,31.5673662830061%,5.86283185840708%,20.2333333333333%,5.68484042553192%,3.5806953814219%,7.79084049833304%,27.8857837181045%,0%,6.78127984718243%,37239.9007878611,54527.9101899827,31226.2990455992,19.372197309417%,12.3052959501558%,18.265306122449%,14.8514851485149%,33.3679294239751%,7.79220779220779%
"NYC-Brooklyn Community District 18--Canarsie & Flatlands PUMA, New York",New York,79.5035378726366%,90.1401141670991%,79.4291151284491%,29.3729372937294%,7.31707317073171%,28.7780401416765%,7.50814740536475%,3.00632911392405%,9.82196200262875%,13.3060986285381%,8.11744386873921%,14.4705318639195%,49092.588030949,65193.8095238095,28736.1214953271,30.0204618532593%,13.5916359163592%,28.6625708884688%,62.4340007318731%,71.5441282680919%,58.7484160249537%
"NYC-Brooklyn Community District 1--Greenpoint & Williamsburg PUMA, New York",New York,80.4292608585217%,86.8089396740044%,71.6524743922004%,29.5310784672487%,18.2868698541095%,35.2568476459694%,2.11815001943257%,4.47271235125154%,0%,14.4718143060161%,11.3046844754162%,12.676541508784%,59172.3684210526,89638.6456908345,43008.4470094439,30.6412862687119%,23.5677083333333%,21.2310089598753%,21.1241682004814%,32.8050713153724%,18.6370839936609%
"NYC-Brooklyn Community District 2--Brooklyn Heights & Fort Greene PUMA, New York",New York,84.1155934833204%,82.9465541490858%,88.0418535127055%,24.2777189532597%,15.7482305358948%,29.9728752260398%,5.06620610247553%,6.62297343911694%,3.58744394618834%,11.6209361309661%,0%,23.5993208828523%,68496.905695181,99577.2530733362,15000,27.0283479960899%,20.0349192492361%,37.4815905743741%,28.288344515525%,40.213987473904%,12.7460168697282%
"NYC-Brooklyn Community District 3--Bedford-Stuyvesant PUMA, New York",New York,70.7481162540366%,71.9580983078163%,68.8365650969529%,56.6308243727599%,35.6245380635625%,67.4259681093394%,9.31263858093126%,1.50793650793651%,12.5%,43.5907189045264%,34.1545352743561%,49.5640509725017%,36922.1757322176,30700.7838745801,49446.4150943396,49.2316962940645%,59.9107142857143%,45.81351094196%,21.4076246334311%,15.2798789712557%,13.9331814730448%
"NYC-Brooklyn Community District 4--Bushwick PUMA, New York",New York,72.1181001283697%,48.403122782115%,70.5426356589147%,42.5062850512473%,21.9287469287469%,45.8380475189914%,4.64446670005008%,4.70316114109484%,6.25756964069439%,27.7678889284443%,11.58357771261%,23.5042735042735%,34147.9263082948,46127.3460410557,21662.108132667,26.0249123231346%,31.6348195329087%,17.6967449526164%,11.8739122026687%,8.35380835380835%,10.6836916114433%
"NYC-Brooklyn Community District 5--East New York & Starrett City PUMA, New York",New York,88.9940109365507%,95.012987012987%,93.7296532200991%,38.1406129281483%,13.4891348913489%,47.3640428408027%,0.454426286812899%,2.6302478502782%,0%,27.8260021457134%,3.33515582285402%,37.0733917245545%,37126.5746610748,61384.6200109349,28364.6191646192,33.005366726297%,0%,44.3693693693694%,27.2727272727273%,42.0664206642067%,20.307788291567%
"NYC-Brooklyn Community District 6--Park Slope, Carroll Gardens & Red Hook PUMA; New York",New York,90.8552074513124%,94.8893572181243%,61.2377850162867%,17.2081055001608%,9.74989402289106%,51.433389544688%,5.49828178694158%,6.86695278969957%,0%,5.77819198508854%,0%,65.9574468085106%,91250.8946877912,103645.430316491,19000,8.36707152496626%,0%,49.6%,52.3319395303956%,54.4298431538788%,57.8414839797639%
"NYC-Brooklyn Community District 7--Sunset Park & Windsor Terrace PUMA, New York",New York,85.5834806769386%,90.4303278688525%,88.7083560895686%,29.0027351146644%,6.87489094398883%,31.7078677051586%,6.37058138029263%,8.41006752608963%,6.1486782532496%,21.5671806980004%,1.29163834126445%,24.8576265968909%,47590.2324208662,88367.4824382506,30866.3682482841,23.5405032997317%,10.7692307692308%,23.841059602649%,26.1361245529139%,39.1903681730937%,20.7133988034767%
"NYC-Brooklyn Community District 8--Crown Heights North & Prospect Heights PUMA, New York",New York,76.0228571428572%,83.0271216097988%,78.0896686159844%,43.3684210526316%,34.974283614989%,46.8407479045777%,6.34168359286843%,4.67055879899917%,8.7719298245614%,25.4058929645219%,23.8145416227608%,23.2651023464803%,40978.382441371,57195.6796628029,29107.2192513369,15.6712852365026%,5.18518518518519%,20.7576953433307%,16.2380038387716%,20.6465833945628%,15.9252095422308%
"NYC-Brooklyn Community District 9--Crown Heights South, Prospect Lefferts & Wingate PUMA; New York",New York,90.2600629451715%,100%,85.0153846153846%,28.1459126098937%,14.9558498896247%,27.8397565922921%,13.9945186707777%,7.05669481302775%,23.0642504118616%,12.6628739218205%,0%,11.147303655447%,45704.2954670582,85639.844256976,31805.7767220903,35.2772922294613%,24.7941445562672%,33.4473909324209%,13.6242682277807%,39.6799116997793%,3.46444386559%
"NYC-Manhattan Community District 1 & 2--Battery Park City, Greenwich Village & Soho PUMA; New York",New York,94.471013647498%,98.0737887094384%,56.5656565656566%,24.0088308343299%,18.7293729372937%,25.3874538745387%,3.23189431469686%,4.11782386534415%,0%,13.4831460674157%,6.26982927934733%,0%,105577.305840227,118645.58090346,28787.1148459384,36.7409293443666%,27.2826086956522%,57.4412532637076%,21.4522363335174%,16.0278334709282%,71.7343173431734%
"NYC-Manhattan Community District 10--Central Harlem PUMA, New York",New York,77.2031204854088%,84.3590432679387%,73.8756947953512%,39.7512308888313%,15.1507722481%,56.1026065370294%,4.18745275888133%,0%,0%,25.5988023952096%,6.97674418604651%,32.8317373461012%,48820.1347305389,65578.8467664861,13563.5262449529,40.3955696202532%,20.6652512384996%,35.5193661971831%,18.1135009069707%,30.7183133120863%,5.99917252792718%
"NYC-Manhattan Community District 11--East Harlem PUMA, New York",New York,82.775888133031%,75.5051400212691%,86.163753449862%,28.0412371134021%,14.4657863145258%,22.0502645502646%,4.43286719678274%,2.11658570437196%,5.16489268888501%,18.2513411710992%,8.4037558685446%,6.42750373692078%,50909.434996005,90005.9906103286,24243.5643564356,10.9623964308477%,15.0716776443239%,4.49909179823949%,5.03834300867197%,13.696117395292%,3.37301587301587%
"NYC-Manhattan Community District 12--Washington Heights, Inwood & Marble Hill PUMA; New York",New York,79.9064618553162%,77.103836111669%,80.0394421749542%,33.4300440318121%,20.7077785564121%,33.2710607741258%,10.8655458571613%,17.9426776599922%,9.66937437651418%,24.9154271599635%,15.1081010679865%,26.0471664906723%,31699.249691242,37335.7124251107,25626.1609570419,16.2450976864678%,9.56325301204819%,18.8213495905804%,0.969382530634536%,2.20742817098809%,0%
"NYC-Manhattan Community District 3--Chinatown & Lower East Side PUMA, New York",New York,81.0052600818235%,89.1109942135718%,66.0613397901534%,10.7081174438687%,5.46110252447192%,11.9319847552038%,4.4778362133734%,0%,7.78138026864289%,3.77358490566038%,5.96221959858324%,0%,100152.091089466,141160.941263282,33718.1042654028,9.94639666468136%,0%,10.8457069076824%,17.0454545454545%,23.9152892561983%,9.17619466432131%
"NYC-Manhattan Community District 4 & 5--Chelsea, Clinton & Midtown Business District PUMA; New York",New York,89.845731191885%,88.8147768086198%,87.051876845213%,18.2592494011179%,12.8165007112376%,22.3241590214067%,7.03980908992299%,5.37362040890176%,7.95604395604396%,11.0744580584354%,8.1263238975544%,15.8125915080527%,84904.4607785488,113962.031580974,31222.8942905596,31.2580506655217%,19.1307722157548%,10.9184075679937%,13.4437975817286%,21.6782206816869%,0%
"NYC-Manhattan Community District 6--Murray Hill, Gramercy & Stuyvesant Town PUMA; New York",New York,90.5051952705124%,93.5881627620222%,69.5530726256983%,22.8336805981125%,17.6140558098332%,32.132701421801%,0%,0%,0%,0%,0%,0%,165838.452098179,175733.610013175,60000,1.4218009478673%,1.90243902439024%,0%,18.8013236916289%,22.6487523992323%,0%
"NYC-Manhattan Community District 7--Upper West Side & West Side PUMA, New York",New York,77.2676923076923%,81.2119160460393%,66.7568786648624%,11.2028861672838%,5.57271195957327%,13.0328441649196%,0%,0%,0%,3.23351385791653%,4.23092955398083%,0%,103324.491876394,112972.521884118,#DIV/0!,16.992362982929%,5.10289442864313%,33.5294117647059%,10.889585113453%,16.100505334082%,0%
"NYC-Manhattan Community District 8--Upper East Side PUMA, New York",New York,83.6642896324739%,88.3195177091183%,51.5177797051171%,12.7345346461081%,6.07510662644336%,68.2567215958369%,0%,0%,0%,5.41568318908996%,2.63083048919226%,38.3838383838384%,128715.602806189,134686.346274175,85710.3825136612,13.9707703740401%,13.7407889033377%,0%,25.004644250418%,28.0037449287423%,0%
"NYC-Manhattan Community District 9--Hamilton Heights, Manhattanville & West Harlem PUMA; New York",New York,86.7779977619007%,83.6788707543008%,89.6867139263664%,40.734693877551%,35%,32.5655281969817%,3.03190087002373%,8.03072625698324%,0%,29.5208808649936%,10.6747496046389%,35.0841407445181%,38640.4523360778,57973.0890880337,20912.8541226216,21.7605292883653%,14.905869324474%,25.3961169381834%,7.71428571428571%,9.74747474747475%,11.0206513105639%
"NYC-Queens Community District 10--Howard Beach & Ozone Park PUMA, New York",New York,80.5318418212148%,85.7187565199249%,72.8221305508372%,27.0367555893293%,22.5933554222262%,29.9194252985147%,10.3478699268969%,9.68737939019684%,10.4817708333333%,14.6521262337029%,15.5044420104661%,11.3128957014329%,48416.7680161263,70757.347826087,41095.8415841584,68.4139330402435%,49.7545008183306%,68.3333333333333%,71.0069614668105%,78.9310344827586%,65.684575389948%
"NYC-Queens Community District 11--Bayside, Douglaston & Little Neck PUMA; New York",New York,79.6601097283554%,78.6324786324786%,78.7858117326057%,28.8753799392097%,14.5862068965517%,31.8024263431542%,3.05433571475388%,0%,8.7792012057272%,18.2093062321519%,9.34782608695652%,17.6334776334776%,58201.1620333015,69373.9753994421,35291.6804407714,27.7543648404576%,20.8807521029193%,18.5923515052889%,72.4906050868689%,79.537662846508%,64.2264590307088%
"NYC-Queens Community District 12--Jamaica, Hollis & St. Albans PUMA; New York",New York,88.0514112252148%,88.2794134109482%,86.7716834313912%,13.6929686225461%,10.2276057438703%,21.4088196769029%,8.5030835357877%,1.70701968298206%,14.7895633932083%,5.07591872661923%,5.89652548820695%,4.96500437445319%,38308.6017897092,48158.7577022461,27375.9460418885,22.4448217317487%,18.6171804848848%,23.0882593744883%,38.8526727509778%,44.8396873504546%,37.6071706936867%
"NYC-Queens Community District 13--Queens Village, Cambria Heights & Rosedale PUMA; New York",New York,84.6163553760727%,87.3892652423137%,80.5258033106134%,26.6995860142651%,17.2380800510285%,28.7607170693687%,3.764895788824%,2.87380258225739%,4.80170435922648%,20.7233407904549%,15.424368912741%,16.9286577992745%,46692.3329007138,60586.5382892969,41466.4233576642,29.0113770105924%,0%,37.8085991678225%,78.0452481603257%,83.962379381947%,73.4056987788331%
"NYC-Queens Community District 14--Far Rockaway, Breezy Point & Broad Channel PUMA; New York",New York,88.5971636642392%,93.5614525139665%,86.4714664897147%,10.5491160285681%,4.88985717743888%,13.3746850164761%,7.10706150341686%,11.5175481957489%,0%,6.7759030932295%,1.62710852366025%,9.74580335731415%,53785.1659076122,62409.0634441088,46018.1052631579,13.4622976707462%,0%,18.9760712298275%,52.3782665914646%,81.6608996539792%,29.3076317859953%
"NYC-Queens Community District 1--Astoria & Long Island City PUMA, New York",New York,70.9602954755309%,92.4581005586592%,39.850026780932%,19.4397443128408%,11.5175481957489%,31.5106215578285%,8.20556501987507%,10.3064630322646%,3.76447876447876%,0%,0%,0%,53733.1997075667,68213.1678228064,37722.3407164342,30.403511555344%,16.735112936345%,35.5358874878758%,17.8418589769228%,20.2113369750157%,15.4256868265217%
"NYC-Queens Community District 2--Sunnyside & Woodside PUMA, New York",New York,82.8322876169214%,85.8399703648824%,77.4453981473613%,23.0525247399137%,13.5789552350348%,31.3937459188856%,4.77018535351539%,4.95560011458035%,5.98729440431642%,14.5824620103165%,2.19009601898802%,24.1523098869746%,45053.2626980808,61570.9742151257,35617.1428571429,33.2152588555858%,26.311397234144%,37.4137609546895%,28.2479066226846%,36.6190867648158%,18.4865413915693%
"NYC-Queens Community District 3--Jackson Heights & North Corona PUMA, New York",New York,84.1379736663164%,91.8061555075594%,78.4082964343976%,31.0397752399781%,19.2966977564911%,31.0651710392139%,6.96346675818176%,4.65757199944881%,11.0708440495675%,24.5316288296231%,15.7329804440523%,20.8649130628622%,41655.9169054441,60958.9913248052,36199.6297513419,27.6074370056267%,14.1802067946824%,28.9194471590116%,34.8953712884204%,47.3657675825561%,32.149809956429%
"NYC-Queens Community District 4--Elmhurst & South Corona PUMA, New York",New York,87.5981251976881%,88.094870210136%,86.698161534521%,29.1694450618656%,29.6190476190476%,28.8999098286745%,4.49075265128777%,4.83572420175844%,4.73936320090166%,21.6189600840336%,17.1796895553802%,24.6980042016807%,41400.994944853,56323.4157677804,33815.2742382271,24.7922699232028%,22.1795223716717%,25.6033512567213%,18.4831197056136%,23.5442176870748%,15.2439635307083%
"NYC-Queens Community District 5--Ridgewood, Glendale & Middle Village PUMA; New York",New York,83.8193054225781%,93.2614555256065%,79.6334994373895%,19.6010657449413%,10.3082851637765%,22.2911016401911%,2.80219302062484%,0.943396226415094%,3.69367935042191%,9.2938733125649%,3.75722543352601%,12.6968106580541%,52293.1723779855,67812.5433526012,54364.534351145,25.1507998950957%,11.9840213049268%,29.7567673597489%,43.7171455317923%,60.2601156069364%,33.6174609324551%
"NYC-Queens Community District 6--Forest Hills & Rego Park PUMA, New York",New York,85.6568736141907%,89.8994463902384%,77.8068937714171%,7.18559327054085%,9.42007060010086%,3.59872611464968%,4.55396132252027%,4.78320715760496%,4.7160542346237%,1.86862967157418%,2.23702400402162%,0%,76823.2271477107,96951.1114741737,50554.4888888889,11.6225406849648%,15.190172454524%,5.79598145285935%,49.9970380901605%,56.5607665153807%,38.1847133757962%
"NYC-Queens Community District 7--Flushing, Murray Hill & Whitestone PUMA; New York",New York,87.8344331133773%,90.7608695652174%,85.8624809906583%,24.0295003438545%,10.3643038689636%,29.1604816097641%,2.70188951739078%,3.09534919894229%,2.74077728443787%,13.7822701816692%,7.39390783650091%,16.3387943576444%,52956.1094795793,66957.4138679163,31467.2538513061,28.7988489742876%,17.9008959590419%,29.5740032768979%,46.3621262458472%,61.3088079235939%,37.1062180438727%
"NYC-Queens Community District 8--Briarwood, Fresh Meadows & Hillcrest PUMA; New York",New York,84.3700396825397%,90.6784525312823%,83.8524919614148%,18.9602324748219%,17.414823953687%,18.2273828418678%,8.10331965684446%,7.12253829321663%,9.55508278605124%,9.05403021929567%,13.8625142423092%,3.45116836428999%,52721.166323711,67920.1291302697,51765.6004195071,37.4694602798549%,33.0100930140511%,38%,45.0619004020541%,51.2479832969536%,37.2650572216189%
"NYC-Queens Community District 9--Richmond Hill & Woodhaven PUMA, New York",New York,83.4762960793339%,80.1368843922035%,82.987610619469%,22.98369547022%,15.4280225717373%,23.3913788181559%,8.48627578366087%,9.86389785323418%,7.38110159459648%,14.7218045112782%,6.01559598960267%,14.579423306603%,42563.4606516291,55439.3130337913,41557.1650071124,20.0771924808806%,11.1256202663881%,18.9962031324158%,51.4417763488395%,49.1285010217574%,51.8812446474451%
"NYC-Staten Island Community District 1--Port Richmond, Stapleton & Mariner's Harbor PUMA; New York",New York,75.9278803869833%,83.5384194695105%,79.5811518324607%,31.9666691246958%,8.76239962210676%,26.2511373976342%,3.18811701838602%,0%,6.5843621399177%,24.5800996177459%,5.89198036006547%,21.734022556391%,50632.7464380864,70503.8952536825,37890.8841044434,29.0011139992573%,0%,24.6456965088144%,60.2831649583364%,89.1828058573453%,56.1267819229603%
"NYC-Staten Island Community District 2--New Springville & South Beach PUMA, New York",New York,81.7959848073793%,82.0021684134442%,94.2362294151051%,20.054457203741%,15.4327081276736%,14.6146146146146%,3.09127248500999%,0.484893696381947%,5.85404971932638%,10.1658374792703%,4.58351696782724%,15.3359445616149%,51526.7993366501,76995.0639048039,34344.746162928,12.371705963939%,11.0924369747899%,23.086269744836%,57.2563433720655%,80.3370786516854%,58.8088088088088%
"NYC-Staten Island Community District 3--Tottenville, Great Kills & Annadale PUMA; New York",New York,83.5644937586685%,87.8557874762808%,78.0177890724269%,8.26446280991736%,0%,16.0788381742739%,10.1198871650212%,0%,13.9771283354511%,5.31120331950207%,0%,10.4234527687296%,65504.8049792531,101168.596112311,40532.0776255708,0%,0%,0%,48.4404158890962%,57.2524942440522%,45.746887966805%
NEW YORK,,83.5495333730677%,87.7648721706042%,81.1607005804756%,27.4591051658372%,15.7686804912945%,30.5052828217901%,5.61223340765264%,4.61968997137645%,6.46623925116307%,17.0527510090225%,8.58749454069006%,19.1292356185973%,50992.7490536597,73983.7194688091,33821.204732588,25.0355885774604%,16.3330447954988%,26.3327002954576%,31.3529030193265%,40.2608603394402%,27.441595040512%
"Clinton, Franklin, Essex & Hamilton Counties PUMA; New York",North Country,60.377358490566%,54.4797687861272%,100%,17.1007927519819%,21.8208092485549%,0%,0%,0%,0%,31.4583333333333%,40.053050397878%,0%,38381.6666666667,42966.5782493369,#DIV/0!,0%,#DIV/0!,0%,73.9071038251366%,100%,0%
"Jefferson & Lewis Counties PUMA, New York",North Country,37.8457059679767%,100%,0%,22.1357063403782%,31.758530183727%,10.5691056910569%,49.3996569468268%,0%,96.969696969697%,0%,0%,#DIV/0!,119492.307692308,119492.307692308,#DIV/0!,27.6595744680851%,0%,100%,38.8174807197943%,47.6923076923077%,30.8943089430894%
"St. Lawrence County PUMA, New York",North Country,82.8125%,100%,81.9178082191781%,17.1875%,0%,18.0821917808219%,0%,#DIV/0!,0%,0%,0%,0%,36129.2452830189,33000,#DIV/0!,55.4621848739496%,#DIV/0!,55.4621848739496%,69.0104166666667%,100%,67.3972602739726%
NORTH COUNTRY,,56.6988210075027%,67.5592173017508%,46.2600690448792%,19.2059095106187%,24.9084249084249%,11.2595419847328%,16.5232358003442%,0%,37.6470588235294%,14.2722117202268%,23.0182926829268%,0%,57637.3345935728,73008.2317073171,#DIV/0!,23.6947791164659%,0%,32.5966850828729%,58.5005279831046%,83.4146341463415%,37.9770992366412%
"Broome (Outer West) & Tioga Counties PUMA, New York",Southern Tier,100%,100%,#DIV/0!,0%,0%,#DIV/0!,0%,0%,#DIV/0!,0%,0%,#DIV/0!,60100,60100,#DIV/0!,#DIV/0!,#DIV/0!,#DIV/0!,100%,100%,#DIV/0!
"Broome County (West Central)--Greater Binghamton City & Greater Johnson City Village PUMA, New York",Southern Tier,83.9721254355401%,86.1538461538462%,78.2278481012658%,35.8024691358025%,33.3563059958649%,44.4174757281554%,6.61157024793388%,0%,23.3009708737864%,26.9709543568465%,25.4464285714286%,31.3915857605178%,76447.1369294606,95408.1473214286,#DIV/0!,64.8301886792453%,77.7665995975855%,25.9818731117825%,28.8781535158347%,31.4955203308063%,19.6601941747573%
"Chemung (South) & Steuben (East) Counties--Greater Elmira & Greater Corning Cities PUMA, New York",Southern Tier,85.3195164075993%,93.6492890995261%,0%,2.2083805209513%,2.34515935057126%,0%,0%,0%,0%,3.94736842105263%,3.94736842105263%,#DIV/0!,199346.356275304,199346.356275304,#DIV/0!,0%,0%,#DIV/0!,80.8040770101925%,79.6151533373422%,100%
"Chenango, Delaware & Broome (East) Counties PUMA; New York",Southern Tier,91.7333333333333%,100%,57.2413793103448%,17.0398009950249%,2.26171243941842%,57.2413793103448%,0%,0%,0%,12.0639534883721%,0%,100%,60322.6744186047,66952.0661157025,#DIV/0!,0%,0%,#DIV/0!,16.0887656033287%,2.26171243941842%,100%
"Steuben (North & West), Schuyler & Chemung (North) Counties PUMA; New York",Southern Tier,18.407960199005%,0%,100%,0%,0%,0%,0%,#DIV/0!,0%,0%,#DIV/0!,0%,25000,#DIV/0!,#DIV/0!,#DIV/0!,#DIV/0!,#DIV/0!,100%,100%,100%
"Tompkins County PUMA, New York",Southern Tier,89.7691500524659%,89.3561103810775%,91.40625%,26.3581094332222%,27.0941054808687%,24.0454914703493%,0%,0%,0%,6.25365283459965%,2.35294117647059%,21.3675213675214%,48845.0613676213,44502.5,#DIV/0!,14.4827586206897%,19.855920756416%,0%,25.8874289076289%,27.7145811789038%,20.1462225832656%
SOUTHER TIER,,85.177829933201%,88%,73.3082706766917%,22.2663408674404%,20.1807995925643%,29.149377593361%,1.86770428015564%,0%,8.88066604995375%,11.7422636710471%,7.59268664296597%,32.6923076923077%,89110.3857566766,98734.9415947181,#DIV/0!,24.4636808430561%,29.189709064679%,7.44588744588745%,37.8991682924325%,39.7249809014515%,28.7804878048781%
"Cattaraugus & Allegany Counties PUMA, New York",Western NY,88.2978723404255%,100%,15.3846153846154%,1.94647201946472%,0%,10.3896103896104%,6.23441396508728%,0%,32.4675324675325%,2.40963855421687%,0%,100%,308474.006024096,315932.62345679,#DIV/0!,#DIV/0!,#DIV/0!,#DIV/0!,100%,100%,100%
"Chautauqua County PUMA, New York",Western NY,100%,100%,#DIV/0!,100%,100%,#DIV/0!,0%,0%,#DIV/0!,100%,100%,#DIV/0!,25118.2795698925,12000,32000,0%,#DIV/0!,#DIV/0!,0%,#DIV/0!,#DIV/0!
"Erie County (Central) PUMA, New York",Western NY,78.682842287695%,84.6938775510204%,90.3083700440529%,26.3838964773544%,23.6947791164659%,14.6616541353383%,17.1052631578947%,36.5461847389558%,0%,9.58149779735683%,17.4698795180723%,0%,52193.7114537445,54562.1485943775,#DIV/0!,19.6936542669584%,26.0869565217391%,#DIV/0!,65.1942117288652%,53.8152610441767%,100%
"Erie County (North Central) PUMA, New York",Western NY,79.8249452954048%,90.8614668218859%,100%,46.3203463203463%,37.0943281771307%,81.6666666666667%,0%,0%,0%,10.8004385964912%,0%,0%,120131.699561404,137882.908392056,9000,46.2457337883959%,39.8185483870968%,81.6666666666667%,34.3852562484221%,32.0897785865939%,0%
"Erie County (Northeast) PUMA, New York",Western NY,73.3990147783251%,100%,0%,0%,0%,0%,0%,0%,0%,0%,0%,#DIV/0!,69093.9597315436,69093.9597315436,#DIV/0!,#DIV/0!,#DIV/0!,#DIV/0!,100%,100%,100%
"Erie County (Northwest) PUMA, New York",Western NY,89.4488188976378%,62.1468926553673%,100%,69.9417758369723%,29.2576419213974%,90.2838427947598%,0%,0%,0%,72.7992957746479%,0%,90.2838427947598%,28806.8661971831,93127.2727272727,#DIV/0!,9.75254730713246%,29.2576419213974%,0%,0%,0%,0%
"Erie County (South) PUMA, New York",Western NY,100%,100%,100%,72.1428571428571%,0%,73.5735735735736%,0%,0%,0%,67.6795580110497%,0%,73.5735735735736%,25814.7237569061,30170,#DIV/0!,10.5839416058394%,100%,0%,20.952380952381%,0%,26.4264264264264%
"Erie County (West Central)--Buffalo City (East) PUMA, New York",Western NY,48.9156626506024%,31.3304721030043%,48%,91.6895604395605%,92.6411290322581%,87.434554973822%,40.4591104734577%,0%,73.8219895287958%,40.3940886699507%,0%,0%,27382.7586206897,37100,17200,0%,#DIV/0!,0%,41.0027472527472%,23.4879032258064%,73.8219895287958%
"Erie County (West Central)--Buffalo City (West) PUMA, New York",Western NY,52.1131447587355%,53.8782318598832%,69.6629213483146%,61.6906474820144%,34.8708487084871%,77.725674091442%,1.3136288998358%,0%,3.1104199066874%,43.4865900383142%,6.5015479876161%,73.6175115207373%,32267.9438058748,47995.5108359133,45000,19.9066874027994%,16.7330677290837%,4.35714285714286%,7.78128286014721%,10.2706027060271%,7.97280593325093%
"Niagara County (North & East) PUMA, New York",Western NY,73.4939759036145%,#DIV/0!,0%,30.6701030927835%,#DIV/0!,0%,20.817843866171%,#DIV/0!,38.8888888888889%,48.7704918032787%,#DIV/0!,#DIV/0!,28491.8032786885,#DIV/0!,28491.8032786885,42.512077294686%,#DIV/0!,100%,46.6494845360825%,#DIV/0!,38.8888888888889%
"Niagara County (Southwest)--Greater Niagara Falls & North Tonawanda Area PUMA, New York",Western NY,86.6013071895425%,100%,79.3969849246231%,57.8599735799207%,57.1428571428571%,55.0420168067227%,17.7007299270073%,0%,18.5567010309278%,63.3962264150943%,0%,58.2278481012658%,17983.9622641509,17000,19000,0%,#DIV/0!,0%,78.2034346103038%,42.8571428571429%,88.6554621848739%
WESTERN NY,,72.7061105722599%,77.1750469434592%,78.835416112736%,53.5709473116831%,38.6869576153943%,67.0242352006357%,6.53256704980843%,3.86987029555603%,11.2644811437022%,35.6856990394877%,4.35252771019194%,64.1821247892074%,67568.6779615795,113848.518518519,21973.8578680203,25.5379668562948%,30.7786784573815%,14.0056907998735%,33.8132484252786%,32.9081954792272%,33.1963845521775%
