,,FT Work Access,,,Poverty,,,Unemployment,,,Working Poor,,,Income,,
,,Overall,BABS,HS,Overall,BABS,HS,Overall,BABS,HS,Overall,BABS,HS,Overall,BABS,HS
"Albany County (East Central)--Albany City PUMA, New York",Capital Region,86.0602289022971%,87.1840442338073%,86.5847713756459%,24.3276464978277%,7.78493587813836%,27.6180436916143%,5.67441860465116%,2.73432277042385%,8.18624317813068%,6.02383123211872%,2.09135522838807%,6.54205607476635%,55970.4815921024,71899.1814269536,45429.5152572909
"Albany County (Outside Albany City) PUMA, New York",Capital Region,86.152228008517%,87.0583437709359%,85.5692736243243%,9.53648861598652%,4.09157852456822%,11.4463713772362%,3.63465837551713%,2.13023695562253%,4.72280224292049%,3.27859062406689%,1.80674518201285%,4.59209139814764%,69085.2896257035,95644.7122925589,48107.2170050761
"Columbia & Greene Counties PUMA, New York",Capital Region,80.0936602814515%,84.6459244854967%,77.5372219302855%,20.9418628881017%,10.2597216243363%,21.3645995197062%,3.34871584237358%,1.59140143309448%,3.45587969489932%,9.64703111660632%,4.8626399923423%,10.2007522544977%,56678.0327897752,80956.8254044223,46931.3193421588
"Rensselaer County--Troy City PUMA, New York",Capital Region,79.1961751083221%,82.7906253240693%,77.5533821961016%,15.0786605513636%,9.21304286980454%,14.3053952414641%,4.858213597536%,2.49921572728223%,5.11196875505535%,5.0761325424113%,1.40915638504415%,6.05377885712614%,62174.4623627514,77000.059497714,54893.9023904965
"Saratoga County (Outer) PUMA, New York",Capital Region,83.4620401233929%,87.3566497404005%,81.4217749940103%,13.3609314359638%,4.42110655737705%,15.3755868544601%,5.04691646987524%,1.70247263883259%,5.41923358045317%,4.93571339408314%,2.33165697864281%,6.45106455314266%,60213.8041822737,79652.0071843773,46037.0425827063
"Saratoga County (South & Central) PUMA, New York",Capital Region,84.5971760797342%,87.4675551078914%,80.6521739130435%,9.1426437374402%,6.15880982254884%,10.3571561580574%,2.77308439638422%,1.48008187686978%,4.41626997219211%,3.02636100338717%,2.53786872176455%,3.78505476859552%,70020.8404840214,79507.3461334042,59408.0186958766
"Schenectady County--Schenectady City PUMA, New York",Capital Region,85.5461795912554%,90.6123481781376%,82.8706916493176%,18.6329588014981%,6.27524210709167%,21.972701281933%,5.82916401346311%,3.72793670115642%,6.33554479708326%,6.53455856306391%,2.43507400167551%,7.44807329183859%,54850.8462739059,75037.1471655962,43496.4164689463
"Warren & Washington Counties PUMA, New York",Capital Region,77.1971077538064%,82.6383565843937%,75.8213062278879%,18.4528716680407%,6.60338137472284%,18.6707109172626%,6.80136822846233%,3.32231023609936%,7.51712328767123%,8.01757415684681%,4.62851312494203%,9.13167549938851%,54407.6901208245,89347.083758464,41887.458800874
CAPITAL REGION,,82.8291796238882%,86.5382047972943%,80.7756779092794%,15.6087123184219%,6.4321509962515%,17.2310825847253%,4.70068462322034%,2.34091318791687%,5.58518859026892%,5.53307296229518%,2.50877888952557%,6.73226307612636%,61222.4860684084,82335.0339915664,48136.5018845707
"Cayuga & Onondaga (South) Counties PUMA, New York",Central NY,81.9997513777815%,85.3256783541795%,82.2335352493878%,17.8889872039205%,8.09871810231221%,20.0630749014455%,4.44342264766125%,2.06574080535976%,4.54882491376253%,8.12067310121785%,4.70201858378725%,9.3762244338218%,54395.5195310526,72567.2244472925,45794.0495258992
"Madison & Cortland Counties PUMA, New York",Central NY,83.1821593223973%,86.5941545442413%,81.9655009770231%,18.4145877305284%,6.46482635796972%,21.2121212121212%,5.10014227864726%,2.82252605929335%,5.62186472928559%,6.72197239882152%,2.6123140941666%,7.73389459782923%,50178.3070478449,70346.2603066965,40696.5665255457
"Onondaga County (Central)--Syracuse City (Outer) PUMA, New York",Central NY,83.4979766722209%,87.1492128678987%,80.0487885100318%,11.0135724856749%,4.69904473366927%,13.2214108601197%,3.31864143116412%,2.13329565923781%,4.07207006191778%,3.72425853884864%,0.883565678382093%,5.49929628231094%,63616.50940774,83302.2819556254,48253.0170861154
"Onondaga County (Central)--Syracuse City PUMA, New York",Central NY,70.698608137045%,81.6164817749604%,65.9256906954589%,41.7442656941333%,15.8340902210112%,45.4486143904561%,7.19739441507822%,3.13034553540883%,7.95104261106074%,13.2128590450827%,3.29294812053433%,17.8364987613543%,44691.5862643395,58409.7878385284,37366.3153041563
"Onondaga County (North) PUMA, New York",Central NY,83.7606535970779%,88.5530091591651%,79.9749851885985%,9.75522654564393%,4.46608818841863%,13.1091893639376%,4.77841181803637%,4.42930824048191%,5.19372632418422%,3.77306817224235%,1.27402672348737%,6.1898098608939%,60560.1396730429,74217.4586052293,48500.5115647378
"Oswego County PUMA, New York",Central NY,81.8423587552875%,85.4654554546212%,82.2710895763449%,20.2105604146421%,7.91248206599713%,20.1401555150235%,7.26316016475815%,1.92374350086655%,9.23602111451781%,6.88593565601108%,0.273037542662116%,8.22878368646477%,48622.8244505284,67809.2208678693,41773.4765931743
CENTRAL NY,,81.4269073582932%,86.356498928545%,79.4035958047112%,18.871916511045%,6.94053911422988%,21.3851941948619%,5.14202057610418%,2.8572236838383%,5.97820336472331%,6.41593905465085%,1.91078027097949%,8.42210455457088%,55060.774592052,73576.9018429187,44302.0241525482
"Genesee & Orleans Counties PUMA, New York",Finger Lakes,80.3608406921667%,82.2650602409639%,81.2485767266339%,19.4759894563688%,2.90570805099345%,21.72882890078%,6.04887199961518%,3.22173089071383%,5.02024022828323%,8.72578638706238%,1.44991212653779%,10.7987987987988%,47415.9288549257,66394.3049209139,42806.9721721722
"Livingston & Wyoming Counties PUMA, New York",Finger Lakes,85.232410464821%,86.7720465890183%,86.755497305956%,17.9508546574257%,2.45936698032506%,15.1131039636688%,3.73001776198934%,0.501835985312118%,5.001672178663%,9.56172913423542%,1.15052732502397%,6.80800743306022%,46512.6982655859,66401.0094507602,43009.7527066723
"Monroe County (Central)--Greece & Gates Towns PUMA, New York",Finger Lakes,81.0051636448344%,83.1736206178204%,79.6425417897269%,11.5047855081443%,5.71475178076233%,12.1329325975562%,3.05140038192234%,0%,2.96124031007752%,5.39912291212346%,2.37584084728782%,4.44240547463394%,50432.8409499389,61241.6545012165,45636.5003631915
"Monroe County (Central)--Rochester City (East) PUMA, New York",Finger Lakes,81.721395267659%,88.6794601674164%,78.5515173828433%,35.1454726728904%,13.1239759694156%,39.6151669496322%,9.66933743457446%,1.02423628892991%,12.9542188462328%,16.5812122321919%,8.68811404353689%,21.5611390284757%,41233.9506346107,52681.8638669492,31903.932373619
"Monroe County (Central)--Rochester City (West) PUMA, New York",Finger Lakes,78.3896231032795%,81.1547947192804%,79.1012838801712%,42.5646551724138%,15.3177343050761%,42.8837081166707%,11.4455793817222%,7.75563258232236%,10.6328606503984%,14.5750090810025%,2.52055774043618%,18.4744530372133%,38590.9923732215,63152.391848409,30814.4763622311
"Monroe County (East) PUMA, New York",Finger Lakes,83.8734554377355%,86.2043600374482%,81.3559965094662%,5.75373993095512%,2.71560543121086%,8.03984236820058%,3.72843529703496%,1.53595768487438%,6.29117635858182%,1.77623605132277%,0.7330695834303%,2.55094902765471%,64734.7521210348,77051.2690249011,50866.7262043557
"Monroe County (North & West) PUMA, New York",Finger Lakes,81.3420586583733%,86.4446263300384%,78.39425136461%,11.0122648005807%,3.44097995545657%,14.5316276602016%,2.97868484834757%,2.64115972727874%,3.32281350890558%,6.52191266863575%,2.31609613983977%,9.06236178681999%,50712.1332342086,70217.9018208303,39481.0251189847
"Monroe County (South) PUMA, New York",Finger Lakes,85.4353953419374%,87.1279584742131%,83.1489837479535%,8.60894133289015%,3.6761009725713%,11.8088403196868%,2.0848971338409%,0.282066508313539%,4.55159981973862%,3.15758324775018%,2.22452995190206%,4.8236939848536%,84823.7362828171,104278.023393091,51018.5462229266
"Ontario & Yates Counties PUMA, New York",Finger Lakes,82.7097326362402%,83.111660995979%,81.4259197273529%,18.327462092204%,6.01397843636561%,19.7225271983232%,5.69439623587489%,2.9614630133519%,6.29193052855978%,11.6794889098844%,3.0591737997767%,11.738106805187%,55548.2642956764,87096.2408634165,43405.6066743899
"Wayne & Seneca Counties PUMA, New York",Finger Lakes,82.4535161524878%,86.313272220008%,83.9567018413812%,20.8549534932288%,9.46504894526403%,20.546281523111%,5.64399112325026%,3.36245261249382%,4.94461290921468%,9.83899821109124%,4.38677502770595%,11.6037022364678%,48097.6518934718,65697.2475064647,41851.3019051392
FINGER LAKES,,82.5496831873148%,85.7675906183369%,81.4960159146004%,17.9508119698277%,5.636053196322%,19.9553753000281%,4.97999436097103%,1.68678125166634%,5.80550239499098%,7.99770675075247%,2.81748498031904%,9.56533763951216%,55566.6675725933,77624.457480436,42752.0033436042
"Nassau County (Central)--Hempstead Town (East Central) PUMA, New York",Long Island,80.4556442751447%,78.2294133122862%,82.6151034604728%,6.40940742078542%,2.89826653070829%,9.96171993234221%,7.27211147667892%,4.02296292999867%,11.8649808083089%,2.3369449755683%,0%,5.24475524475525%,96139.8899207867,110091.160417017,74312.675895533
"Nassau County (Central)--Hempstead Town (North Central)--Meadowbrook Corridor PUMA, New York",Long Island,82.3556565584831%,88.2703586193635%,80.5945180800412%,19.3881769326168%,9.52105697770438%,20.0512151519544%,8.11832897434085%,4.21032394501586%,8.94440489288719%,7.57124994610443%,3.9647097266093%,7.72792591409868%,59854.8760401845,74242.4180372508,51924.7006227048
"Nassau County (Central)--Hempstead Town (Northeast) PUMA, New York",Long Island,87.9517752343522%,91.3598797896319%,85.3721781574131%,9.48930597992143%,6.98273250530142%,10.7119529719138%,2.79209621993127%,2.30346092138437%,1.99307668100283%,2.51578052925467%,1.03744939271255%,3.98227438768789%,75557.8745772947,85840.9530617409,65983.6174140909
"Nassau County (East Central)--Oyster Bay Town (Central) PUMA, New York",Long Island,79.7740738329318%,79.7730417935234%,80.24270634195%,6.31262255889543%,3.45740767985876%,7.64679967272956%,3.94195005313496%,2.59906500445236%,6.24891511890297%,1.33034074678637%,0.860453819998612%,0%,98793.4947969802,126740.850045104,60713.3768386161
"Nassau County (Northeast)--Oyster Bay Town (North) & Glen Cove City PUMA, New York",Long Island,79.8490145725689%,83.2085971982345%,74.0991983085191%,5.46509034128932%,3.58135347763122%,8.57625686523025%,4.04507184908527%,3.73605046094129%,4.38799076212471%,1.52278363298202%,0.663053505535055%,3.30519557722031%,159994.328890267,197645.269833948,83203.4335988586
"Nassau County (Northwest)--North Hempstead Town (North) PUMA, New York",Long Island,76.1071369156546%,75.2681388012618%,81.1399647887324%,5.11801443750507%,3.89076444830698%,7.91460935230903%,4.31916267373501%,3.97993981945838%,6.26966292134832%,2.87662848649121%,1.802179379715%,5.83129915920803%,158196.260688992,172238.460551132,89262.688364524
"Nassau County (South Central)--Hempstead Town (Southeast) PUMA, New York",Long Island,83.3306006449145%,88.5205713067576%,79.0068124775905%,7.08495129095988%,4.23218701880454%,9.1882458374605%,4.96921723834653%,0.831713112983366%,9.63195900302819%,2.30865088214075%,2.64298615291993%,2.00438696013917%,91820.8883714829,108945.32269717,73071.0203464186
"Nassau County (Southeast)--Oyster Bay Town (South) PUMA, New York",Long Island,82.786020370809%,83.9074953181482%,82.0167994081038%,5.68609799562749%,3.61624503868821%,7.12316176470588%,3.12513526381855%,1.28635590633585%,5.02976711609175%,1.78176615944856%,1.23014637184678%,2.37728840541258%,81268.3367147874,94726.9129554656,66159.8991775007
"Nassau County (Southwest)--Hempstead Town (Southwest) & Long Beach City PUMA, New York",Long Island,86.7952985229873%,88.9932603201348%,82.9555694184515%,6.33175136011112%,3.05799648506151%,10.5734661401544%,3.49229225107445%,0.425821836143757%,7.10782667114545%,1.869494876865%,0.525394045534151%,3.37566844919786%,100118.121816766,124719.038670895,54149.3181818182
"Nassau County (West Central)--Hempstead Town (Northwest) PUMA, New York",Long Island,82.0394816519317%,84.0152009975655%,80.3042071197411%,5.70957735556417%,1.22879458733396%,9.4838355069205%,5.76520869327999%,3.03196681307955%,8.20199218257471%,0.549896663714201%,0.53714043395293%,0%,85999.2651313847,104139.266520602,67069.8554042073
"Nassau County (West Central)--Hempstead Town (West Central) PUMA, New York",Long Island,84.1842397336293%,86.2773546125015%,81.5217391304348%,6.415%,3.57950471568033%,7.36023659606945%,5.97240817276908%,6.00753982731363%,6.17312601531678%,1.84227873573188%,1.44338565022422%,1.2972972972973%,87075.6473649516,116335.085762332,59458.4807207207
"Nassau County (West Central)--North Hempstead Town (South) PUMA, New York",Long Island,80.1779270427668%,85.3922696811751%,74.6857737571051%,10.814313891237%,3.000394788788%,16.4007853724383%,5.8313551450098%,5.06578947368421%,6.73333842278036%,0.409963905351811%,0%,0.986172151355987%,83354.619936723,100610.990091161,61859.6940722478
"Suffolk County (Central)--Brookhaven Town (Central) PUMA, New York",Long Island,82.7268285429015%,87.8026299619024%,79.7514493005173%,6.9170579029734%,4.60390538180664%,7.93655241991985%,6.69886735145852%,4.61088070261039%,7.34449595239743%,2.13651070823276%,0%,3.62148515713415%,67556.3268450516,83474.989852334,58643.281535649
"Suffolk County (Central)--Brookhaven Town (West Central) PUMA, New York",Long Island,82.987466080889%,83.3189340067788%,83.0521807534307%,7.90598745081357%,4.74534307946239%,8.00593031875463%,5.4638486063972%,7.77799619946268%,3.76141151685393%,1.93385650224215%,0%,2.87307935171543%,72450.3018186348,81925.5589056393,66801.6922753105
"Suffolk County (Central)--Islip Town (East) PUMA, New York",Long Island,84.8312611012434%,89.7361226673006%,80.9476427386875%,5.18744637976098%,3.03665967435821%,6.07218077321244%,5.61018502464518%,4.32228039557883%,6.51500439265733%,0.921273031825796%,1.56964037353467%,0.415593537813159%,77640.7293910026,92129.5724220147,67136.0050339499
"Suffolk County (Central)--Islip Town (Northwest) PUMA, New York",Long Island,85.1161282477403%,85.9243397573162%,86.044438785255%,16.3725318888695%,3.38941422080314%,17.1698364144168%,10.0997053243451%,4.64301357862462%,12.2956467272158%,3.04776417924663%,1.7943179930221%,2.70070292267851%,49416.4522120101,65590.2724705101,43827.6677765446
"Suffolk County (East) PUMA, New York",Long Island,82.1062906274013%,83.5405481774513%,80.7683641279856%,8.94091415830546%,2.54530969926309%,12.7933068342095%,4.29031339655286%,3.21616278509089%,4.72750882603579%,1.15169204070364%,0%,1.95952615992103%,81840.3040596939,112046.559614409,57801.8301018273
"Suffolk County (North Central)--Brookhaven Town (North) PUMA, New York",Long Island,80.3530210454854%,77.7027734170592%,82.8162015369504%,10.2366266199575%,7.10198733347893%,12.6092384519351%,2.88103319811243%,1.89444474091467%,4.03159742539497%,2.32848935451166%,0%,4.80708853694272%,94954.9489692464,123219.348777695,67598.8857880416
"Suffolk County (Northwest)--Huntington Town (North) PUMA, New York",Long Island,84.5796655556505%,88.5305473540768%,78.0121193043205%,6.81281857655277%,1.695247812267%,13.187020500566%,5.33766270756786%,4.19523269012486%,5.99856034551708%,2.15560794880431%,0.179579271421242%,6.10309694340765%,110988.639541933,135706.644843509,63646.1414304449
"Suffolk County (Northwest)--Huntington Town (South) PUMA, New York",Long Island,80.9610004936646%,82.4022346368715%,78.657440690151%,6.42734136971784%,3.3741753063148%,9.00534215212414%,3.89144218189138%,1.13871057772816%,7.67506500493141%,2.5650406504065%,0.541069100391134%,3.50736890209071%,111844.491422764,136239.763168188,74024.1656574889
"Suffolk County (Northwest)--Smithtown Town PUMA, New York",Long Island,81.7195890237199%,84.9092356084435%,78.6159203492079%,5.07100495130312%,5.56754988550867%,3.56929127126614%,4.75116971501489%,5.45002261420172%,3.9475002504759%,1.5728883714914%,2.23164472216023%,0.673778775968557%,101507.770611823,116340.9932158,80631.4754507455
"Suffolk County (South Central)--Brookhaven Town (South) PUMA, New York",Long Island,84.7131475782996%,85.7250439293783%,84.6945127916284%,14.9195661494974%,8.79527503024265%,12.802362541987%,4.95944031932701%,5.61078931442898%,4.54207442220173%,6.68300122509188%,3.86530014641288%,5.61781913018961%,64672.1389296644,94626.5397755002,55592.5558277914
"Suffolk County (Southwest)--Babylon Town (Southeast) PUMA, New York",Long Island,86.738879260543%,88.760585065435%,86.6760577063195%,3.75307724464676%,1.42827714069903%,5.1868544600939%,5.93470095348165%,4.82513703389176%,6.67507519161735%,0%,0%,0%,72471.4898265011,83786.0034692108,66537.3149518045
"Suffolk County (Southwest)--Islip Town (South) PUMA, New York",Long Island,83.1107678509143%,82.6836109680005%,83.4205269666128%,5.4493167362875%,4.30273156705689%,5.75996328310258%,2.7668574272207%,2.63445498993385%,3.07172044525856%,1.43289666956444%,1.02464691221268%,1.15165336374002%,77287.9142060613,93733.1161728053,67748.3979475485
"Suffolk County (West Central)--Babylon Town (Northwest) PUMA, New York",Long Island,78.5931174089069%,81.5924170616114%,76.0668513215342%,10.1089531027949%,4.2000172131853%,9.50590762620838%,7.90072328511433%,7.52668552139403%,7.9439469166164%,4.68696674377157%,1.56830855018587%,3.5857557242486%,63074.6180068937,85023.9881505576,55170.1882367463
LONG ISLAND,,82.6788736344062%,84.3270838120728%,81.3244052551906%,8.01961270223386%,4.02235885093381%,9.87127440592523%,5.11122381645753%,3.6105974911174%,6.26665427278924%,2.2816569856716%,1.02158642589088%,2.87806102679132%,87856.4927372568,113284.618306947,63878.6110321552
"Dutchess County (North & East) PUMA, New York",Mid-Hudson,81.7681992739177%,84.3162437069763%,80.438155056945%,8.85176029324013%,3.91946788089817%,9.98468974212723%,5.2656669844847%,4.53450623101895%,5.72963645633162%,3.65942595197166%,1.73642844087004%,4.29300221388007%,68604.437058899,90721.1453116432,53639.8260501435
"Dutchess County (Southwest) PUMA, New York",Mid-Hudson,81.9656841179059%,87.7367983549897%,80.1277343126298%,17.4931833674165%,6.3389896625707%,19.6381053751996%,7.80908789154627%,1.40347740580164%,9.65462358745822%,6.59397828018989%,2.5231873940361%,9.12655106907562%,66518.5448182579,87992.9882317742,50849.1302407142
"Orange County (Northeast)--Greater Newburgh City PUMA, New York",Mid-Hudson,82.4576493919193%,83.9107736117703%,82.6369138773427%,14.0635551142006%,3.24398526118055%,15.2569240892505%,3.90126809397958%,1.33268324394604%,3.31011730205279%,7.08608693120615%,1.12702960840497%,8.12720848056537%,64906.3988293588,89155.1432880845,56316.3241263678
"Orange County (Northwest) PUMA, New York",Mid-Hudson,82.0767494356659%,87.6549783220507%,80.0514668039115%,18.2130818209677%,9.3030649879181%,17.0498971193416%,4.49204773666351%,5.25687868167922%,4.35744382022472%,7.6328448683369%,6.10033210977102%,6.39882240886657%,62746.3748624863,85345.1154113155,53700.8820882088
"Orange County (Southeast) PUMA, New York",Mid-Hudson,82.0594454608092%,87.3538276069922%,78.3921502568854%,14.2214558812505%,4.91251005631537%,15.7225277505989%,5.1120630487776%,6.48506884425106%,3.20067739204064%,6.31117307077924%,0.945349158156224%,8.13161875945537%,77352.3416526724,99898.2194314104,62318.7633628794
"Putnam County PUMA, New York",Mid-Hudson,80.9413657849744%,86.7023554603854%,75.0232808900652%,4.15003990422985%,0.558940530741729%,6.84377707190297%,3.64878200799875%,1.24809397413452%,5.86516074701541%,1.22609428134652%,0.253148925660657%,2.30895375532962%,92378.7498136183,117576.879229439,68206.1722087934
"Rockland County (North)--New City & Congers PUMA, New York",Mid-Hudson,79.0743004393934%,82.957213670754%,77.8284537295866%,10.0047628386518%,3.89922702547953%,11.2941607175545%,4.16314954249249%,2.88741721854305%,5.96512237108001%,4.78796741174013%,3.23138611526063%,4.67863894139887%,85545.7006475872,101051.505228398,70360.8742911153
"Rockland County (South)--Orangetown, Clarkstown (South) & Ramapo (Southeast) Towns PUMA; New York",Mid-Hudson,80.489766487326%,82.4987354577643%,81.4953413777303%,9.83519893350495%,5.50105399708124%,10.9705438066465%,4.74834078673769%,0.927724888284438%,9.17748252822364%,2.10178134582917%,0%,3.31740230531347%,101706.869413913,110879.990580235,89102.151625902
"Rockland County (West)--Spring Valley, Suffern Villages & Monsey PUMA; New York",Mid-Hudson,71.66558831685%,75.9222851856135%,70.7139649753031%,27.3033790222092%,3.86333184457347%,36.7457671438844%,4.68589564081023%,3.56075994742502%,5.5977144897777%,9.45379506029535%,0.517897943640518%,14.0970281940564%,65751.0818984975,88981.3648134044,49342.0963931928
"Sullivan & Ulster (West) Counties PUMA, New York",Mid-Hudson,80.1539012168934%,85.9043395628762%,77.8135048231511%,19.1909404711439%,11.7294148334927%,21.7570998405857%,6.07030430220357%,2.96098343132015%,6.98455846264205%,6.20246692656739%,5.11307767944936%,7.18086358713566%,52810.4656013779,82481.0186823992,42722.5986100676
"Ulster County (East) PUMA, New York",Mid-Hudson,78.6753814249741%,85.2684395383843%,77.4074553455863%,21.2113759981484%,7.35745760448658%,23.7409010426913%,5.70562032034878%,4.70679411004908%,5.85877989004438%,4.42681979713351%,2.17135459573967%,5.25875762896079%,60662.1851450895,76135.1028009886,50867.7189198228
"Westchester County (Central)--White Plains City PUMA, New York",Mid-Hudson,80.1689213629458%,80.5009271592363%,78.3195984881344%,7.67421300243125%,4.78910163381864%,11.1644594523294%,2.96576689145734%,2.34456269504681%,3.74704344578613%,1.65813161278679%,1.58323329980858%,1.95411392405063%,125731.068445868,149304.133536645,75192.7818829114
"Westchester County (Northeast) PUMA, New York",Mid-Hudson,82.6784246651414%,82.4566567568363%,84.07872941635%,3.01786308665261%,1.97953622294205%,4.87339086150799%,2.52368064952639%,2.09103199639477%,3.49794238683128%,0.445984793530534%,0.164209474172706%,1.39065940433422%,154805.229198571,170572.723735409,110413.538764631
"Westchester County (Northwest) PUMA, New York",Mid-Hudson,83.7116871083368%,87.8362620129479%,77.1744627054362%,7.03836424957841%,0.939155856020464%,15.254593175853%,3.58162208582759%,2.19123505976096%,5.74800637958533%,2.86737299327914%,0.723310748947079%,6.85298301397373%,108811.185051411,132314.25489837,68548.6722909329
"Westchester County (South Central)--New Rochelle & Mount Vernon Cities PUMA, New York",Mid-Hudson,85.5837697321328%,87.2639360919379%,83.4513274336283%,12.8633986133074%,4.76660599142319%,19.4262878043824%,7.4493268234946%,6.34014628477681%,8.2075430180874%,5.11742565976273%,3.09563960491448%,7.03605514316013%,102347.782096714,146257.905886132,51455.8579003181
"Westchester County (Southeast) PUMA, New York",Mid-Hudson,81.9730612789225%,82.9848096271454%,80.4836475977416%,7.95094276656099%,3.71565064717651%,15.8427474017171%,4.78149633522334%,5.07172131147541%,2.95381902347625%,0.870661947190691%,0.576488767383811%,1.55028488140983%,137465.776263879,174168.682455723,58255.511581734
"Westchester County (Southwest)--Yonkers City PUMA, New York",Mid-Hudson,86.9522114323052%,92.3019543487991%,81.7847961806831%,17.2007493591008%,7.33534186961252%,20.9562850079795%,9.2815840570124%,7.57343794852167%,10.5088354268682%,4.12261608623549%,1.35768546953289%,6.15738661876965%,63619.0319496269,79644.7347125694,50683.5069600359
MID-HUDSON,,81.6681571391788%,84.9227724151541%,79.3947830849632%,13.0268979120887%,4.63291126330337%,16.8832975148396%,5.20483169736901%,3.54250802832588%,6.11455486488894%,4.29467265965519%,1.65084902272611%,6.06857774710285%,87714.4877539016,118519.583394563,58974.078449267
"Fulton & Montgomery Counties PUMA, New York",Mohawk Valley,81.9436128394033%,87.1542205864894%,80.1147935567488%,24.3337437257316%,7.51767400179229%,24.8619085194961%,8.33160245092948%,3.91228507351109%,7.34190384186669%,9.46996241319997%,3.70521727285111%,10.2449888641425%,42415.2581885186,57325.0227489443,38231.5964871736
"Herkimer (North & Central) & Oneida (Outer) Counties PUMA, New York",Mohawk Valley,83.2357247437775%,85.8892699657031%,82.7368544669857%,22.7577660277594%,8.0937167199148%,23.7207403375068%,6.410143717312%,1.06489853325296%,6.50601677403671%,9.152051321848%,3.17170564746149%,10.7270856250665%,48702.4891613638,67221.3792355961,43833.374862496
"Oneida County (Central)--Greater Utica & Rome Cities PUMA, New York",Mohawk Valley,79.8224326723883%,88.2586570683877%,76.2462808913717%,22.6126617571294%,8.85291446278784%,22.9914348410844%,4.77273180558049%,4.5463003163183%,3.95193260654113%,8.34121335788583%,4.54928983265364%,9.22228484019%,53423.0919966385,75689.3041766278,41487.6392450426
"Otsego, Schoharie, Oneida (South) & Herkimer (South) Counties PUMA; New York",Mohawk Valley,81.0294329476161%,82.0163909076851%,81.0915453631659%,22.1735104593813%,9.86968596453749%,24.3047878220937%,5.35523374477597%,5.19409083765519%,4.92846977754475%,9.55740669374203%,4.74170437405732%,10.407572485411%,52059.4560322351,77416.9342006033,41445.1649068038
MOHAWK,,81.4606424524256%,85.8629079620773%,80.0165473875812%,22.9416780060975%,8.71076917386399%,23.9203265676953%,6.11634924165939%,3.87366802622307%,5.64673601993065%,9.09002507449417%,4.15282392026578%,10.1590234383109%,49439.5242232152,71030.6454709791,41433.2045764745
"NYC-Bronx Community District 1 & 2--Hunts Point, Longwood & Melrose PUMA; New York",New York,72.0467728570113%,87.1078938297139%,71.4628937533369%,56.6771633707016%,31.7653009610521%,53.542819550327%,10.1313770617568%,2.62249827467219%,10.4080103535182%,16.081735553639%,12.5840918084685%,14.1100758812794%,38656.6247923323,50122.6790660863,37827.6895778857
"NYC-Bronx Community District 10--Co-op City, Pelham Bay & Schuylerville PUMA; New York",New York,94.8334204517318%,94.2323682818051%,95.7527704363147%,17.6773269067935%,8.64113397846531%,17.5322038903038%,7.25078102811701%,3.24583052875626%,8.43301732267831%,8.69716573351513%,5.72757901492058%,9.07946346423902%,55369.2973804067,65987.7747473127,50235.6229722532
"NYC-Bronx Community District 11--Pelham Parkway, Morris Park & Laconia PUMA; New York",New York,84.0532673068558%,77.9546445704318%,86.3859436534384%,23.8193270102689%,7.72872186262197%,25.2665876777251%,8.24551983354588%,1.26567844925884%,12.0879120879121%,10.4966860975805%,2.75618374558304%,15.3177163697573%,50110.7221050117,69940.0909090909,45550.6803198205
"NYC-Bronx Community District 12--Wakefield, Williamsbridge & Woodlawn PUMA; New York",New York,87.0385697732164%,84.575974113523%,89.3037853071159%,27.6770023530813%,6.77344418633085%,29.224868601733%,13.0254968881751%,10.3443743427971%,12.1592898224556%,9.28109547356409%,3.71433126095967%,9.94764397905759%,48322.0220616204,65980.5464689941,40902.3596069712
"NYC-Bronx Community District 3 & 6--Belmont, Crotona Park East & East Tremont PUMA; New York",New York,69.6504173218822%,79.6802773497689%,65.8130229174245%,53.0901070624454%,17.0600134861767%,51.4732673267327%,15.0507246376812%,10.1885486939976%,18.1501098049348%,19.1501678823666%,5.55958423978729%,11.5962856511165%,41196.9179113118,56934.053662074,43757.4596506743
"NYC-Bronx Community District 4--Concourse, Highbridge & Mount Eden PUMA; New York",New York,72.8160025741406%,69.631483166515%,72.5460636515913%,51.4461931093152%,16.5409482758621%,52.4700466269256%,12.0311738918656%,1.74376362315331%,10.230941147256%,23.4128737663868%,1.86213655668082%,19.5682290464096%,41419.4440271027,51998.6968311009,41066.5781574694
"NYC-Bronx Community District 5--Morris Heights, Fordham South & Mount Hope PUMA; New York",New York,78.4313725490196%,89.0952666267226%,78.3606192226306%,56.7521234317775%,16.3886162904809%,57.6829496537526%,10.8490566037736%,1.50486869282974%,11.6052741732943%,27.2282608695652%,2.21923335574983%,33.2717453098351%,34465.721557971,52736.8749159381,29332.7316657192
"NYC-Bronx Community District 7--Bedford Park, Fordham North & Norwood PUMA; New York",New York,86.9104861819418%,90.1950891355533%,86.2518200628401%,26.4982861266462%,13.9746178252091%,22.5139500734214%,6.64786083685943%,11.0435497124076%,4.56773618538324%,13.132893707388%,8.0551929889987%,13.9848956019547%,41742.8674416005,49664.0164087265,38188.2763216348
"NYC-Bronx Community District 8--Riverdale, Fieldston & Kingsbridge PUMA; New York",New York,86.8068276436303%,87.2524752475248%,86.5907797381901%,20.1504181750094%,3.93497136523185%,34.2648229928328%,10.6433116016024%,3.86057492014998%,17.5780074245009%,3.49143925950794%,0.788022064617809%,6.63862232154595%,84514.976931562,107386.964854216,49561.9560930722
"NYC-Bronx Community District 9--Castle Hill, Clason Point & Parkchester PUMA; New York",New York,84.8486423281798%,87.7114769090078%,87.9406769128796%,35.5020027362487%,7.15383138083349%,33.9617130871147%,14.0586797066015%,9.04323630136986%,15.513342379014%,15.1773136522325%,1.26417307441679%,15.3900508762012%,46205.9571874809,71209.6593249055,40029.744205766
"NYC-Brooklyn Community District 10--Bay Ridge & Dyker Heights PUMA, New York",New York,85.6009869580543%,83.1622911694511%,88.4435904474335%,14.97600714206%,6.81416848447076%,19.6608083156671%,4.57243816254417%,3.04837237602677%,7.09048640915594%,6.94255713403335%,3.87430047352561%,8.05917649493069%,80977.4390776199,94289.1467929402,66249.1082143596
"NYC-Brooklyn Community District 11--Bensonhurst & Bath Beach PUMA, New York",New York,81.9598725566176%,84.603308779133%,80.2327373612824%,20.3204500205417%,16.4253085819808%,15.5667748527467%,11.6202054076713%,13.122068413225%,11.8121622650126%,7.87455347762135%,10.0057093919498%,1.92104504850639%,55021.9836100021,61009.5746502997,55630.7463260013
"NYC-Brooklyn Community District 12--Borough Park, Kensington & Ocean Parkway PUMA; New York",New York,66.6024471033597%,74.729916334985%,64.1559026734755%,33.2847229206477%,11.3311101847992%,41.4358335926963%,4.80929253133173%,3.70125578321216%,6.81257936804362%,17.0870337477798%,1.95652173913044%,29.2286082172539%,64545.5732047704,81479.6695652174,52226.9998829451
"NYC-Brooklyn Community District 13--Brighton Beach & Coney Island PUMA, New York",New York,76.9068803912246%,84.916067146283%,68.6427656850192%,42.9952139770457%,22.8668299114711%,43.7413314840499%,7.30404217926186%,0%,9.89994734070564%,24.6489446259825%,3.27591075967241%,26.6554747248648%,40271.6497394683,55922.6489692177,36808.6159298638
"NYC-Brooklyn Community District 14--Flatbush & Midwood PUMA, New York",New York,82.2916980110132%,84.9405618636388%,80.1684411250596%,20.1714811572734%,9.76418737789086%,24.5619816554073%,11.8983408571261%,8.56390694675764%,13.6885056586342%,7.15225976305397%,4.2864315300615%,7.90882061446977%,66727.0672809712,82380.1543868457,48162.1403369673
"NYC-Brooklyn Community District 15--Sheepshead Bay, Gerritsen Beach & Homecrest PUMA; New York",New York,79.4466595351551%,82.536860817735%,74.5054048541709%,17.277848446302%,9.49560066207858%,20.3734529926902%,3.48149234756247%,1.13672922252011%,4.42849820604818%,4.6208458289981%,1.01355631572279%,5.7897618395839%,70863.4674092662,85246.4974027619,59398.9310156036
"NYC-Brooklyn Community District 16--Brownsville & Ocean Hill PUMA, New York",New York,80.9113708418114%,92.4576467857971%,75.9195923780275%,51.1057255377158%,19.9107316126528%,47.0199562480468%,7.74576583210604%,8.20689655172414%,6.32536346723627%,19.83741739283%,11.0190763052209%,15.9694768778156%,36602.0480729867,44779.0135542169,35477.207869817
"NYC-Brooklyn Community District 17--East Flatbush, Farragut & Rugby PUMA; New York",New York,90.0127646463313%,90.3147042864894%,90.3883495145631%,23.8675958188153%,13.9739789196311%,29.7850162866449%,12.0353907374481%,6.80266075388027%,15.9445843828715%,10.718826405868%,7.43967157304496%,12.8698369299873%,51363.0831295844,63431.6711725243,40560.6434918465
"NYC-Brooklyn Community District 18--Canarsie & Flatlands PUMA, New York",New York,84.1854454405945%,84.2230271361558%,84.2822232621016%,18.5171324018629%,6.42211762159823%,21.3985800442782%,8.84127862545129%,6.74789128397376%,10.4850141757797%,6.27458505228821%,1.76254935138184%,9.33374460209747%,59796.8791774601,73140.5749435984,47348.864898211
"NYC-Brooklyn Community District 1--Greenpoint & Williamsburg PUMA, New York",New York,87.5605788166795%,91.1181582101478%,85.9584520252901%,19.3376475066616%,5.79313654907607%,35.6406406406406%,3.85031513507015%,2.8045375657117%,6.1955930359086%,8.96911853865561%,2.5595352278644%,24.3129647591335%,70885.8780583208,79339.281494067,47774.0874555448
"NYC-Brooklyn Community District 2--Brooklyn Heights & Fort Greene PUMA, New York",New York,85.2187577854008%,87.7261080244564%,79.9045138888889%,16.3885437473459%,6.82237388176704%,34.2335939350865%,6.28854689031068%,4.67263498864999%,9.07055873925501%,2.81775658900783%,2.11110789785708%,4.63878326996198%,104345.445938653,115048.371265797,68226.4052145573
"NYC-Brooklyn Community District 3--Bedford-Stuyvesant PUMA, New York",New York,79.8202164740415%,85.6718192627824%,75.8116522125862%,35.9143265111852%,12.0875566098771%,39.5351585582037%,11.113270337892%,2.11121927476272%,15.6180825421811%,15.2148931280165%,4.50381679389313%,22.0136393634964%,49368.7385494304,61432.7015961138,40429.7858766591
"NYC-Brooklyn Community District 4--Bushwick PUMA, New York",New York,84.0568131380382%,89.871518946064%,79.5919764496474%,25.2765351316463%,12.4603127059246%,25.5493300852619%,13.9035220784952%,10.1409702819406%,14.3858579701311%,9.73703664589714%,5.08708272859216%,11.543093067263%,45970.9211109938,58724.2856313498,34341.0373301221
"NYC-Brooklyn Community District 5--East New York & Starrett City PUMA, New York",New York,85.8091254461031%,91.9591207096028%,84.4538729329852%,39.1817502208731%,10.3291369634461%,39.5846299996724%,10.0336774288015%,10.1268183513614%,8.99849592863441%,16.1844282456062%,5.89222059131894%,16.7525441195414%,42118.7107016681,56326.9490459216,39010.0347803684
"NYC-Brooklyn Community District 6--Park Slope, Carroll Gardens & Red Hook PUMA; New York",New York,85.7142857142857%,86.3472868901295%,81.2442817932296%,10.3258856931243%,3.88768020170391%,25.8613984599829%,6.42903797704582%,3.83756848774548%,13.2115749525617%,3.12035336307181%,1.68924099156657%,12.3230373230373%,119853.058208694,128683.191055456,69314.1557271557
"NYC-Brooklyn Community District 7--Sunset Park & Windsor Terrace PUMA, New York",New York,84.90245971162%,87.4124950468895%,82.7522737115635%,15.7887836376151%,5.32303199902665%,23.5752182098237%,4.19123758261764%,3.36123463248758%,6.215075835329%,4.28662246844065%,1.14838319734059%,9.43346853329844%,60621.7666424485,74759.6649289816,41741.1644642156
"NYC-Brooklyn Community District 8--Crown Heights North & Prospect Heights PUMA, New York",New York,81.3406631360811%,82.1409330891068%,82.1479374110953%,25.1782862027851%,6.76558738269543%,34.6977005572987%,4.92969724458555%,1.36503742844562%,7.86530662406292%,8.31180779165635%,1.57408014691415%,14.1676505312869%,56230.2700541382,70291.7696596052,40442.7682014955
"NYC-Brooklyn Community District 9--Crown Heights South, Prospect Lefferts & Wingate PUMA; New York",New York,85.3526585651419%,88.1995458795245%,81.2545739675902%,20.0835495917463%,9.85348676350374%,30.2649643053267%,6.18926238649036%,1.64179104477612%,12.3099850968703%,8.95416489286221%,6.9205724237147%,12.596500257334%,55068.5804834208,65451.0153706368,38036.1940298507
"NYC-Manhattan Community District 1 & 2--Battery Park City, Greenwich Village & Soho PUMA; New York",New York,89.7345527548517%,91.411768625883%,76.3549645902587%,7.62806681051706%,3.77801461161824%,30.2259578648619%,3.68123346409999%,2.93302501147705%,9.53972353030533%,1.00008320159747%,0.812859287466588%,2.97179632784403%,170015.150475622,175760.24367129,113764.035585841
"NYC-Manhattan Community District 10--Central Harlem PUMA, New York",New York,88.9103598790552%,94.1526389064675%,83.6162940550233%,31.8732448196215%,10.0304742084139%,46.7030837004405%,12.0285845007517%,4.69899040259255%,16.8601876888818%,13.4521465647294%,3.2620871981001%,24.8877571533874%,72623.4120534915,102138.21033293,34887.5281109696
"NYC-Manhattan Community District 11--East Harlem PUMA, New York",New York,76.1685116851168%,83.8982387475538%,66.0263872720217%,44.462658502483%,16.3160733549083%,49.4185716716774%,12.3273676643081%,7.73056057866185%,11.5741717661954%,17.9707346814348%,8.77739984882842%,20.2762268586541%,57264.4650787243,76974.6407911924,37689.3035556862
"NYC-Manhattan Community District 12--Washington Heights, Inwood & Marble Hill PUMA; New York",New York,81.2035288210964%,83.5665878012592%,75.7811395447476%,26.7195311153249%,19.8897096367907%,26.9407391209272%,9.31663529752425%,6.50310872122332%,14.537680384821%,12.8184713375796%,8.35658616376407%,14.5988805970149%,60187.7142352422,73238.0252411344,43679.2542910448
"NYC-Manhattan Community District 3--Chinatown & Lower East Side PUMA, New York",New York,88.7933143090094%,94.4759206798867%,77.7281746031746%,21.5076702602352%,6.79131295245039%,33.2214127336079%,6.29175718326024%,3.63332453593736%,13.7663433150569%,5.31466913465988%,0.962018990504748%,14.263820470717%,79521.8025572747,95180.7946964018,39055.3690704106
"NYC-Manhattan Community District 4 & 5--Chelsea, Clinton & Midtown Business District PUMA; New York",New York,86.20376030655%,88.5457809694794%,75.2129471890971%,8.80065550093048%,3.91437415226237%,21.1025114515874%,2.82806804374241%,1.76756517896597%,8.37356108429261%,1.71924726719247%,1.15774533657745%,0%,130645.795835063,140399.473479319,78375.7392726815
"NYC-Manhattan Community District 6--Murray Hill, Gramercy & Stuyvesant Town PUMA; New York",New York,89.1067052795723%,91.0599601119792%,78.772019402604%,8.77812663526949%,7.73763771457853%,12.9104239719477%,3.5606566998712%,3.43626051821922%,4.54733360892931%,0.842857142857143%,0.68318363574256%,2.13903743315508%,148031.29725,154769.651897844,94864.5892075839
"NYC-Manhattan Community District 7--Upper West Side & West Side PUMA, New York",New York,81.8057437368827%,83.6732784431138%,70.6769650159019%,9.28712940113309%,4.46168905786719%,29.5321256353447%,4.87870619946092%,2.65283509707257%,15.4440482255052%,1.04083786636356%,0.342912520034291%,3.95988686037542%,157870.411626208,167502.393119386,94293.3774749293
"NYC-Manhattan Community District 8--Upper East Side PUMA, New York",New York,88.6884303628195%,89.7323222503079%,84.5634026765602%,8.13412946013512%,6.83168201286046%,16.7527028343236%,1.89437155352729%,1.85612718734423%,2.4343805249558%,2.51699600560802%,1.90107477175546%,9.19774365402695%,158076.326997857,161709.337498555,118669.946725165
"NYC-Manhattan Community District 9--Hamilton Heights, Manhattanville & West Harlem PUMA; New York",New York,74.440044147244%,71.7676514772158%,80.7776083641908%,24.639177919496%,17.9326173566603%,27.5563818608035%,6.38375165125495%,3.0055487053021%,7.34185512946575%,8.91330891330891%,6.0703321239185%,7.98166374544964%,89731.3940345369,114411.96274072,52847.0106512067
"NYC-Queens Community District 10--Howard Beach & Ozone Park PUMA, New York",New York,81.7185322805388%,90.1516186313345%,78.0906699675074%,11.9361205813745%,4.21487603305785%,11.13213304852%,8.03369728915663%,4.02940375714675%,11.1463453305851%,4.46174832329203%,1.5%,2.39746383990489%,54149.9548709787,71001.1666666667,44610.9972260749
"NYC-Queens Community District 11--Bayside, Douglaston & Little Neck PUMA; New York",New York,82.3864701691229%,85.4268008262811%,78.6912171507607%,11.3427551051555%,4.02569101961234%,19.7501329080276%,6.03573153066152%,4.29227390696746%,7.19774590163934%,4.77924442421484%,2.69110764430577%,7.74469954959903%,74432.9707328175,88324.0042121685,55151.9315610238
"NYC-Queens Community District 12--Jamaica, Hollis & St. Albans PUMA; New York",New York,84.641487814552%,92.6819330127944%,82.238303601481%,15.8928540083203%,3.51579884290165%,16.0477239748482%,10.5993948108247%,7.89223454833597%,11.9184903682348%,5.15724252837655%,1.41563351798118%,7.14198010886915%,47199.0513381235,62194.9705442715,42271.8765603896
"NYC-Queens Community District 13--Queens Village, Cambria Heights & Rosedale PUMA; New York",New York,85.4810756415274%,88.716458986316%,85.8989314544352%,14.7557306435204%,7.37981929788261%,14.8949668687438%,7.81508892079973%,8.06367626273897%,6.06228886112268%,4.85938521909745%,4.31710469625162%,3.84051279265577%,59270.4064748201,70959.6234381732,53089.4779727307
"NYC-Queens Community District 14--Far Rockaway, Breezy Point & Broad Channel PUMA; New York",New York,80.0602239578432%,80.241935483871%,83.9751426242869%,26.6719193192562%,23.0867130493806%,20.9223332680123%,7.52588847294472%,4.55086966881106%,5.92146928435719%,7.64747439067467%,3.70423546302943%,8.40713332524566%,79722.875528914,101386.503948313,72120.7388086862
"NYC-Queens Community District 1--Astoria & Long Island City PUMA, New York",New York,82.98343605547%,85.0973112509789%,79.2530296006887%,16.0894409937888%,8.39566819247516%,22.5454723254449%,7.6469895133734%,4.19399069989269%,13.3810999225407%,5.38470465359174%,2.81195678107638%,11.0377673796791%,62052.6501102472,70246.0301987116,47706.9986631016
"NYC-Queens Community District 2--Sunnyside & Woodside PUMA, New York",New York,90.1551569156212%,90.9958720330237%,89.2823966558291%,11.7786483194522%,9.91915601169658%,12.0970630372493%,3.14761215629522%,3.46123930515945%,3.06574735286875%,5.86960291312641%,3.01247519138078%,12.0821953439979%,67394.8040575689,82236.7762971364,46001.6777214202
"NYC-Queens Community District 3--Jackson Heights & North Corona PUMA, New York",New York,83.1902020103445%,80.120611673487%,87.9719141141753%,17.6821385378873%,8.93021354858486%,19.8864585072633%,5.8019811643%,2.11108602393317%,6.71506352087114%,4.91524429585313%,2.1505376344086%,7.84268363215732%,50304.9740160713,64402.8094086022,39824.6616541353
"NYC-Queens Community District 4--Elmhurst & South Corona PUMA, New York",New York,86.6238532110092%,98.0132450331126%,79.4261848556383%,27.4817835416806%,7.10633946830266%,35.9507313317937%,4.87943801025252%,1.63899978987182%,3.83944153577661%,6.28044905740309%,0%,7.49885688157293%,50871.3132810845,64757.9359197908,37593.8568815729
"NYC-Queens Community District 5--Ridgewood, Glendale & Middle Village PUMA; New York",New York,89.0069762371921%,92.6343033016229%,87.8294418278385%,12.3546315836738%,9.84472444953545%,10.29052734375%,4.4212175228218%,2.04081632653061%,6.5122164898277%,6.04065886963444%,7.86075662614211%,4.07895487477894%,64965.1172616496,85990.8766895718,52301.6304409835
"NYC-Queens Community District 6--Forest Hills & Rego Park PUMA, New York",New York,84.6654577579393%,86.6386326641346%,79.0470179867466%,15.6931054038726%,7.98154268254661%,26.4571718195641%,5.41202569672321%,4.02957736924225%,8.91670530057178%,6.34850897907628%,3.15484578049162%,9.44111776447106%,91544.2915042012,100997.286206357,73149.8343313373
"NYC-Queens Community District 7--Flushing, Murray Hill & Whitestone PUMA; New York",New York,84.3231441048035%,87.6662636033857%,83.991045397751%,12.4097030232766%,6.66630797374368%,15.5386081982841%,4.90241320339857%,4.47742182026623%,5.11661358265694%,8.09166235111341%,2.14882032667877%,10.6117894997831%,64844.3413386846,72917.5586206897,60813.2306452613
"NYC-Queens Community District 8--Briarwood, Fresh Meadows & Hillcrest PUMA; New York",New York,89.092943654555%,87.0438921205711%,91.377407089415%,16.4264046602776%,2.13048383885312%,26.1492014024153%,8.09048700977971%,3.90733590733591%,10.7731682637938%,7.18434390144649%,0.876583926401666%,12.3881300047103%,59284.8689323975,79352.48220795,45354.1947651007
"NYC-Queens Community District 9--Richmond Hill & Woodhaven PUMA, New York",New York,83.5946813388354%,86.2937062937063%,81.0142834216017%,15.7009753967099%,4.87027765134274%,16.7268430381409%,3.41707121647735%,0.65402223675605%,4.30350129522854%,5.96752961825362%,0%,10.0039619651347%,60118.9052215884,75503.5626933844,52812.2375198098
"NYC-Staten Island Community District 1--Port Richmond, Stapleton & Mariner's Harbor PUMA; New York",New York,79.71959569612%,86.3522664877067%,77.2652793708013%,21.658185234479%,7.18578941719438%,22.8423252573729%,8.49922185315091%,2.21557267460368%,11.85444592038%,4.48144902132632%,2.40921294333757%,4.89873820379599%,66402.2772421852,80813.3064857991,57238.1815290001
"NYC-Staten Island Community District 2--New Springville & South Beach PUMA, New York",New York,79.5854003088143%,85.606128084083%,74.547312255208%,13.8534879264086%,4.93522516964837%,15.7104620039567%,4.4854795938167%,3.86889236654495%,5.00420757363254%,2.92106898694842%,3.4231609613984%,2.49942497891589%,69914.804871001,82024.3822703153,64740.8139800503
"NYC-Staten Island Community District 3--Tottenville, Great Kills & Annadale PUMA; New York",New York,85.9984249742544%,90.4154274201286%,82.3833254519661%,10.3882461494783%,3.51118760757315%,11.2895377128954%,4.35871743486974%,1.50364892001763%,6.60140650952398%,2.4536852238841%,0.769312393887946%,2.44171670787708%,75552.6960013149,89189.0365025467,65426.7754327093
NEW YORK,,84.1751136195235%,87.4350509490281%,81.1854228353715%,21.5948806400415%,7.94532305953542%,28.0631874052461%,7.10653584805112%,3.8867088644136%,10.0637870247983%,7.24508896712943%,2.6493756904812%,10.979344624808%,81773.7711092213,106808.86758836,50730.0840936376
"Clinton, Franklin, Essex & Hamilton Counties PUMA; New York",North Country,84.8874648084491%,82.6776842745615%,86.3353587962963%,17.7078750549934%,8.60418923799205%,18.1898764565751%,6.42478016319417%,3.09670032268138%,6.80668140506018%,5.84939736832406%,1.72297504445398%,6.66065846171178%,48088.9954374714,61357.7333987369,43350.0828375925
"Jefferson & Lewis Counties PUMA, New York",North Country,84.178590156566%,87.5066983081987%,83.4477559701693%,22.0624756889381%,6.86835106382979%,24.3639732017837%,8.66780289551065%,1.36824722811984%,10.2738437558786%,10.7362735449614%,1.51967435549525%,12.7374153274007%,50292.6046097713,79800.4422185286,40983.9356993063
"St. Lawrence County PUMA, New York",North Country,77.7363702699885%,82.0349761526232%,77.814465408805%,28.0637132901941%,11.3829093281148%,29.9683210137276%,7.29949956768937%,5.57753909930281%,6.50319406419871%,16.7244221646536%,8.61833105335157%,18.9432208526975%,45178.7339837071,62598.2558139535,38581.6657910689
NORTH COUNTRY,,82.8866005805497%,83.9703785474449%,83.2213733121907%,21.7863696925513%,8.7653671950825%,23.2528399530351%,7.41490221432035%,3.19896580091668%,7.98359256817036%,10.0534156236783%,3.33462475094089%,11.6496329856355%,48183.6026810563,67429.7225295793,41413.1075222874
"Broome (Outer West) & Tioga Counties PUMA, New York",Southern Tier,84.8614655486693%,87.3514674302076%,83.8101100811124%,19.7404198238045%,5.64683053040103%,23.5153189210519%,4.11249486793486%,0.981878564724569%,5.25251065674446%,9.34110192245731%,2.4174383348357%,12.750054007345%,59321.5030608957,93146.9950012292,43464.7107366602
"Broome County (West Central)--Greater Binghamton City & Greater Johnson City Village PUMA, New York",Southern Tier,78.4406252513607%,77.2404391188921%,79.8840793044758%,29.1343027896202%,12.9142508391822%,30.7368559497583%,4.94592127465354%,1.07102164830991%,5.37430749562006%,10.949558985667%,3.71214278932878%,12.5590233790165%,50668.2673981406,65635.4101254064,43349.4696533456
"Chemung (South) & Steuben (East) Counties--Greater Elmira & Greater Corning Cities PUMA, New York",Southern Tier,84.8159225048302%,92.6632669847014%,81.3064345562515%,18.1962124210921%,7.14444197914356%,21.2114732565599%,1.95111257261866%,1.13047173820654%,2.34151673112494%,6.93849473124668%,5.89383987218179%,6.85570890840652%,56942.8865381015,78615.9330729629,45243.0265132566
"Chenango, Delaware & Broome (East) Counties PUMA; New York",Southern Tier,84.5670273772104%,85.3889078692632%,84.1517932170347%,19.9044236121283%,10.9646146388754%,18.4411153169483%,4.89621336017109%,2.88955223880597%,3.88434375218516%,5.84487613413351%,4.32115230728194%,5.32264529058116%,45209.5527876295,59037.5726860496,42209.253395111
"Steuben (North & West), Schuyler & Chemung (North) Counties PUMA; New York",Southern Tier,83.9152149496977%,90.2671544174704%,82.0320188963979%,24.2293773777489%,3.80705600956747%,26.4156234862198%,5.52039723493331%,2.25428313796213%,6.10480640854473%,11.5868657399462%,1.14208522657497%,13.7261197624017%,45978.3403576717,63773.1843300995,40295.4473105379
"Tompkins County PUMA, New York",Southern Tier,76.3723754110802%,79.2817842986452%,72.5125009058627%,16.3157471233538%,8.98268398268398%,20.2932551319648%,3.84528020248564%,2.41616456697706%,5.2790903721205%,6.01192447830407%,4.26833818371763%,5.38676793923646%,62408.9095313018,79709.0420864115,41941.0263841695
SOUTHER TIER,,82.4629670761503%,84.6275244081851%,81.4662134308286%,21.5105321692339%,8.46606092998397%,23.5811990686845%,4.25281965186669%,1.72373342165915%,4.70023152147621%,8.53616729516627%,3.71010722669881%,9.79569105961366%,52998.2995042966,75211.370898919,42698.3953114112
"Cattaraugus & Allegany Counties PUMA, New York",Western NY,82.0541784778022%,83.9807555238774%,81.4287490673962%,21.4969481762694%,10.4861111111111%,22.3282168985798%,8.49109979544762%,8.07425430296477%,8.20552147239264%,9.08595028442297%,2.86441756842775%,9.61670611590441%,44350.9256084574,62578.7385953745,39156.3306482401
"Chautauqua County PUMA, New York",Western NY,81.0685390311321%,87.2580228856578%,80.5547004002127%,31.3180785810299%,10.1530725430748%,32.1292446292446%,9.71836734693878%,2.25503355704698%,9.8524378611906%,13.5619076199765%,4.19049497140603%,15.2081147254285%,43998.7298656048,62025.7365411162,38491.1317791752
"Erie County (Central) PUMA, New York",Western NY,85.0238268059457%,89.1724060065485%,84.2956329013728%,15.3508771929825%,2.75571664623421%,16.6483862267374%,5.34534440276841%,1.66923912422112%,5.59816292861283%,4.64524989328731%,0.563433780703976%,5.54020336436563%,53275.2118107752,68936.6432008103,46984.4241676281
"Erie County (North Central) PUMA, New York",Western NY,80.9514846360171%,85.9680352927518%,73.2235814679854%,8.8339222614841%,4.62546620656001%,13.4817593918152%,3.79134370035145%,3.4765794562172%,4.65521867453716%,0.637443241355222%,0.654184525152267%,0.657602417133209%,80929.5029936639,88476.3880261085,70327.8165822447
"Erie County (Northeast) PUMA, New York",Western NY,83.9578663386959%,86.7580368840069%,82.4723928439566%,5.64166797140024%,2.06630336058129%,7.9449337922184%,3.77546052097703%,1.6839785961599%,4.82058226134056%,1.06787803833896%,0.516900917644326%,1.48190836866587%,65226.9902183159,78467.7154141015,56232.6258597534
"Erie County (Northwest) PUMA, New York",Western NY,79.6770492867811%,85.0700723327306%,76.4260511614231%,14.0641453532992%,7.28100695865739%,15.8188802234897%,3.23255065937601%,1.43600047275736%,4.31629292770895%,7.13664765009508%,3.22173508702006%,9.04106953929018%,51885.9087204564,67658.163943138,41393.498124459
"Erie County (South) PUMA, New York",Western NY,82.5308565701498%,82.7629954738719%,83.2623539768266%,10.7061846125359%,3.81737235957185%,12.9017951832784%,4.57578376234257%,1.88119503001536%,6.44573118147099%,3.95228561895229%,1.73178108298463%,4.84449932515866%,65200.662286028,86990.4592948585,50972.6036118414
"Erie County (West Central)--Buffalo City (East) PUMA, New York",Western NY,76.1072796934866%,88.1328690061613%,75.4525816168193%,36.3840091445073%,10.3978494623656%,37.9974678202152%,6.61982411949269%,4.08851706922143%,7.58390902977319%,14.128086197459%,6.06382978723404%,16.5853461833138%,41025.9177262528,60119.056231003,37775.9450784306
"Erie County (West Central)--Buffalo City (West) PUMA, New York",Western NY,78.4505375790936%,82.2582399651909%,77.5001366941878%,32.1195144724556%,10.0871668262206%,39.448491551928%,3.54190003733931%,1.0791964137473%,4.81292614450238%,12.4638823220383%,1.52519893899204%,19.2041766614929%,52936.9575081967,69128.6891034118,37775.7549033442
"Niagara County (North & East) PUMA, New York",Western NY,85.2893683742482%,92.8096545743605%,81.4869993969707%,13.5646338765578%,5.81154543101217%,16.0582349573325%,6.06137458787725%,5.3055250640322%,6.56415913948838%,5.9239950610509%,3.26247761426458%,7.44384468048059%,54920.0938400329,70592.4313633886,46070.7698067212
"Niagara County (Southwest)--Greater Niagara Falls & North Tonawanda Area PUMA, New York",Western NY,78.2460861056751%,86.2753523547611%,74.8669490604974%,23.9956530259571%,11.9877355668561%,22.7252735880785%,5.29562355235889%,5.29391834660342%,5.2394611669874%,7.89070559914965%,3.93465484610021%,7.98878088882441%,52502.9346922187,73457.1630640502,43867.6392475458
WESTERN NY,,81.4693065713032%,85.9787240964247%,79.91028055319%,19.3030803193189%,6.4020005947187%,21.7019057245584%,5.51433599240337%,2.91765591362145%,6.41055641830598%,6.93910548369466%,2.12266532054518%,8.70059132423527%,55561.7483684126,74588.3370918309,45556.2046583711
