,,Total RECODE2,,,,,,,,,BABS,,,,,,,,,,,,HS,,,,,,,,,,,
,,Total,,,Part Time,,,Full Time,,,Total,,,Part Time,,,Full Time,,,,,,Total,,,Part Time,,,Full Time,,,,,
,,Total,Male,Female,Total,Male,Female,Total,Male,Female,Total,Male,Female,Total,Male,Female,Total,,Male,,Female,,Total,Male,Female,Total,Male,Female,Total,,Male,,Female,
Total GEOG-101,NYS Regions,1292283,700573,591710,211865,74138,137727,1080418,626435,453983,552019,278808,273211,69599,22943,46656,482420,0.873919194810324,255865,0.917710395684485,226555,0.829230887482568,583654,319615,264039,112814,38975,73839,470840,0.806710825249206,280640,0.878056411620231,190200,0.720348130389829
"Albany County (East Central)--Albany City PUMA, New York",Capital Region,1288,531,757,539,234,305,749,297,452,733,412,321,418,234,184,315,0.429740791268759,178,0.432038834951456,137,0.426791277258567,365,50,315,0,0,0,365,1,50,1,315,1
"Albany County (Outside Albany City) PUMA, New York",Capital Region,5813,3671,2142,1101,0,1101,4712,3671,1041,4248,3008,1240,464,0,464,3784,0.890772128060264,3008,1,776,0.625806451612903,1439,537,902,637,0,637,802,0.55733148019458,537,1,265,0.293791574279379
"Columbia & Greene Counties PUMA, New York",Capital Region,777,690,87,266,266,0,511,424,87,386,386,0,76,76,0,310,0.803108808290155,310,0.803108808290155,0,#DIV/0!,391,304,87,190,190,0,201,0.514066496163683,114,0.375,87,1
"Rensselaer County--Troy City PUMA, New York",Capital Region,2287,1553,734,468,130,338,1819,1423,396,1227,580,647,468,130,338,759,0.618581907090465,450,0.775862068965517,309,0.47758887171561,697,610,87,0,0,0,697,1,610,1,87,1
"Saratoga County (Outer) PUMA, New York",Capital Region,711,353,358,187,187,0,524,166,358,358,105,253,105,105,0,253,0.706703910614525,0,0,253,1,353,248,105,82,82,0,271,0.767705382436261,166,0.669354838709677,105,1
"Saratoga County (South & Central) PUMA, New York",Capital Region,3076,1155,1921,944,335,609,2132,820,1312,2013,862,1151,335,335,0,1678,0.83358171882762,527,0.611368909512761,1151,1,1063,293,770,609,0,609,454,0.427093132643462,293,1,161,0.209090909090909
"Schenectady County--Schenectady City PUMA, New York",Capital Region,3211,2184,1027,383,92,291,2828,2092,736,1515,988,527,181,92,89,1334,0.880528052805281,896,0.906882591093117,438,0.83111954459203,1022,608,414,116,0,116,906,0.886497064579256,608,1,298,0.719806763285024
"Warren & Washington Counties PUMA, New York",Capital Region,810,374,436,172,27,145,638,347,291,381,208,173,0,0,0,381,1,208,1,173,1,365,102,263,172,27,145,193,0.528767123287671,75,0.735294117647059,118,0.448669201520913
CAPITAl REGION,,17973,10511,7462,4060,1271,2789,13913,9240,4673,10861,6549,4312,2047,972,1075,8814,0.811527483657122,5577,0.851580393953275,3237,0.75069573283859,5695,2752,2943,1806,299,1507,3889,0.6828797190518,2453,0.891351744186046,1436,0.487937478763167
"Cayuga & Onondaga (South) Counties PUMA, New York",Central NY,281,253,28,137,109,28,144,144,0,103,103,0,0,0,0,103,1,103,1,0,#DIV/0!,178,150,28,137,109,28,41,0.230337078651685,41,0.273333333333333,0,0
"Madison & Cortland Counties PUMA, New York",Central NY,483,230,253,18,18,0,465,212,253,315,191,124,18,18,0,297,0.942857142857143,173,0.905759162303665,124,1,168,39,129,0,0,0,168,1,39,1,129,1
"Onondaga County (Central)--Syracuse City (Outer) PUMA, New York",Central NY,2367,1482,885,504,407,97,1863,1075,788,1633,929,704,504,407,97,1129,0.691365584813227,522,0.56189451022605,607,0.862215909090909,591,482,109,0,0,0,591,1,482,1,109,1
"Onondaga County (Central)--Syracuse City PUMA, New York",Central NY,4424,2757,1667,884,461,423,3540,2296,1244,2249,1357,892,613,240,373,1636,0.727434415295687,1117,0.823139277818718,519,0.581838565022421,1480,937,543,146,96,50,1334,0.901351351351351,841,0.897545357524013,493,0.907918968692449
"Onondaga County (North) PUMA, New York",Central NY,2687,1094,1593,568,113,455,2119,981,1138,1468,575,893,0,0,0,1468,1,575,1,893,1,1155,455,700,568,113,455,587,0.508225108225108,342,0.751648351648352,245,0.35
"Oswego County PUMA, New York",Central NY,953,486,467,184,63,121,769,423,346,500,33,467,121,0,121,379,0.758,33,1,346,0.740899357601713,453,453,0,63,63,0,390,0.860927152317881,390,0.860927152317881,0,#DIV/0!
CENTRAL NY,,11195,6302,4893,2295,1171,1124,8900,5131,3769,6268,3188,3080,1256,665,591,5012,0.799617102744097,2523,0.791405269761606,2489,0.808116883116883,4025,2516,1509,914,381,533,3111,0.772919254658385,2135,0.848569157392687,976,0.646785950960901
"Genesee & Orleans Counties PUMA, New York",Finger Lakes,386,129,257,78,0,78,308,129,179,41,14,27,0,0,0,41,1,14,1,27,1,252,54,198,46,0,46,206,0.817460317460317,54,1,152,0.767676767676768
"Livingston & Wyoming Counties PUMA, New York",Finger Lakes,616,316,300,318,253,65,298,63,235,20,20,0,0,0,0,20,1,20,1,0,#DIV/0!,596,296,300,318,253,65,278,0.466442953020134,43,0.14527027027027,235,0.783333333333333
"Monroe County (Central)--Greece & Gates Towns PUMA, New York",Finger Lakes,3533,2026,1507,1228,1001,227,2305,1025,1280,1136,961,175,610,512,98,526,0.463028169014085,449,0.467221644120708,77,0.44,2025,822,1203,399,399,0,1626,0.802962962962963,423,0.514598540145985,1203,1
"Monroe County (Central)--Rochester City (East) PUMA, New York",Finger Lakes,2175,800,1375,662,122,540,1513,678,835,401,51,350,83,0,83,318,0.793017456359102,51,1,267,0.762857142857143,1210,405,805,459,68,391,751,0.620661157024793,337,0.832098765432099,414,0.514285714285714
"Monroe County (Central)--Rochester City (West) PUMA, New York",Finger Lakes,2532,1615,917,413,211,202,2119,1404,715,603,374,229,258,148,110,345,0.572139303482587,226,0.60427807486631,119,0.519650655021834,1805,1117,688,92,0,92,1713,0.949030470914127,1117,1,596,0.866279069767442
"Monroe County (East) PUMA, New York",Finger Lakes,3104,1439,1665,318,0,318,2786,1439,1347,1040,487,553,0,0,0,1040,1,487,1,553,1,1617,737,880,86,0,86,1531,0.946815089672232,737,1,794,0.902272727272727
"Monroe County (North & West) PUMA, New York",Finger Lakes,750,231,519,0,0,0,750,231,519,324,0,324,0,0,0,324,1,0,#DIV/0!,324,1,426,231,195,0,0,0,426,1,231,1,195,1
"Monroe County (South) PUMA, New York",Finger Lakes,5568,3143,2425,517,257,260,5051,2886,2165,4005,2180,1825,517,257,260,3488,0.870911360799001,1923,0.882110091743119,1565,0.857534246575342,1287,963,324,0,0,0,1287,1,963,1,324,1
"Ontario & Yates Counties PUMA, New York",Finger Lakes,1163,427,736,103,51,52,1060,376,684,298,177,121,0,0,0,298,1,177,1,121,1,777,250,527,103,51,52,674,0.867438867438867,199,0.796,475,0.901328273244782
"Wayne & Seneca Counties PUMA, New York",Finger Lakes,1237,708,529,476,96,380,761,612,149,788,708,80,96,96,0,692,0.878172588832487,612,0.864406779661017,80,1,376,0,376,307,0,307,69,0.183510638297872,0,#DIV/0!,69,0.183510638297872
FINGER LAKES,,21064,10834,10230,4113,1991,2122,16951,8843,8108,8656,4972,3684,1564,1013,551,7092,0.819316081330869,3959,0.796259050683829,3133,0.85043431053203,10371,4875,5496,1810,771,1039,8561,0.825474881882171,4104,0.841846153846154,4457,0.810953420669578
"Nassau County (Central)--Hempstead Town (East Central) PUMA, New York",Long Island,2851,1352,1499,351,0,351,2500,1352,1148,1068,613,455,114,0,114,954,0.893258426966292,613,1,341,0.749450549450549,1201,677,524,237,0,237,964,0.802664446294754,677,1,287,0.547709923664122
"Nassau County (Central)--Hempstead Town (North Central)--Meadowbrook Corridor PUMA, New York",Long Island,8244,5074,3170,1393,696,697,6851,4378,2473,1582,705,877,79,0,79,1503,0.950063211125158,705,1,798,0.909920182440137,4006,2072,1934,822,204,618,3184,0.794807788317524,1868,0.901544401544401,1316,0.680455015511893
"Nassau County (Central)--Hempstead Town (Northeast) PUMA, New York",Long Island,8551,4616,3935,817,263,554,7734,4353,3381,2786,1348,1438,230,73,157,2556,0.917444364680546,1275,0.945845697329377,1281,0.890820584144645,4663,2736,1927,185,0,185,4478,0.960325970405318,2736,1,1742,0.903995848469123
"Nassau County (East Central)--Oyster Bay Town (Central) PUMA, New York",Long Island,9376,5712,3664,1347,141,1206,8029,5571,2458,5670,3412,2258,760,141,619,4910,0.865961199294533,3271,0.958675263774912,1639,0.725863596102746,2277,1202,1075,541,0,541,1736,0.762406675450154,1202,1,534,0.496744186046512
"Nassau County (Northeast)--Oyster Bay Town (North) & Glen Cove City PUMA, New York",Long Island,8919,4849,4070,1047,377,670,7872,4472,3400,4682,2240,2442,348,87,261,4334,0.925672789406237,2153,0.961160714285714,2181,0.893120393120393,1865,936,929,93,0,93,1772,0.950134048257373,936,1,836,0.89989235737352
"Nassau County (Northwest)--North Hempstead Town (North) PUMA, New York",Long Island,10071,5717,4354,1339,284,1055,8732,5433,3299,5923,2669,3254,789,141,648,5134,0.866790477798413,2528,0.947171225177969,2606,0.800860479409957,4022,3010,1012,550,143,407,3472,0.86325211337643,2867,0.952491694352159,605,0.597826086956522
"Nassau County (South Central)--Hempstead Town (Southeast) PUMA, New York",Long Island,6229,2939,3290,838,293,545,5391,2646,2745,2657,1071,1586,413,174,239,2244,0.844561535566428,897,0.837535014005602,1347,0.849306431273644,3375,1671,1704,425,119,306,2950,0.874074074074074,1552,0.928785158587672,1398,0.820422535211268
"Nassau County (Southeast)--Oyster Bay Town (South) PUMA, New York",Long Island,3714,1702,2012,582,79,503,3132,1623,1509,692,315,377,107,0,107,585,0.845375722543353,315,1,270,0.716180371352785,2921,1387,1534,475,79,396,2446,0.83738445737761,1308,0.943042537851478,1138,0.741851368970013
"Nassau County (Southwest)--Hempstead Town (Southwest) & Long Beach City PUMA, New York",Long Island,6527,3206,3321,1291,506,785,5236,2700,2536,2939,951,1988,7,0,7,2932,0.997618237495747,951,1,1981,0.996478873239437,2605,1546,1059,1010,506,504,1595,0.612284069097889,1040,0.672703751617076,555,0.524079320113315
"Nassau County (West Central)--Hempstead Town (Northwest) PUMA, New York",Long Island,11752,6881,4871,2059,453,1606,9693,6428,3265,4978,2903,2075,537,58,479,4441,0.892125351546806,2845,0.980020668274199,1596,0.769156626506024,5657,3211,2446,1335,395,940,4322,0.764009192151317,2816,0.876985362815322,1506,0.615699100572363
"Nassau County (West Central)--Hempstead Town (West Central) PUMA, New York",Long Island,9134,4193,4941,642,0,642,8492,4193,4299,4088,1733,2355,218,0,218,3870,0.946673189823875,1733,1,2137,0.907430997876858,4932,2409,2523,424,0,424,4508,0.914030819140308,2409,1,2099,0.831946095917558
"Nassau County (West Central)--North Hempstead Town (South) PUMA, New York",Long Island,14495,7282,7213,1172,544,628,13323,6738,6585,8949,4622,4327,661,382,279,8288,0.926136998547324,4240,0.917351795759411,4048,0.935521146290733,4140,1650,2490,317,68,249,3823,0.923429951690821,1582,0.958787878787879,2241,0.9
"Suffolk County (Central)--Brookhaven Town (Central) PUMA, New York",Long Island,7865,4265,3600,1097,316,781,6768,3949,2819,2859,1115,1744,190,0,190,2669,0.933543196922001,1115,1,1554,0.89105504587156,4444,2588,1856,907,316,591,3537,0.795904590459046,2272,0.87789799072643,1265,0.681573275862069
"Suffolk County (Central)--Brookhaven Town (West Central) PUMA, New York",Long Island,4675,2700,1975,1534,1092,442,3141,1608,1533,1764,889,875,130,0,130,1634,0.926303854875283,889,1,745,0.851428571428571,2073,1585,488,1177,1092,85,896,0.432223830197781,493,0.311041009463722,403,0.825819672131147
"Suffolk County (Central)--Islip Town (East) PUMA, New York",Long Island,1211,718,493,279,81,198,932,637,295,540,318,222,154,81,73,386,0.714814814814815,237,0.745283018867924,149,0.671171171171171,592,321,271,125,0,125,467,0.788851351351351,321,1,146,0.538745387453875
"Suffolk County (Central)--Islip Town (Northwest) PUMA, New York",Long Island,19175,10600,8575,2849,1556,1293,16326,9044,7282,2869,874,1995,572,0,572,2297,0.800627396305333,874,1,1423,0.71328320802005,13391,7686,5705,2086,1556,530,11305,0.844223732357554,6130,0.797553994275306,5175,0.907099035933392
"Suffolk County (East) PUMA, New York",Long Island,6791,3689,3102,1471,17,1454,5320,3672,1648,1483,794,689,77,0,77,1406,0.94807821982468,794,1,612,0.888243831640058,3981,1981,2000,1353,17,1336,2628,0.660135644310475,1964,0.991418475517416,664,0.332
"Suffolk County (North Central)--Brookhaven Town (North) PUMA, New York",Long Island,3870,2257,1613,1243,483,760,2627,1774,853,3194,1982,1212,957,483,474,2237,0.700375704445836,1499,0.756306760847629,738,0.608910891089109,676,275,401,286,0,286,390,0.576923076923077,275,1,115,0.286783042394015
"Suffolk County (Northwest)--Huntington Town (North) PUMA, New York",Long Island,5359,3428,1931,1002,237,765,4357,3191,1166,1749,1245,504,300,69,231,1449,0.828473413379074,1176,0.944578313253012,273,0.541666666666667,2050,715,1335,702,168,534,1348,0.657560975609756,547,0.765034965034965,801,0.6
"Suffolk County (Northwest)--Huntington Town (South) PUMA, New York",Long Island,4721,2497,2224,387,192,195,4334,2305,2029,1956,1189,767,192,192,0,1764,0.901840490797546,997,0.83851976450799,767,1,2295,975,1320,195,0,195,2100,0.915032679738562,975,1,1125,0.852272727272727
"Suffolk County (Northwest)--Smithtown Town PUMA, New York",Long Island,2314,843,1471,510,136,374,1804,707,1097,887,597,290,173,136,37,714,0.804960541149944,461,0.772194304857621,253,0.872413793103448,1181,246,935,91,0,91,1090,0.922946655376799,246,1,844,0.902673796791444
"Suffolk County (South Central)--Brookhaven Town (South) PUMA, New York",Long Island,4134,3225,909,443,120,323,3691,3105,586,975,535,440,229,120,109,746,0.765128205128205,415,0.775700934579439,331,0.752272727272727,2590,2121,469,214,0,214,2376,0.917374517374517,2121,1,255,0.543710021321962
"Suffolk County (Southwest)--Babylon Town (Southeast) PUMA, New York",Long Island,4641,2473,2168,680,155,525,3961,2318,1643,1457,867,590,0,0,0,1457,1,867,1,590,1,2162,894,1268,615,155,460,1547,0.715541165587419,739,0.82662192393736,808,0.637223974763407
"Suffolk County (Southwest)--Islip Town (South) PUMA, New York",Long Island,3980,2375,1605,279,0,279,3701,2375,1326,1281,890,391,129,0,129,1152,0.899297423887588,890,1,262,0.670076726342711,1654,840,814,150,0,150,1504,0.909310761789601,840,1,664,0.815724815724816
"Suffolk County (West Central)--Babylon Town (Northwest) PUMA, New York",Long Island,9404,4894,4510,2653,1193,1460,6751,3701,3050,2309,774,1535,325,176,149,1984,0.859246427024686,598,0.772609819121447,1386,0.902931596091205,5100,2699,2401,1452,416,1036,3648,0.715294117647059,2283,0.845868840311226,1365,0.568513119533528
LONG ISLAND,,178003,97487,80516,27305,9214,18091,150698,88273,62425,69337,34651,34686,7691,2313,5378,61646,0.889077981452904,32338,0.933248679691784,29308,0.844951853773857,83853,45433,38420,15767,5234,10533,68086,0.81196856403468,40199,0.884797393964739,27887,0.725845913586674
"Dutchess County (North & East) PUMA, New York",Mid-Hudson,4349,1982,2367,892,283,609,3457,1699,1758,1109,297,812,350,50,300,759,0.684400360685302,247,0.831649831649832,512,0.630541871921182,2456,1129,1327,333,24,309,2123,0.864413680781759,1105,0.978742249778565,1018,0.767143933685004
"Dutchess County (Southwest) PUMA, New York",Mid-Hudson,7489,4739,2750,1773,1296,477,5716,3443,2273,3895,2034,1861,510,510,0,3385,0.869062901155327,1524,0.749262536873156,1861,1,2782,1980,802,1042,652,390,1740,0.625449317038102,1328,0.670707070707071,412,0.513715710723192
"Orange County (Northeast)--Greater Newburgh City PUMA, New York",Mid-Hudson,3452,1645,1807,489,95,394,2963,1550,1413,1228,568,660,195,95,100,1033,0.841205211726384,473,0.832746478873239,560,0.848484848484848,1340,408,932,294,0,294,1046,0.780597014925373,408,1,638,0.684549356223176
"Orange County (Northwest) PUMA, New York",Mid-Hudson,3807,1646,2161,142,0,142,3665,1646,2019,1595,519,1076,0,0,0,1595,1,519,1,1076,1,1991,906,1085,142,0,142,1849,0.928679055750879,906,1,943,0.869124423963134
"Orange County (Southeast) PUMA, New York",Mid-Hudson,4355,2446,1909,468,221,247,3887,2225,1662,1863,1185,678,79,0,79,1784,0.957595276435856,1185,1,599,0.883480825958702,1881,714,1167,104,0,104,1777,0.944710260499734,714,1,1063,0.910882604970009
"Putnam County PUMA, New York",Mid-Hudson,6188,3191,2997,1408,550,858,4780,2641,2139,2557,913,1644,482,89,393,2075,0.811497849041846,824,0.902519167579409,1251,0.760948905109489,2542,1577,965,751,390,361,1791,0.70456333595594,1187,0.752694990488269,604,0.625906735751295
"Rockland County (North)--New City & Congers PUMA, New York",Mid-Hudson,8750,3875,4875,1711,254,1457,7039,3621,3418,3431,1355,2076,1052,0,1052,2379,0.693383853104051,1355,1,1024,0.493256262042389,4217,2017,2200,517,254,263,3700,0.877400995968698,1763,0.874070401586515,1937,0.880454545454546
"Rockland County (South)--Orangetown, Clarkstown (South) & Ramapo (Southeast) Towns PUMA; New York",Mid-Hudson,5786,2779,3007,439,0,439,5347,2779,2568,2761,1476,1285,138,0,138,2623,0.950018109380659,1476,1,1147,0.892607003891051,2350,941,1409,301,0,301,2049,0.871914893617021,941,1,1108,0.786373314407381
"Rockland County (West)--Spring Valley, Suffern Villages & Monsey PUMA; New York",Mid-Hudson,8993,5028,3965,1316,329,987,7677,4699,2978,2517,1651,866,226,0,226,2291,0.910210568136671,1651,1,640,0.739030023094688,5191,2614,2577,856,189,667,4335,0.835099210171451,2425,0.92769701606733,1910,0.741171905316259
"Sullivan & Ulster (West) Counties PUMA, New York",Mid-Hudson,3256,1331,1925,721,334,387,2535,997,1538,1186,480,706,213,213,0,973,0.820404721753794,267,0.55625,706,1,1969,820,1149,438,121,317,1531,0.777552056881666,699,0.852439024390244,832,0.724107919930374
"Ulster County (East) PUMA, New York",Mid-Hudson,3561,2020,1541,816,113,703,2745,1907,838,1197,491,706,576,0,576,621,0.518796992481203,491,1,130,0.18413597733711,1454,1056,398,240,113,127,1214,0.83493810178817,943,0.892992424242424,271,0.680904522613065
"Westchester County (Central)--White Plains City PUMA, New York",Mid-Hudson,13510,7692,5818,1877,885,992,11633,6807,4826,7664,3686,3978,899,482,417,6765,0.882698329853862,3204,0.869234943027672,3561,0.895173453996983,4358,2832,1526,912,337,575,3446,0.790729692519504,2495,0.881002824858757,951,0.623197903014417
"Westchester County (Northeast) PUMA, New York",Mid-Hudson,8374,4131,4243,764,77,687,7610,4054,3556,4237,1759,2478,224,0,224,4013,0.94713240500354,1759,1,2254,0.909604519774011,2872,1107,1765,540,77,463,2332,0.811977715877437,1030,0.930442637759711,1302,0.737677053824363
"Westchester County (Northwest) PUMA, New York",Mid-Hudson,11413,5395,6018,2309,761,1548,9104,4634,4470,5367,2449,2918,876,284,592,4491,0.836780324203466,2165,0.884034299714169,2326,0.797121315969842,5315,2405,2910,1289,477,812,4026,0.757478833490122,1928,0.801663201663202,2098,0.720962199312715
"Westchester County (South Central)--New Rochelle & Mount Vernon Cities PUMA, New York",Mid-Hudson,15488,8074,7414,2895,499,2396,12593,7575,5018,4420,2037,2383,853,223,630,3567,0.807013574660633,1814,0.890525282277859,1753,0.735627360469996,9047,4984,4063,1898,276,1622,7149,0.790206698353045,4708,0.9446227929374,2441,0.600787595372877
"Westchester County (Southeast) PUMA, New York",Mid-Hudson,15658,9828,5830,2161,728,1433,13497,9100,4397,6799,4408,2391,245,0,245,6554,0.96396528901309,4408,1,2146,0.897532413216227,6493,3586,2907,1578,599,979,4915,0.7569690435854,2987,0.832961517010597,1928,0.663226694186447
"Westchester County (Southwest)--Yonkers City PUMA, New York",Mid-Hudson,18931,10437,8494,3607,1573,2034,15324,8864,6460,8169,3479,4690,1144,0,1144,7025,0.859958379238585,3479,1,3546,0.756076759061834,8267,5058,3209,1732,994,738,6535,0.790492318858111,4064,0.80347963621985,2471,0.770021813649112
MID-HUDSON,,143360,76239,67121,23788,7998,15790,119572,68241,51331,59995,28787,31208,8062,1946,6116,51933,0.865622135177932,26841,0.932400041685483,25092,0.804024609074596,64525,34134,30391,12967,4503,8464,51558,0.799039132119334,29631,0.868078748461944,21927,0.721496495673061
"Fulton & Montgomery Counties PUMA, New York",Mohawk Valley,523,183,340,94,0,94,429,183,246,302,136,166,47,0,47,255,0.844370860927152,136,1,119,0.716867469879518,221,47,174,47,0,47,174,0.787330316742081,47,1,127,0.729885057471264
"Herkimer (North & Central) & Oneida (Outer) Counties PUMA, New York",Mohawk Valley,403,280,123,56,56,0,347,224,123,170,170,0,0,0,0,170,1,170,1,0,#DIV/0!,177,54,123,0,0,0,177,1,54,1,123,1
"Oneida County (Central)--Greater Utica & Rome Cities PUMA, New York",Mohawk Valley,5153,2895,2258,1620,889,731,3533,2006,1527,1580,792,788,541,204,337,1039,0.657594936708861,588,0.742424242424242,451,0.572335025380711,2752,1579,1173,994,600,394,1758,0.638808139534884,979,0.620012666244458,779,0.664109121909633
"Otsego, Schoharie, Oneida (South) & Herkimer (South) Counties PUMA; New York",Mohawk Valley,609,277,332,151,50,101,458,227,231,303,133,170,108,50,58,195,0.643564356435644,83,0.62406015037594,112,0.658823529411765,90,36,54,43,0,43,47,0.522222222222222,36,1,11,0.203703703703704
MOHAWK VALLEY,,6688,3635,3053,1921,995,926,4767,2640,2127,2355,1231,1124,696,254,442,1659,0.704458598726115,977,0.793663688058489,682,0.606761565836299,3240,1716,1524,1084,600,484,2156,0.665432098765432,1116,0.65034965034965,1040,0.68241469816273
"NYC-Bronx Community District 1 & 2--Hunts Point, Longwood & Melrose PUMA; New York",New York,12528,6533,5995,1713,482,1231,10815,6051,4764,2583,986,1597,254,0,254,2329,0.901664730933024,986,1,1343,0.840951784596118,7164,4129,3035,800,232,568,6364,0.888330541596873,3897,0.943812061031727,2467,0.812850082372323
"NYC-Bronx Community District 10--Co-op City, Pelham Bay & Schuylerville PUMA; New York",New York,8801,3786,5015,1582,46,1536,7219,3740,3479,3430,1382,2048,465,0,465,2965,0.864431486880466,1382,1,1583,0.77294921875,4462,1834,2628,1117,46,1071,3345,0.749663827879875,1788,0.974918211559433,1557,0.592465753424658
"NYC-Bronx Community District 11--Pelham Parkway, Morris Park & Laconia PUMA; New York",New York,14171,7980,6191,1926,786,1140,12245,7194,5051,4572,2460,2112,556,128,428,4016,0.878390201224847,2332,0.947967479674797,1684,0.797348484848485,8633,4652,3981,1272,658,614,7361,0.852658403799375,3994,0.858555460017197,3367,0.845767395126853
"NYC-Bronx Community District 12--Wakefield, Williamsbridge & Woodlawn PUMA; New York",New York,6280,3438,2842,1367,246,1121,4913,3192,1721,2277,1056,1221,372,0,372,1905,0.836627140974967,1056,1,849,0.695331695331695,3543,1973,1570,807,109,698,2736,0.772226926333616,1864,0.944754181449569,872,0.555414012738854
"NYC-Bronx Community District 3 & 6--Belmont, Crotona Park East & East Tremont PUMA; New York",New York,13926,7100,6826,2512,543,1969,11414,6557,4857,2475,765,1710,354,57,297,2121,0.856969696969697,708,0.925490196078431,1413,0.826315789473684,9242,5176,4066,1152,210,942,8090,0.875351655485826,4966,0.959428129829985,3124,0.7683226758485
"NYC-Bronx Community District 4--Concourse, Highbridge & Mount Eden PUMA; New York",New York,15691,7847,7844,2729,527,2202,12962,7320,5642,4759,2528,2231,227,85,142,4532,0.952300903551166,2443,0.966376582278481,2089,0.936351411922905,8182,4447,3735,1310,442,868,6872,0.839892446834515,4005,0.900607150888239,2867,0.76760374832664
"NYC-Bronx Community District 5--Morris Heights, Fordham South & Mount Hope PUMA; New York",New York,11771,6514,5257,1632,753,879,10139,5761,4378,2635,1857,778,149,0,149,2486,0.943453510436433,1857,1,629,0.808483290488432,6784,3588,3196,405,359,46,6379,0.94030070754717,3229,0.899944258639911,3150,0.985607008760951
"NYC-Bronx Community District 7--Bedford Park, Fordham North & Norwood PUMA; New York",New York,15974,9062,6912,3291,721,2570,12683,8341,4342,4438,3117,1321,719,482,237,3719,0.837990085624155,2635,0.845364132178377,1084,0.820590461771385,8653,4393,4260,1964,239,1725,6689,0.773026695943603,4154,0.945595265194628,2535,0.595070422535211
"NYC-Bronx Community District 8--Riverdale, Fieldston & Kingsbridge PUMA; New York",New York,11584,5322,6262,1640,574,1066,9944,4748,5196,5491,2484,3007,413,300,113,5078,0.924786013476598,2184,0.879227053140097,2894,0.96242101762554,4824,2390,2434,928,274,654,3896,0.807628524046434,2116,0.885355648535565,1780,0.731306491372227
"NYC-Bronx Community District 9--Castle Hill, Clason Point & Parkchester PUMA; New York",New York,13461,7699,5762,3068,1031,2037,10393,6668,3725,4112,2005,2107,843,280,563,3269,0.794990272373541,1725,0.860349127182045,1544,0.732795443758899,8071,5083,2988,1957,751,1206,6114,0.75752694833354,4332,0.85225260672831,1782,0.596385542168675
"NYC-Brooklyn Community District 10--Bay Ridge & Dyker Heights PUMA, New York",New York,18201,10609,7592,3708,1590,2118,14493,9019,5474,9393,5071,4322,1190,472,718,8203,0.873309911636325,4599,0.906921711693946,3604,0.833873206848681,7197,4115,3082,2356,956,1400,4841,0.672641378352091,3159,0.76767922235723,1682,0.54574951330305
"NYC-Brooklyn Community District 11--Bensonhurst & Bath Beach PUMA, New York",New York,29960,15204,14756,3316,1006,2310,26644,14198,12446,16130,7715,8415,1177,391,786,14953,0.927030378177309,7324,0.949319507453014,7629,0.906595365418895,10954,5407,5547,1664,482,1182,9290,0.848092021179478,4925,0.910856297392269,4365,0.78691184424013
"NYC-Brooklyn Community District 12--Borough Park, Kensington & Ocean Parkway PUMA; New York",New York,11987,7464,4523,4111,2023,2088,7876,5441,2435,4612,3023,1589,709,403,306,3903,0.846270598438855,2620,0.866688719814754,1283,0.807426054122089,5567,3024,2543,2830,1395,1435,2737,0.491647206754087,1629,0.538690476190476,1108,0.435705859221392
"NYC-Brooklyn Community District 13--Brighton Beach & Coney Island PUMA, New York",New York,14019,7584,6435,1477,236,1241,12542,7348,5194,6862,3241,3621,315,45,270,6547,0.954095016030312,3196,0.986115396482567,3351,0.925434962717481,5470,2999,2471,913,155,758,4557,0.83308957952468,2844,0.948316105368456,1713,0.693241602590045
"NYC-Brooklyn Community District 14--Flatbush & Midwood PUMA, New York",New York,20968,10919,10049,4162,1838,2324,16806,9081,7725,8303,3166,5137,1694,599,1095,6609,0.795977357581597,2567,0.810802274162982,4042,0.786840568425151,9417,5612,3805,2059,1030,1029,7358,0.781352872464692,4582,0.816464718460442,2776,0.729566360052562
"NYC-Brooklyn Community District 15--Sheepshead Bay, Gerritsen Beach & Homecrest PUMA; New York",New York,23964,12311,11653,3896,1960,1936,20068,10351,9717,13519,6394,7125,1255,643,612,12264,0.907167689917893,5751,0.899436972161401,6513,0.914105263157895,8714,4707,4007,1877,867,1010,6837,0.784599495065412,3840,0.815806246016571,2997,0.747941103069628
"NYC-Brooklyn Community District 16--Brownsville & Ocean Hill PUMA, New York",New York,4108,2181,1927,816,117,699,3292,2064,1228,824,452,372,53,0,53,771,0.935679611650485,452,1,319,0.85752688172043,1608,730,878,561,29,532,1047,0.651119402985075,701,0.96027397260274,346,0.394077448747153
"NYC-Brooklyn Community District 17--East Flatbush, Farragut & Rugby PUMA; New York",New York,8745,3758,4987,1767,759,1008,6978,2999,3979,1958,385,1573,190,0,190,1768,0.902962206332993,385,1,1383,0.879211697393516,5348,2741,2607,1081,561,520,4267,0.797868362004488,2180,0.795330171470266,2087,0.800537015726889
"NYC-Brooklyn Community District 18--Canarsie & Flatlands PUMA, New York",New York,19410,9171,10239,3528,1044,2484,15882,8127,7755,7584,2995,4589,872,363,509,6712,0.885021097046413,2632,0.878797996661102,4080,0.889082588799303,9831,5129,4702,2656,681,1975,7175,0.729834197945275,4448,0.867225580035094,2727,0.57996597192684
"NYC-Brooklyn Community District 1--Greenpoint & Williamsburg PUMA, New York",New York,10298,5738,4560,2434,1064,1370,7864,4674,3190,4907,2259,2648,1505,837,668,3402,0.693295292439372,1422,0.629482071713147,1980,0.74773413897281,4190,2572,1618,812,227,585,3378,0.806205250596659,2345,0.911741835147745,1033,0.638442521631644
"NYC-Brooklyn Community District 2--Brooklyn Heights & Fort Greene PUMA, New York",New York,7217,3942,3275,1255,459,796,5962,3483,2479,4705,2212,2493,921,459,462,3784,0.804250797024442,1753,0.79249547920434,2031,0.81468110709988,2207,1730,477,240,0,240,1967,0.891255097417309,1730,1,237,0.49685534591195
"NYC-Brooklyn Community District 3--Bedford-Stuyvesant PUMA, New York",New York,5723,3928,1795,1535,717,818,4188,3211,977,2007,1367,640,393,0,393,1614,0.804185351270553,1367,1,247,0.3859375,3318,2227,1091,1078,717,361,2240,0.675105485232067,1510,0.678042209250112,730,0.669110907424381
"NYC-Brooklyn Community District 4--Bushwick PUMA, New York",New York,8414,5391,3023,2243,883,1360,6171,4508,1663,1666,958,708,798,511,287,868,0.521008403361345,447,0.466597077244259,421,0.594632768361582,5011,3090,1921,1368,372,996,3643,0.727000598682898,2718,0.879611650485437,925,0.481520041644977
"NYC-Brooklyn Community District 5--East New York & Starrett City PUMA, New York",New York,11824,6196,5628,1537,889,648,10287,5307,4980,2034,646,1388,205,0,205,1829,0.8992133726647,646,1,1183,0.852305475504323,7259,3484,3775,603,160,443,6656,0.916930706708913,3324,0.954075774971297,3332,0.882649006622517
"NYC-Brooklyn Community District 6--Park Slope, Carroll Gardens & Red Hook PUMA; New York",New York,6746,3476,3270,572,44,528,6174,3432,2742,5487,2605,2882,409,0,409,5078,0.925460178603973,2605,1,2473,0.858084663428175,1058,670,388,119,0,119,939,0.887523629489603,670,1,269,0.693298969072165
"NYC-Brooklyn Community District 7--Sunset Park & Windsor Terrace PUMA, New York",New York,19473,11730,7743,3116,1483,1633,16357,10247,6110,7296,4257,3039,887,294,593,6409,0.878426535087719,3963,0.930937279774489,2446,0.804870023033893,8488,5115,3373,1183,796,387,7305,0.860626767200754,4319,0.844379276637341,2986,0.885265342425141
"NYC-Brooklyn Community District 8--Crown Heights North & Prospect Heights PUMA, New York",New York,5671,2357,3314,1308,247,1061,4363,2110,2253,1884,682,1202,272,0,272,1612,0.855626326963907,682,1,930,0.773710482529118,2957,1380,1577,743,247,496,2214,0.748731822793372,1133,0.821014492753623,1081,0.685478757133798
"NYC-Brooklyn Community District 9--Crown Heights South, Prospect Lefferts & Wingate PUMA; New York",New York,6989,3397,3592,818,312,506,6171,3085,3086,2019,485,1534,67,0,67,1952,0.966815255076771,485,1,1467,0.95632333767927,3724,1843,1881,650,211,439,3074,0.825456498388829,1632,0.885512750949539,1442,0.766613503455609
"NYC-Manhattan Community District 1 & 2--Battery Park City, Greenwich Village & Soho PUMA; New York",New York,15332,8344,6988,924,197,727,14408,8147,6261,13262,7254,6008,460,197,263,12802,0.965314432212336,7057,0.972842569616763,5745,0.956225033288948,1038,181,857,464,0,464,574,0.552986512524085,181,1,393,0.458576429404901
"NYC-Manhattan Community District 10--Central Harlem PUMA, New York",New York,8657,4861,3796,2166,1056,1110,6491,3805,2686,5163,2849,2314,877,396,481,4286,0.830137516947511,2453,0.861003861003861,1833,0.792134831460674,2116,785,1331,654,79,575,1462,0.690926275992439,706,0.899363057324841,756,0.567993989481593
"NYC-Manhattan Community District 11--East Harlem PUMA, New York",New York,12230,6002,6228,2373,571,1802,9857,5431,4426,4026,1929,2097,932,249,683,3094,0.768504719324391,1680,0.870917573872473,1414,0.674296614210777,5824,2907,2917,1009,219,790,4815,0.826751373626374,2688,0.924664602683179,2127,0.729173808707576
"NYC-Manhattan Community District 12--Washington Heights, Inwood & Marble Hill PUMA; New York",New York,25462,11429,14033,4823,1194,3629,20639,10235,10404,6559,2236,4323,1215,59,1156,5344,0.814758347309041,2177,0.973613595706619,3167,0.732593106638908,14774,6807,7967,2899,886,2013,11875,0.803776905374306,5921,0.869839870721316,5954,0.747332747583783
"NYC-Manhattan Community District 3--Chinatown & Lower East Side PUMA, New York",New York,8951,4557,4394,1484,737,747,7467,3820,3647,5586,2632,2954,598,177,421,4988,0.892946652345148,2455,0.932750759878419,2533,0.857481381178064,2801,1501,1300,841,515,326,1960,0.699750089253838,986,0.656895403064624,974,0.749230769230769
"NYC-Manhattan Community District 4 & 5--Chelsea, Clinton & Midtown Business District PUMA; New York",New York,15549,8127,7422,1944,476,1468,13605,7651,5954,10929,6121,4808,1510,349,1161,9419,0.861835483575807,5772,0.942983172684202,3647,0.758527454242928,3374,1716,1658,434,127,307,2940,0.871369294605809,1589,0.925990675990676,1351,0.814837153196622
"NYC-Manhattan Community District 6--Murray Hill, Gramercy & Stuyvesant Town PUMA; New York",New York,7331,2137,5194,1055,0,1055,6276,2137,4139,6347,2137,4210,569,0,569,5778,0.910351347093115,2137,1,3641,0.864845605700713,716,0,716,218,0,218,498,0.695530726256983,0,#DIV/0!,498,0.695530726256983
"NYC-Manhattan Community District 7--Upper West Side & West Side PUMA, New York",New York,14370,6595,7775,2248,908,1340,12122,5687,6435,10550,4844,5706,1511,385,1126,9039,0.856777251184834,4459,0.920520231213873,4580,0.802663862600771,3705,1636,2069,737,523,214,2968,0.801079622132254,1113,0.680317848410758,1855,0.896568390526824
"NYC-Manhattan Community District 8--Upper East Side PUMA, New York",New York,19521,8675,10846,3083,0,3083,16438,8675,7763,18232,8238,9994,2524,0,2524,15708,0.861562088635366,8238,1,7470,0.747448469081449,1289,437,852,559,0,559,730,0.56633048875097,437,1,293,0.343896713615023
"NYC-Manhattan Community District 9--Hamilton Heights, Manhattanville & West Harlem PUMA; New York",New York,13517,6327,7190,1667,475,1192,11850,5852,5998,5638,2904,2734,871,475,396,4767,0.845512593118127,2429,0.836432506887052,2338,0.855157278712509,5169,2364,2805,451,0,451,4718,0.912749081060166,2364,1,2354,0.83921568627451
"NYC-Queens Community District 10--Howard Beach & Ozone Park PUMA, New York",New York,10677,6250,4427,1520,528,992,9157,5722,3435,4395,2615,1780,500,227,273,3895,0.886234357224118,2388,0.913193116634799,1507,0.846629213483146,5349,2790,2559,933,214,719,4416,0.825574873808188,2576,0.923297491039426,1840,0.719030871434154
"NYC-Queens Community District 11--Bayside, Douglaston & Little Neck PUMA; New York",New York,19021,9713,9308,2347,818,1529,16674,8895,7779,10189,4891,5298,1141,356,785,9048,0.888016488369811,4535,0.927213248824371,4513,0.851830879577199,7452,3915,3537,1100,462,638,6352,0.852388620504562,3453,0.881992337164751,2899,0.819621147865423
"NYC-Queens Community District 12--Jamaica, Hollis & St. Albans PUMA; New York",New York,16325,9906,6419,2675,1721,954,13650,8185,5465,5757,3420,2337,726,441,285,5031,0.873892652423137,2979,0.871052631578947,2052,0.878048780487805,7666,4718,2948,1637,968,669,6029,0.786459692147143,3750,0.79482831708351,2279,0.773066485753053
"NYC-Queens Community District 13--Queens Village, Cambria Heights & Rosedale PUMA; New York",New York,21987,13160,8827,2380,1079,1301,19607,12081,7526,7586,4190,3396,461,157,304,7125,0.939230160822568,4033,0.962529832935561,3092,0.910482921083628,12511,7644,4867,1631,742,889,10880,0.869634721445128,6902,0.902930402930403,3978,0.817341277994658
"NYC-Queens Community District 14--Far Rockaway, Breezy Point & Broad Channel PUMA; New York",New York,4903,2633,2270,1304,583,721,3599,2050,1549,2201,965,1236,181,0,181,2020,0.917764652430713,965,1,1055,0.853559870550162,2027,1170,857,1123,583,540,904,0.44597927972373,587,0.501709401709402,317,0.369894982497083
"NYC-Queens Community District 1--Astoria & Long Island City PUMA, New York",New York,32088,18365,13723,5254,1399,3855,26834,16966,9868,15000,7511,7489,1693,580,1113,13307,0.887133333333333,6931,0.922779922779923,6376,0.851382026972894,13829,8690,5139,2979,719,2260,10850,0.784583122423892,7971,0.917261219792865,2879,0.560225724849192
"NYC-Queens Community District 2--Sunnyside & Woodside PUMA, New York",New York,30810,19097,11713,5054,2183,2871,25756,16914,8842,14130,8320,5810,1843,755,1088,12287,0.869568294409059,7565,0.909254807692308,4722,0.812736660929432,12957,8169,4788,2852,1290,1562,10105,0.779887319595585,6879,0.842085934630922,3226,0.673767752715121
"NYC-Queens Community District 3--Jackson Heights & North Corona PUMA, New York",New York,34719,21098,13621,5361,1389,3972,29358,19709,9649,8850,5146,3704,836,42,794,8014,0.905536723163842,5104,0.99183832102604,2910,0.785637149028078,17630,9859,7771,3706,940,2766,13924,0.789790130459444,8919,0.904655644588701,5005,0.644061253377944
"NYC-Queens Community District 4--Elmhurst & South Corona PUMA, New York",New York,36688,24236,12452,4475,1925,2550,32213,22311,9902,13824,9596,4228,1541,948,593,12283,0.888527199074074,8648,0.901208837015423,3635,0.859744560075686,18600,11537,7063,2499,747,1752,16101,0.865645161290323,10790,0.935251798561151,5311,0.751946764830808
"NYC-Queens Community District 5--Ridgewood, Glendale & Middle Village PUMA; New York",New York,25124,13456,11668,3437,1037,2400,21687,12419,9268,8193,3311,4882,679,445,234,7514,0.917124374466007,2866,0.865599516762308,4648,0.952068824252356,14523,8679,5844,2297,503,1794,12226,0.841837086001515,8176,0.94204401428736,4050,0.693018480492813
"NYC-Queens Community District 6--Forest Hills & Rego Park PUMA, New York",New York,22060,10562,11498,3767,716,3051,18293,9846,8447,13114,5912,7202,1626,327,1299,11488,0.876010370596309,5585,0.944688768606225,5903,0.819633435156901,7909,4037,3872,1959,389,1570,5950,0.752307497787331,3648,0.903641317810255,2302,0.59452479338843
"NYC-Queens Community District 7--Flushing, Murray Hill & Whitestone PUMA; New York",New York,36697,20378,16319,4765,1593,3172,31932,18785,13147,13575,7452,6123,1226,229,997,12349,0.909686924493554,7223,0.969269994632314,5126,0.837171321247754,20149,11257,8892,3120,1322,1798,17029,0.845153605637997,9935,0.882561961446211,7094,0.797795771479982
"NYC-Queens Community District 8--Briarwood, Fresh Meadows & Hillcrest PUMA; New York",New York,25300,12718,12582,4040,1863,2177,21260,10855,10405,11238,6079,5159,1274,640,634,9964,0.886634632496886,5439,0.894719526237868,4525,0.877107966660205,12386,5566,6820,2034,819,1215,10352,0.835782334894235,4747,0.852856629536471,5605,0.821847507331378
"NYC-Queens Community District 9--Richmond Hill & Woodhaven PUMA, New York",New York,26344,14901,11443,4470,1166,3304,21874,13735,8139,7723,4102,3621,1646,405,1241,6077,0.786870387155251,3697,0.901267674305217,2380,0.657276995305164,15521,8479,7042,2566,545,2021,12955,0.834675600798918,7934,0.935723552305696,5021,0.713007668276058
"NYC-Staten Island Community District 1--Port Richmond, Stapleton & Mariner's Harbor PUMA; New York",New York,15378,8937,6441,3132,1648,1484,12246,7289,4957,5597,2968,2629,865,363,502,4732,0.84545292120779,2605,0.877695417789757,2127,0.809052871814378,7206,4114,3092,1224,627,597,5982,0.830141548709409,3487,0.8475935828877,2495,0.806921086675291
"NYC-Staten Island Community District 2--New Springville & South Beach PUMA, New York",New York,15116,8667,6449,2241,879,1362,12875,7788,5087,6363,3238,3125,806,95,711,5557,0.873330190161873,3143,0.970660901791229,2414,0.77248,7014,4377,2637,794,275,519,6220,0.886797832905617,4102,0.937171578706877,2118,0.803185437997725
"NYC-Staten Island Community District 3--Tottenville, Great Kills & Annadale PUMA; New York",New York,13374,7942,5432,1408,481,927,11966,7461,4505,6448,3537,2911,357,88,269,6091,0.944633995037221,3449,0.975120158326265,2642,0.907591892820337,6524,4070,2454,994,336,658,5530,0.847639484978541,3734,0.917444717444717,1796,0.731866340668297
NEW YORK,,885435,479710,405725,142456,49002,93454,742979,430708,312271,378437,190950,187487,45732,14734,30998,332705,0.879155579396306,176216,0.922838439382037,156489,0.834665870166998,401935,221645,180290,76219,26036,50183,325716,0.810369835918743,195609,0.882532879153601,130107,0.721654001885851
"Clinton, Franklin, Essex & Hamilton Counties PUMA; New York",North Country,1143,424,719,391,0,391,752,424,328,760,252,508,320,0,320,440,0.578947368421053,252,1,188,0.37007874015748,244,127,117,24,0,24,220,0.901639344262295,127,1,93,0.794871794871795
"Jefferson & Lewis Counties PUMA, New York",North Country,979,652,327,556,392,164,423,260,163,368,260,108,108,0,108,260,0.706521739130435,260,1,0,0,585,392,193,422,392,30,163,0.278632478632479,0,0,163,0.844559585492228
"St. Lawrence County PUMA, New York",North Country,1491,365,1126,157,157,0,1334,208,1126,953,160,793,0,0,0,953,1,160,1,793,1,490,157,333,157,157,0,333,0.679591836734694,0,0,333,1
NORTH COUNTRY,,3613,1441,2172,1104,549,555,2509,892,1617,2081,672,1409,428,0,428,1653,0.794329649207112,672,1,981,0.696238466997871,1319,676,643,603,549,54,716,0.542835481425322,127,0.187869822485207,589,0.91601866251944
"Broome (Outer West) & Tioga Counties PUMA, New York",Southern Tier,545,442,103,185,185,0,360,257,103,167,167,0,0,0,0,167,1,167,1,0,#DIV/0!,378,275,103,185,185,0,193,0.510582010582011,90,0.327272727272727,103,1
"Broome County (West Central)--Greater Binghamton City & Greater Johnson City Village PUMA, New York",Southern Tier,2690,1689,1001,445,86,359,2245,1603,642,1785,923,862,359,0,359,1426,0.798879551820728,923,1,503,0.583526682134571,804,665,139,86,86,0,718,0.893034825870647,579,0.870676691729323,139,1
"Chemung (South) & Steuben (East) Counties--Greater Elmira & Greater Corning Cities PUMA, New York",Southern Tier,1331,755,576,170,0,170,1161,755,406,1114,690,424,67,0,67,1047,0.939856373429084,690,1,357,0.841981132075472,217,65,152,103,0,103,114,0.525345622119816,65,1,49,0.322368421052632
"Chenango, Delaware & Broome (East) Counties PUMA; New York",Southern Tier,805,438,367,91,29,62,714,409,305,631,409,222,0,0,0,631,1,409,1,222,1,174,29,145,91,29,62,83,0.477011494252874,0,0,83,0.572413793103448
"Steuben (North & West), Schuyler & Chemung (North) Counties PUMA; New York",Southern Tier,232,201,31,164,164,0,68,37,31,164,164,0,164,164,0,0,0,0,0,0,#DIV/0!,68,37,31,0,0,0,68,1,37,1,31,1
"Tompkins County PUMA, New York",Southern Tier,2828,1626,1202,195,162,33,2633,1464,1169,2444,1275,1169,162,162,0,2282,0.933715220949263,1113,0.872941176470588,1169,1,384,351,33,33,0,33,351,0.9140625,351,1,0,0
SOUTHER TIER,,,5151,3280,1250,626,624,7181,4525,2656,6305,3628,2677,752,326,426,5553,0.880729579698652,3302,0.910143329658214,2251,0.840866641763168,2025,1422,603,498,300,198,1527,0.754074074074074,1122,0.789029535864979,405,0.671641791044776
"Cattaraugus & Allegany Counties PUMA, New York",Western NY,402,206,196,44,44,0,358,162,196,350,162,188,0,0,0,350,1,162,1,188,1,52,44,8,44,44,0,8,0.153846153846154,0,0,8,1
"Chautauqua County PUMA, New York",Western NY,364,296,68,0,0,0,364,296,68,100,32,68,0,0,0,100,1,32,1,68,1,203,203,0,0,0,0,203,1,203,1,0,#DIV/0!
"Erie County (Central) PUMA, New York",Western NY,2896,1624,1272,525,326,199,2371,1298,1073,1079,515,564,180,90,90,899,0.833178869323448,425,0.825242718446602,474,0.840425531914894,1513,935,578,168,124,44,1345,0.888962326503635,811,0.867379679144385,534,0.923875432525952
"Erie County (North Central) PUMA, New York",Western NY,3584,1610,1974,563,157,406,3021,1453,1568,2737,1472,1265,157,157,0,2580,0.942637924735111,1315,0.893342391304348,1265,1,346,138,208,102,0,102,244,0.705202312138728,138,1,106,0.509615384615385
"Erie County (Northeast) PUMA, New York",Western NY,786,423,363,274,0,274,512,423,89,403,272,131,42,0,42,361,0.895781637717122,272,1,89,0.679389312977099,383,151,232,232,0,232,151,0.394255874673629,151,1,0,0
"Erie County (Northwest) PUMA, New York",Western NY,1976,1224,752,201,0,201,1775,1224,551,541,313,228,134,0,134,407,0.752310536044362,313,1,94,0.412280701754386,1298,911,387,0,0,0,1298,1,911,1,387,1
"Erie County (South) PUMA, New York",Western NY,1055,816,239,145,145,0,910,671,239,606,367,239,145,145,0,461,0.760726072607261,222,0.604904632152589,239,1,449,449,0,0,0,0,449,1,449,1,0,#DIV/0!
"Erie County (West Central)--Buffalo City (East) PUMA, New York",Western NY,883,520,363,212,52,160,671,468,203,286,53,233,160,0,160,126,0.440559440559441,53,1,73,0.313304721030043,469,421,48,52,52,0,417,0.889125799573561,369,0.876484560570071,48,1
"Erie County (West Central)--Buffalo City (West) PUMA, New York",Western NY,3631,2109,1522,1439,515,924,2192,1594,598,1604,994,610,553,328,225,1051,0.655236907730673,666,0.670020120724346,385,0.631147540983607,1467,928,539,378,0,378,1089,0.742331288343558,928,1,161,0.298701298701299
"Niagara County (North & East) PUMA, New York",Western NY,332,125,207,88,0,88,244,125,119,0,0,0,0,0,0,0,#DIV/0!,0,#DIV/0!,0,#DIV/0!,88,0,88,88,0,88,0,0,0,#DIV/0!,0,0
"Niagara County (Southwest)--Greater Niagara Falls & North Tonawanda Area PUMA, New York",Western NY,612,310,302,82,82,0,530,228,302,18,0,18,0,0,0,18,1,0,#DIV/0!,18,1,398,266,132,82,82,0,316,0.793969849246231,184,0.691729323308271,132,1
WESTERN NY,,16521,9263,7258,3573,1321,2252,12948,7942,5006,7724,4180,3544,1371,720,651,6353,0.822501294665976,3460,0.827751196172249,2893,0.816309255079007,6666,4446,2220,1146,302,844,5520,0.828082808280828,4144,0.932073774179037,1376,0.61981981981982
