,,NB,,,,,,,,,,FB,,,,,,,,,
,,BABS,,,,,HS,,,,,BABS,,,,,HS,,,,
,,Total,,Unemployed,,,Total,,Unemployed,,,Total,,Unemployed,,,Total,,Unemployed,,
,,Total,Female,Total,Female,,Total,Female,Total,Female,,Total,Female,Total,Female,,Total,Female,Total,Female,
Total GEOG-101,NYS Regions,2591715,1356613,87526,43287,3.19081418208435%,2971795,1387352,210815,93057,6.70752628028071%,549091,271479,25530,13384,4.9300314204782%,588641,266110,36497,17487,6.57134267783999%
"Albany County (East Central)--Albany City PUMA, New York",Capital Region,14958,8518,409,142,1.66705799483447%,20339,9920,1665,609,6.13911290322581%,733,321,0,0,0%,365,315,0,0,0%
"Albany County (Outside Albany City) PUMA, New York",Capital Region,33846,17256,721,382,2.21372276309689%,42623,20779,2013,887,4.26873285528659%,4659,1240,655,244,19.6774193548387%,1439,902,413,413,45.7871396895787%
"Columbia & Greene Counties PUMA, New York",Capital Region,12002,6483,191,191,2.94616689804103%,27663,13484,956,480,3.55977454761198%,386,0,0,0,#DIV/0!,364,87,0,0,0%
"Rensselaer County--Troy City PUMA, New York",Capital Region,19126,10572,478,312,2.95119182746879%,43271,20536,2212,1020,4.96688741721854%,1148,647,141,141,21.7928902627512%,697,87,0,0,0%
"Saratoga County (Outer) PUMA, New York",Capital Region,17269,8600,294,121,1.40697674418605%,28731,13777,1557,310,2.2501270232997%,382,277,130,130,46.9314079422383%,485,105,149,17,16.1904761904762%
"Saratoga County (South & Central) PUMA, New York",Capital Region,25404,13171,376,258,1.95884898640954%,21217,9136,937,315,3.44789842381786%,1920,1282,131,131,10.2184087363495%,1027,734,0,0,0%
"Schenectady County--Schenectady City PUMA, New York",Capital Region,19716,10961,735,700,6.38627862421312%,33462,17767,2120,861,4.84606292564868%,1515,527,0,0,0%,960,352,110,110,31.25%
"Warren & Washington Counties PUMA, New York",Capital Region,13003,7808,432,260,3.32991803278689%,35040,15516,2634,744,4.79505027068832%,208,0,0,0,#DIV/0!,365,263,0,0,0%
Capital Region,,155324,83369,3636,2366,2.83798534227351%,252346,120915,14094,5226,4.32204441136335%,10951,4294,1057,646,15.0442477876106%,5702,2845,672,540,18.9806678383128%
"Cayuga & Onondaga (South) Counties PUMA, New York",Central NY,14329,7941,296,228,2.87117491499811%,31019,15088,1411,922,6.11081654294804%,32,0,0,0,#DIV/0!,178,28,0,0,0%
"Madison & Cortland Counties PUMA, New York",Central NY,14774,7959,417,417,5.2393516773464%,28905,12900,1625,944,7.31782945736434%,315,124,0,0,0%,82,43,0,0,0%
"Onondaga County (Central)--Syracuse City (Outer) PUMA, New York",Central NY,28313,14019,604,0,0%,35854,17104,1460,999,5.84073900841908%,1633,704,184,111,15.7670454545455%,591,109,0,0,0%
"Onondaga County (Central)--Syracuse City PUMA, New York",Central NY,11692,5820,366,136,2.33676975945017%,22060,12434,1754,896,7.2060479330867%,2103,746,232,0,0%,1668,672,229,129,19.1964285714286%
"Onondaga County (North) PUMA, New York",Central NY,25399,12672,1125,621,4.90056818181818%,30094,14368,1563,832,5.79064587973274%,1468,893,0,0,0%,1155,700,0,0,0%
"Oswego County PUMA, New York",Central NY,11540,6286,222,222,3.53165765192491%,31637,13875,2922,640,4.61261261261261%,379,346,0,0,0%,453,0,99,0,#DIV/0!
Central NY,,106047,54697,3030,1624,2.96908422765417%,179569,85769,10735,5233,6.1012720213597%,5930,2813,416,111,3.94596516174902%,4127,1552,328,129,8.31185567010309%
"Genesee & Orleans Counties PUMA, New York",Finger Lakes,7915,4591,255,73,1.59006752341538%,30138,13784,1513,842,6.10853163087638%,41,27,0,0,0%,252,198,0,0,0%
"Livingston & Wyoming Counties PUMA, New York",Finger Lakes,8170,4531,41,0,0%,26911,12243,1346,786,6.41999509924038%,20,0,0,0,#DIV/0!,596,300,0,0,0%
"Monroe County (Central)--Greece & Gates Towns PUMA, New York",Finger Lakes,16028,8856,0,0,0%,32250,16254,955,729,4.48504983388704%,881,175,0,0,0%,2025,1203,399,0,0%
"Monroe County (Central)--Rochester City (East) PUMA, New York",Finger Lakes,16793,8410,172,0,0%,19484,8767,2524,1336,15.2389642979354%,401,350,100,100,28.5714285714286%,1210,805,0,0,0%
"Monroe County (Central)--Rochester City (West) PUMA, New York",Finger Lakes,6924,3767,537,348,9.23812052030794%,19957,10463,2122,688,6.57555194494887%,345,119,0,0,0%,1805,688,0,0,0%
"Monroe County (East) PUMA, New York",Finger Lakes,29493,15604,453,114,0.730581902076391%,26259,13175,1652,672,5.10056925996205%,1158,671,243,243,36.2146050670641%,1617,880,86,86,9.77272727272727%
"Monroe County (North & West) PUMA, New York",Finger Lakes,15107,8914,399,162,1.81736594121606%,27567,12601,916,447,3.5473375128958%,324,324,0,0,0%,358,127,0,0,0%
"Monroe County (South) PUMA, New York",Finger Lakes,40416,18959,114,114,0.601297536789915%,24409,11217,1111,267,2.38031559240439%,4047,1825,71,0,0%,1371,324,84,0,0%
"Ontario & Yates Counties PUMA, New York",Finger Lakes,15803,8713,468,329,3.77596694594284%,31898,14218,2007,756,5.31720354480236%,298,121,0,0,0%,777,527,0,0,0%
"Wayne & Seneca Counties PUMA, New York",Finger Lakes,12134,6596,408,298,4.51788963007884%,32318,14580,1598,611,4.19067215363512%,788,80,0,0,0%,376,376,0,0,0%
Finger Lakes,,168783,88941,2847,1438,1.61680214973972%,271191,127302,15744,7134,5.60399679502286%,8303,3692,414,343,9.29035752979415%,10387,5428,569,86,1.58437730287399%
"Nassau County (Central)--Hempstead Town (East Central) PUMA, New York",Long Island,22471,13032,904,686,5.26396562308165%,17716,7445,2102,1130,15.1779717931498%,1068,455,0,0,0%,1412,600,211,76,12.6666666666667%
"Nassau County (Central)--Hempstead Town (North Central)--Meadowbrook Corridor PUMA, New York",Long Island,10403,6314,438,438,6.93696547355084%,15451,8547,1382,455,5.32350532350532%,1582,877,0,0,0%,4286,2001,391,67,3.34832583708146%
"Nassau County (Central)--Hempstead Town (Northeast) PUMA, New York",Long Island,17452,7929,402,281,3.54395257913987%,19066,8442,380,145,1.71760246387112%,2653,1305,73,73,5.59386973180077%,4578,1927,127,127,6.5905552672548%
"Nassau County (East Central)--Oyster Bay Town (Central) PUMA, New York",Long Island,17968,8588,467,208,2.4219841639497%,11522,4335,720,307,7.08189158016148%,5665,2253,66,66,2.92942743009321%,2277,1075,0,0,0%
"Nassau County (Northeast)--Oyster Bay Town (North) & Glen Cove City PUMA, New York",Long Island,20610,8818,770,465,5.27330460421864%,10825,4849,475,230,4.7432460301093%,4579,2339,144,144,6.15647712697734%,1830,894,0,0,0%
"Nassau County (Northwest)--North Hempstead Town (North) PUMA, New York",Long Island,24925,11077,992,782,7.05967319671391%,4450,2295,279,279,12.156862745098%,5685,3016,117,0,0%,4427,1353,405,341,25.2032520325203%
"Nassau County (South Central)--Hempstead Town (Southeast) PUMA, New York",Long Island,18516,10389,154,0,0%,17172,7461,1654,855,11.45958986731%,2739,1668,211,82,4.91606714628297%,3469,1798,94,94,5.22803114571746%
"Nassau County (Southeast)--Oyster Bay Town (South) PUMA, New York",Long Island,22933,11206,295,213,1.90076744601107%,22844,10031,1149,551,5.49297178745888%,767,452,75,75,16.5929203539823%,2788,1401,0,0,0%
"Nassau County (Southwest)--Hempstead Town (Southwest) & Long Beach City PUMA, New York",Long Island,23484,10659,100,100,0.938174312787316%,14885,7700,1058,412,5.35064935064935%,2939,1988,0,0,0%,2735,1189,130,130,10.9335576114382%
"Nassau County (West Central)--Hempstead Town (Northwest) PUMA, New York",Long Island,16392,7645,497,425,5.55918901242642%,15862,6789,1301,371,5.46472234496981%,5123,2220,145,145,6.53153153153153%,5338,2446,149,0,0%
"Nassau County (West Central)--Hempstead Town (West Central) PUMA, New York",Long Island,16446,8850,988,677,7.64971751412429%,17236,7867,1064,666,8.4657429769925%,4023,2290,0,0,0%,5214,2805,536,536,19.1087344028521%
"Nassau County (West Central)--North Hempstead Town (South) PUMA, New York",Long Island,15200,7187,770,445,6.19173507722276%,13099,5920,882,152,2.56756756756757%,9124,4502,175,175,3.88716126166148%,4140,2490,0,0,0%
"Suffolk County (Central)--Brookhaven Town (Central) PUMA, New York",Long Island,16396,8394,756,523,6.23064093400048%,28906,12609,2123,531,4.21127765881513%,2943,1828,84,84,4.59518599562363%,4444,1856,0,0,0%
"Suffolk County (Central)--Brookhaven Town (West Central) PUMA, New York",Long Island,15261,7766,1187,704,9.06515580736544%,22784,9487,857,430,4.53251818277643%,1764,875,0,0,0%,2132,547,228,144,26.3254113345521%
"Suffolk County (Central)--Islip Town (East) PUMA, New York",Long Island,17190,9132,743,320,3.5041611914148%,21627,8999,1409,733,8.14534948327592%,540,222,0,0,0%,592,271,0,0,0%
"Suffolk County (Central)--Islip Town (Northwest) PUMA, New York",Long Island,6849,3830,318,0,0%,15965,6565,1963,851,12.962680883473%,2869,1995,73,73,3.65914786967419%,13406,5705,71,56,0.98159509202454%
"Suffolk County (East) PUMA, New York",Long Island,20739,10235,667,576,5.62774792379091%,24643,11296,1165,335,2.96565155807365%,1483,689,0,0,0%,3981,2000,146,146,7.3%
"Suffolk County (North Central)--Brookhaven Town (North) PUMA, New York",Long Island,18739,10034,355,0,0%,17090,7225,689,0,0%,2943,1257,169,169,13.4447096260939%,676,401,0,0,0%
"Suffolk County (Northwest)--Huntington Town (North) PUMA, New York",Long Island,22025,10547,924,274,2.59789513605765%,12503,5803,750,0,0%,1852,504,103,0,0%,2050,1335,0,0,0%
"Suffolk County (Northwest)--Huntington Town (South) PUMA, New York",Long Island,17915,8210,204,93,1.13276492082826%,11153,4702,856,503,10.6975754997873%,1956,767,0,0,0%,2220,1245,352,63,5.06024096385542%
"Suffolk County (Northwest)--Smithtown Town PUMA, New York",Long Island,26532,13433,1446,701,5.21849177398943%,19962,8855,788,182,2.05533596837945%,887,290,33,0,0%,1181,935,0,0,0%
"Suffolk County (South Central)--Brookhaven Town (South) PUMA, New York",Long Island,11567,7956,649,140,1.75967823026647%,33619,16593,1527,705,4.24877960585789%,975,440,109,109,24.7727272727273%,2558,404,105,0,0%
"Suffolk County (Southwest)--Babylon Town (Southeast) PUMA, New York",Long Island,12953,6948,625,625,8.99539435808866%,20614,9053,1376,771,8.51651386280791%,1531,664,74,74,11.144578313253%,2221,1327,135,59,4.44611906556142%
"Suffolk County (Southwest)--Islip Town (South) PUMA, New York",Long Island,17385,8949,458,0,0%,21291,9034,654,454,5.02545937569183%,1281,391,0,0,0%,1590,750,43,0,0%
"Suffolk County (West Central)--Babylon Town (Northwest) PUMA, New York",Long Island,10961,5920,825,751,12.6858108108108%,21551,11081,1712,699,6.30809493728003%,2309,1535,176,0,0%,4977,2401,0,0,0%
Long Island,,441312,223048,15934,9427,4.22644453211865%,451836,202983,28315,11747,5.78718414842622%,69280,34822,1827,1269,3.64424788926541%,84522,39156,3123,1839,4.69659822249464%
"Dutchess County (North & East) PUMA, New York",Mid-Hudson,19098,10183,866,500,4.91014435824413%,25499,11225,1461,958,8.53452115812918%,1008,711,0,0,0%,2624,1327,304,46,3.46646571213263%
"Dutchess County (Southwest) PUMA, New York",Mid-Hudson,22373,11769,314,0,0%,31415,14601,3033,1436,9.83494281213616%,3736,1813,76,76,4.19194704908991%,2485,802,35,0,0%
"Orange County (Northeast)--Greater Newburgh City PUMA, New York",Mid-Hudson,12306,6198,164,53,0.855114553081639%,27280,12147,903,338,2.78258006092039%,1228,660,0,0,0%,1340,932,0,0,0%
"Orange County (Northwest) PUMA, New York",Mid-Hudson,13411,7561,705,479,6.33514085438434%,28480,13347,1241,526,3.94096051547164%,1595,1076,0,0,0%,1991,1085,0,0,0%
"Orange County (Southeast) PUMA, New York",Mid-Hudson,16777,9725,1088,574,5.90231362467866%,23620,10840,756,231,2.1309963099631%,1948,763,85,85,11.1402359108781%,1881,1167,0,0,0%
"Putnam County PUMA, New York",Mid-Hudson,17707,8801,221,221,2.51107828655835%,20187,9546,1184,561,5.87680703959774%,2621,1708,64,64,3.74707259953162%,2868,1217,326,252,20.7066557107642%
"Rockland County (North)--New City & Congers PUMA, New York",Mid-Hudson,15100,7552,436,131,1.73463983050847%,13361,5622,797,291,5.1760939167556%,3159,1804,0,0,0%,4217,2200,0,0,0%
"Rockland County (South)--Orangetown, Clarkstown (South) & Ramapo (Southeast) Towns PUMA; New York",Mid-Hudson,20588,10375,191,69,0.665060240963855%,13021,4931,1195,495,10.0385317379842%,2761,1285,0,0,0%,2029,1236,0,0,0%
"Rockland County (West)--Spring Valley, Suffern Villages & Monsey PUMA; New York",Mid-Hudson,8369,4304,298,96,2.23048327137546%,11201,5222,627,158,3.02566066641134%,2517,866,0,0,0%,5306,2577,296,0,0%
"Sullivan & Ulster (West) Counties PUMA, New York",Mid-Hudson,9355,5232,277,170,3.24923547400612%,26487,12649,1850,208,1.64439876670093%,1186,706,0,0,0%,1969,1149,0,0,0%
"Ulster County (East) PUMA, New York",Mid-Hudson,19355,11349,911,312,2.74914089347079%,30194,13972,1769,906,6.48439736616089%,1261,770,64,64,8.31168831168831%,1454,398,0,0,0%
"Westchester County (Central)--White Plains City PUMA, New York",Mid-Hudson,37491,19128,879,214,1.11877875365956%,16066,7141,602,188,2.63268449796947%,7729,4043,212,212,5.24363096710364%,4358,1526,228,0,0%
"Westchester County (Northeast) PUMA, New York",Mid-Hudson,33285,16984,696,291,1.71337729627885%,10206,4185,357,166,3.96654719235364%,4306,2547,154,69,2.70906949352179%,2743,1636,135,0,0%
"Westchester County (Northwest) PUMA, New York",Mid-Hudson,23594,11433,517,279,2.44030438205195%,15675,7019,901,366,5.21441800826329%,5338,2889,357,141,4.88058151609553%,5416,3011,537,469,15.5762205247426%
"Westchester County (South Central)--New Rochelle & Mount Vernon Cities PUMA, New York",Mid-Hudson,29258,15144,1855,588,3.88272583201268%,22723,10844,1865,658,6.06787163408336%,4597,2506,561,448,17.877094972067%,9305,4384,965,872,19.8905109489051%
"Westchester County (Southeast) PUMA, New York",Mid-Hudson,19520,8549,990,238,2.78395133933793%,9073,4788,268,122,2.54803675856307%,7086,2678,287,287,10.7169529499627%,6426,2840,538,538,18.943661971831%
"Westchester County (Southwest)--Yonkers City PUMA, New York",Mid-Hudson,20902,10950,1583,559,5.10502283105023%,23485,10036,2468,962,9.58549222797927%,8337,4858,272,272,5.59901193906958%,8793,3561,1159,556,15.6135916877282%
Mid-Hudson,,338489,175237,11991,4774,2.72431050520153%,347973,158115,21277,8570,5.4201056193277%,60413,31683,2132,1718,5.42246630685226%,65205,31048,4523,2733,8.80249935583612%
"Fulton & Montgomery Counties PUMA, New York",Mohawk Valley,8026,4540,314,89,1.96035242290749%,26914,12349,1976,850,6.8831484330715%,302,166,0,0,0%,221,174,0,0,0%
"Herkimer (North & Central) & Oneida (Outer) Counties PUMA, New York",Mohawk Valley,9954,6014,106,66,1.09743930828068%,32908,14627,2141,1302,8.9013468243659%,170,0,0,0,#DIV/0!,177,123,0,0,0%
"Oneida County (Central)--Greater Utica & Rome Cities PUMA, New York",Mohawk Valley,16123,8200,733,449,5.47560975609756%,32288,15982,1276,767,4.79914904267301%,1580,788,0,0,0%,2584,1271,428,175,13.7686860739575%
"Otsego, Schoharie, Oneida (South) & Herkimer (South) Counties PUMA; New York",Mohawk Valley,12726,6667,661,201,3.01484925753712%,26702,12041,1316,733,6.087534257952%,303,170,47,0,0%,90,54,43,43,79.6296296296296%
Mohawk Valley,,46829,25421,1814,805,3.16667322292593%,118812,54999,6709,3652,6.64012072946781%,2355,1124,47,0,0%,3072,1622,471,218,13.4401972872996%
"NYC-Bronx Community District 1 & 2--Hunts Point, Longwood & Melrose PUMA; New York",New York City,2898,2407,76,76,3.15745741587038%,14681,8395,1528,1022,12.1739130434783%,2679,1597,96,0,0%,7070,2941,206,206,7.00442026521591%
"NYC-Bronx Community District 10--Co-op City, Pelham Bay & Schuylerville PUMA; New York",New York City,13371,9467,434,285,3.01045737826133%,20147,8935,1699,907,10.1510912143257%,3430,2048,38,38,1.85546875%,4502,2628,40,0,0%
"NYC-Bronx Community District 11--Pelham Parkway, Morris Park & Laconia PUMA; New York",New York City,8770,5291,111,29,0.548100548100548%,16744,6514,2024,1065,16.3494012895302%,4974,2506,665,609,24.3016759776536%,8767,4273,421,358,8.3781886262579%
"NYC-Bronx Community District 12--Wakefield, Williamsbridge & Woodlawn PUMA; New York",New York City,7608,5893,787,417,7.07619209231291%,15996,7748,1945,793,10.2348993288591%,2193,1057,268,188,17.7861873226112%,3530,1557,83,83,5.33076429030186%
"NYC-Bronx Community District 3 & 6--Belmont, Crotona Park East & East Tremont PUMA; New York",New York City,5781,3597,589,89,2.47428412566027%,15482,10021,2810,2273,22.6823670292386%,2205,1388,52,0,0%,9567,4365,787,620,14.2038946162657%
"NYC-Bronx Community District 4--Concourse, Highbridge & Mount Eden PUMA; New York",New York City,4129,2295,72,0,0%,12081,7274,1236,767,10.5444047291724%,4588,2231,69,0,0%,8565,3930,967,638,16.234096692112%
"NYC-Bronx Community District 5--Morris Heights, Fordham South & Mount Hope PUMA; New York",New York City,3389,2537,51,51,2.01024832479306%,9556,5752,1109,679,11.8045897079277%,2635,778,0,0,0%,6722,3134,564,112,3.57370772176133%
"NYC-Bronx Community District 7--Bedford Park, Fordham North & Norwood PUMA; New York",New York City,6085,4618,672,537,11.6284105673452%,13464,6465,615,469,7.25444702242846%,4988,1646,1393,562,34.1433778857837%,8920,4527,602,602,13.2979898387453%
"NYC-Bronx Community District 8--Riverdale, Fieldston & Kingsbridge PUMA; New York",New York City,14402,7164,556,286,3.99218313791178%,9967,4336,1752,956,22.0479704797048%,5298,3007,0,0,0%,4593,2203,74,74,3.35905583295506%
"NYC-Bronx Community District 9--Castle Hill, Clason Point & Parkchester PUMA; New York",New York City,9344,5714,845,496,8.68043402170109%,26532,14590,4116,1634,11.1994516792324%,4050,2045,0,0,0%,8254,2668,737,88,3.29835082458771%
"NYC-Brooklyn Community District 10--Bay Ridge & Dyker Heights PUMA, New York",New York City,39757,19117,1115,204,1.06711304074907%,14704,4838,911,207,4.27862753203803%,5532,3164,776,590,18.6472819216182%,4278,1627,183,104,6.39213275968039%
"NYC-Brooklyn Community District 11--Bensonhurst & Bath Beach PUMA, New York",New York City,16435,8685,501,351,4.04145077720207%,11184,4397,793,480,10.9165340004549%,9210,4293,396,121,2.8185418122525%,6584,2822,335,113,4.00425230333097%
"NYC-Brooklyn Community District 12--Borough Park, Kensington & Ocean Parkway PUMA; New York",New York City,8741,4875,1147,471,9.66153846153846%,13139,6652,1552,1106,16.6265784726398%,16506,8452,625,37,0.437766209181259%,11406,5971,794,563,9.42890638084073%
"NYC-Brooklyn Community District 13--Brighton Beach & Coney Island PUMA, New York",New York City,12104,5415,448,233,4.30286241920591%,13387,6202,912,466,7.51370525636891%,4022,1079,43,0,0%,5570,2607,241,64,2.45492903720752%
"NYC-Brooklyn Community District 14--Flatbush & Midwood PUMA, New York",New York City,3889,2092,0,0,0%,7596,3717,752,122,3.28221684153888%,6862,3621,370,0,0%,5657,2658,233,233,8.76598946576373%
"NYC-Brooklyn Community District 15--Sheepshead Bay, Gerritsen Beach & Homecrest PUMA; New York",New York City,18613,9926,1594,612,6.16562562965948%,12989,5886,1778,733,12.4532789670404%,8025,4735,863,470,9.92608236536431%,9790,3566,702,0,0%
"NYC-Brooklyn Community District 16--Brownsville & Ocean Hill PUMA, New York",New York City,9325,4335,106,0,0%,9755,5152,432,283,5.49301242236025%,13297,6983,438,375,5.37018473435486%,8749,4146,598,380,9.16546068499759%
"NYC-Brooklyn Community District 17--East Flatbush, Farragut & Rugby PUMA; New York",New York City,4350,2543,357,271,10.6567046795124%,14513,9996,918,808,8.08323329331733%,824,372,0,0,0%,1608,878,29,0,0%
"NYC-Brooklyn Community District 18--Canarsie & Flatlands PUMA, New York",New York City,11275,7552,767,625,8.27595338983051%,11910,6237,1899,899,14.4139810806477%,1958,1573,69,69,4.38652256834075%,5792,2888,444,281,9.72991689750693%
"NYC-Brooklyn Community District 1--Greenpoint & Williamsburg PUMA, New York",New York City,17072,9997,1152,785,7.85235570671201%,19752,9165,2071,1123,12.253136933988%,7277,4545,224,171,3.76237623762376%,10160,4711,922,233,4.94587136489068%
"NYC-Brooklyn Community District 2--Brooklyn Heights & Fort Greene PUMA, New York",New York City,39207,19352,1832,764,3.94791236047954%,11168,6044,1013,643,10.638649900728%,4504,2424,192,137,5.65181518151815%,2207,477,150,72,15.0943396226415%
"NYC-Brooklyn Community District 3--Bedford-Stuyvesant PUMA, New York",New York City,16436,10455,347,89,0.851267336202774%,20329,10667,3175,1494,14.0058123183651%,1709,640,19,0,0%,3195,1022,568,118,11.545988258317%
"NYC-Brooklyn Community District 4--Bushwick PUMA, New York",New York City,15748,8847,1597,1047,11.834520176331%,16405,7955,2360,1337,16.8070395977373%,1554,535,61,0,0%,5321,1921,310,0,0%
"NYC-Brooklyn Community District 5--East New York & Starrett City PUMA, New York",New York City,5362,3633,543,187,5.14726121662538%,19281,8658,1735,612,7.06860706860707%,2086,1440,52,52,3.61111111111111%,7129,3712,0,0,0%
"NYC-Brooklyn Community District 6--Park Slope, Carroll Gardens & Red Hook PUMA; New York",New York City,44351,22876,1702,866,3.78562685784228%,8432,3693,1114,278,7.52775521256431%,5379,2774,314,314,11.3193943763518%,1058,388,0,0,0%
"NYC-Brooklyn Community District 7--Sunset Park & Windsor Terrace PUMA, New York",New York City,15292,9164,514,297,3.24094281972938%,8769,2789,545,359,12.8719971315884%,6981,2750,548,332,12.0727272727273%,8078,3216,488,316,9.82587064676617%
"NYC-Brooklyn Community District 8--Crown Heights North & Prospect Heights PUMA, New York",New York City,18168,9859,248,154,1.56202454610001%,16274,7890,1280,954,12.0912547528517%,1940,1258,56,56,4.45151033386327%,2957,1577,225,69,4.37539632213063%
"NYC-Brooklyn Community District 9--Crown Heights South, Prospect Lefferts & Wingate PUMA; New York",New York City,14740,7311,242,146,1.99699083572699%,10065,4469,1239,82,1.8348623853211%,2136,1534,117,0,0%,3573,1945,764,263,13.5218508997429%
"NYC-Manhattan Community District 1 & 2--Battery Park City, Greenwich Village & Soho PUMA; New York",New York City,58813,25387,1725,853,3.35998739512349%,6583,2755,628,628,22.7949183303085%,12896,5774,649,0,0%,918,737,0,0,0%
"NYC-Manhattan Community District 10--Central Harlem PUMA, New York",New York City,24069,12913,1131,848,6.56702547820026%,18861,11803,3180,1723,14.5979835635008%,4989,2314,162,66,2.85220397579948%,2037,1331,0,0,0%
"NYC-Manhattan Community District 11--East Harlem PUMA, New York",New York City,13272,7375,1026,649,8.8%,9478,4760,1097,183,3.84453781512605%,3952,2097,61,0,0%,6120,3074,296,157,5.10735198438517%
"NYC-Manhattan Community District 12--Washington Heights, Inwood & Marble Hill PUMA; New York",New York City,23804,12264,1548,455,3.71004566210046%,14968,4989,2176,570,11.4251352976548%,6780,4429,1020,428,9.66358094377963%,14610,7562,1357,788,10.4205236709865%
"NYC-Manhattan Community District 3--Chinatown & Lower East Side PUMA, New York",New York City,34101,14440,1239,256,1.77285318559557%,11855,4797,1632,565,11.778194705024%,5586,2954,0,0,0%,2482,977,168,78,7.98362333674514%
"NYC-Manhattan Community District 4 & 5--Chelsea, Clinton & Midtown Business District PUMA; New York",New York City,54312,25250,960,530,2.0990099009901%,10772,3431,902,44,1.28242494899446%,10747,4827,625,303,6.27719080174021%,3214,1658,181,0,0%
"NYC-Manhattan Community District 6--Murray Hill, Gramercy & Stuyvesant Town PUMA; New York",New York City,53954,27334,1854,283,1.03534060144875%,7257,3378,330,133,3.93724097098875%,6299,4210,386,0,0%,999,924,283,208,22.5108225108225%
"NYC-Manhattan Community District 7--Upper West Side & West Side PUMA, New York",New York City,62273,32164,1652,807,2.50901629150603%,11778,5346,1819,192,3.59147025813693%,10550,5706,87,87,1.52471083070452%,3705,2069,0,0,0%
"NYC-Manhattan Community District 8--Upper East Side PUMA, New York",New York City,76234,44039,1415,1164,2.64311178727946%,7353,3523,179,0,0%,17890,9652,0,0,0%,1153,716,0,0,0%
"NYC-Manhattan Community District 9--Hamilton Heights, Manhattanville & West Harlem PUMA; New York",New York City,19464,11898,585,324,2.7231467473525%,9153,4761,672,124,2.60449485402226%,5400,2662,443,98,3.68144252441773%,5169,2805,0,0,0%
"NYC-Queens Community District 10--Howard Beach & Ozone Park PUMA, New York",New York City,33548,17054,1407,433,2.5389937844494%,15492,6984,2073,800,11.454753722795%,15500,7789,1590,727,9.33367569649506%,14031,5328,468,311,5.83708708708709%
"NYC-Queens Community District 11--Bayside, Douglaston & Little Neck PUMA; New York",New York City,7346,3807,296,170,4.46545836616759%,12614,6130,1406,389,6.34584013050571%,4646,1912,251,132,6.90376569037657%,5559,2769,663,262,9.46189960274467%
"NYC-Queens Community District 12--Jamaica, Hollis & St. Albans PUMA; New York",New York City,15027,6289,645,101,1.60597869295595%,11712,5203,843,674,12.9540649625216%,9924,5178,0,0,0%,7431,3595,466,182,5.06258692628651%
"NYC-Queens Community District 13--Queens Village, Cambria Heights & Rosedale PUMA; New York",New York City,12620,8079,996,420,5.1986632008912%,30524,13935,3638,1722,12.3573735199139%,5741,2321,98,56,2.4127531236536%,8104,3150,1128,393,12.4761904761905%
"NYC-Queens Community District 14--Far Rockaway, Breezy Point & Broad Channel PUMA; New York",New York City,13443,7970,1084,561,7.03889585947302%,21609,10091,1310,606,6.00535130314141%,7629,3371,207,50,1.48323939483833%,12659,4975,586,190,3.81909547738693%
"NYC-Queens Community District 1--Astoria & Long Island City PUMA, New York",New York City,8394,4513,382,110,2.43740305783293%,9474,4753,561,403,8.47885545970966%,2388,1190,233,0,0%,1773,603,0,0,0%
"NYC-Queens Community District 2--Sunnyside & Woodside PUMA, New York",New York City,15428,7144,534,4,0.0559910414333707%,8122,3492,249,147,4.20962199312715%,13615,5462,689,250,4.57707799340901%,12681,4648,688,243,5.22805507745267%
"NYC-Queens Community District 3--Jackson Heights & North Corona PUMA, New York",New York City,8858,4642,187,187,4.02843601895735%,9918,3788,666,200,5.27983104540655%,8699,3553,425,323,9.09090909090909%,17633,7401,1953,985,13.3090122956357%
"NYC-Queens Community District 4--Elmhurst & South Corona PUMA, New York",New York City,4759,2030,78,0,0%,5157,1489,198,78,5.23841504365346%,13846,4250,627,418,9.83529411764706%,18776,7159,841,218,3.04511803324487%
"NYC-Queens Community District 5--Ridgewood, Glendale & Middle Village PUMA; New York",New York City,14210,7085,290,248,3.50035285815102%,20546,10059,1338,432,4.29466149716672%,8211,4925,439,314,6.3756345177665%,14850,5941,614,254,4.27537451607474%
"NYC-Queens Community District 6--Forest Hills & Rego Park PUMA, New York",New York City,14741,8823,594,285,3.2301938116287%,6471,2611,577,327,12.5239371888165%,12539,6727,1021,701,10.4206927307864%,8037,3760,240,0,0%
"NYC-Queens Community District 7--Flushing, Murray Hill & Whitestone PUMA; New York",New York City,15701,6914,703,177,2.56002314145213%,19466,8661,996,437,5.04560674287034%,13737,6161,398,219,3.55461775685765%,19983,8900,593,539,6.0561797752809%
"NYC-Queens Community District 8--Briarwood, Fresh Meadows & Hillcrest PUMA; New York",New York City,12950,7520,506,141,1.875%,16801,6474,1810,756,11.6774791473587%,11831,5656,815,497,8.78712871287129%,13245,6857,1033,94,1.3708618929561%
"NYC-Queens Community District 9--Richmond Hill & Woodhaven PUMA, New York",New York City,7645,3713,50,50,1.34661998384056%,11967,5687,515,295,5.18726921048004%,7985,3779,703,384,10.1614183646467%,15757,7210,1060,546,7.57281553398058%
"NYC-Staten Island Community District 1--Port Richmond, Stapleton & Mariner's Harbor PUMA; New York",New York City,15707,8305,348,293,3.52799518362432%,24843,10777,2945,1078,10.0027837060406%,5270,2302,39,0,0%,7163,3010,465,227,7.54152823920266%
"NYC-Staten Island Community District 2--New Springville & South Beach PUMA, New York",New York City,11502,7128,445,169,2.3709315375982%,17825,10059,892,403,4.00636246147728%,6277,3026,174,0,0%,7235,2637,518,0,0%
"NYC-Staten Island Community District 3--Tottenville, Great Kills & Annadale PUMA; New York",New York City,20417,11917,307,79,0.662918519761685%,28297,12728,1868,817,6.41891891891892%,6400,2863,82,0,0%,6524,2454,790,220,8.96495517522412%
New York City,,1039234,551014,40392,18965,3.44183632357799%,773198,366901,77813,36277,9.88740831995552%,376169,185565,18968,9174,4.9438202247191%,405450,180608,25858,11485,6.35907600992204%
"Clinton, Franklin, Essex & Hamilton Counties PUMA; New York",North Country,19214,11426,595,213,1.86416943812358%,40710,18352,2771,1670,9.0998256320837%,755,503,0,0,0%,220,93,0,0,0%
"Jefferson & Lewis Counties PUMA, New York",North Country,12717,5300,174,148,2.79245283018868%,37211,16262,3823,1052,6.46906899520354%,368,108,0,0,0%,481,481,336,336,69.8544698544699%
"St. Lawrence County PUMA, New York",North Country,10614,5417,592,271,5.00276906036552%,25203,12139,1639,404,3.32811598978499%,934,774,0,0,0%,490,333,0,0,0%
North Country,,42545,22143,1361,632,2.85417513435397%,103124,46753,8233,3126,6.68620195495476%,2057,1385,0,0,0%,1191,907,336,336,37.045203969129%
"Broome (Outer West) & Tioga Counties PUMA, New York",Southern Tier,13851,6307,136,136,2.15633423180593%,27682,13577,1454,912,6.71724239522722%,167,0,0,0,#DIV/0!,295,103,0,0,0%
"Broome County (West Central)--Greater Binghamton City & Greater Johnson City Village PUMA, New York",Southern Tier,13165,6740,141,90,1.3353115727003%,21119,9457,1135,374,3.95474251876917%,1819,896,123,123,13.7276785714286%,885,139,160,0,0%
"Chemung (South) & Steuben (East) Counties--Greater Elmira & Greater Corning Cities PUMA, New York",Southern Tier,11765,6733,133,133,1.97534531412446%,23788,10613,557,367,3.45802317911995%,1114,424,0,0,0%,217,152,0,0,0%
"Chenango, Delaware & Broome (East) Counties PUMA; New York",Southern Tier,8375,5523,242,188,3.40394713018287%,28602,12868,1111,285,2.21479639415605%,631,222,0,0,0%,174,145,0,0,0%
"Steuben (North & West), Schuyler & Chemung (North) Counties PUMA; New York",Southern Tier,8872,5215,200,130,2.4928092042186%,29960,14575,1829,978,6.71012006861064%,0,0,0,0,#DIV/0!,68,31,0,0,0%
"Tompkins County PUMA, New York",Southern Tier,16431,9019,397,106,1.17529659607495%,13544,7399,715,406,5.4872280037843%,2192,1057,0,0,0%,384,33,0,0,0%
Southern Tier,,72459,39537,1249,783,1.98042340086501%,144695,68489,6801,3322,4.85041393508447%,5923,2599,123,123,4.73258945748365%,2023,603,160,0,0%
"Cattaraugus & Allegany Counties PUMA, New York",Western NY,11097,5970,896,624,10.4522613065327%,31296,14573,2568,1001,6.86886708296164%,350,188,0,0,0%,77,33,25,25,75.7575757575758%
"Chautauqua County PUMA, New York",Western NY,11175,6393,252,116,1.81448459252307%,35646,16262,3512,1491,9.16861394662403%,100,68,0,0,0%,203,0,0,0,#DIV/0!
"Erie County (Central) PUMA, New York",Western NY,17493,9887,292,0,0%,44854,20556,2511,959,4.66530453395602%,989,564,182,0,0%,1513,578,0,0,0%
"Erie County (North Central) PUMA, New York",Western NY,25341,13602,881,373,2.74224378767828%,14908,7486,694,162,2.16403954047555%,2855,1265,118,0,0%,346,208,0,0,0%
"Erie County (Northeast) PUMA, New York",Western NY,19062,9507,321,166,1.74608183443778%,29540,14295,1424,648,4.53305351521511%,361,89,0,0,0%,383,232,0,0,0%
"Erie County (Northwest) PUMA, New York",Western NY,16922,8890,243,93,1.04611923509561%,25508,12175,1101,515,4.2299794661191%,541,228,171,0,0%,1298,387,0,0,0%
"Erie County (South) PUMA, New York",Western NY,28652,15136,539,0,0%,40585,18473,2616,1096,5.93298327288475%,606,239,0,0,0%,449,0,0,0,#DIV/0!
"Erie County (West Central)--Buffalo City (East) PUMA, New York",Western NY,7411,3243,303,122,3.76194881282763%,32714,16726,2481,1566,9.36266889872056%,286,233,0,0,0%,751,48,282,0,0%
"Erie County (West Central)--Buffalo City (West) PUMA, New York",Western NY,18069,8806,195,120,1.36270724506019%,17453,7949,840,218,2.74248333123663%,1604,610,75,0,0%,1507,579,40,40,6.90846286701209%
"Niagara County (North & East) PUMA, New York",Western NY,13665,6600,725,453,6.86363636363636%,29006,13904,1904,527,3.79027617951669%,0,0,0,0,#DIV/0!,144,144,56,56,38.8888888888889%
"Niagara County (Southwest)--Greater Niagara Falls & North Tonawanda Area PUMA, New York",Western NY,11806,5172,625,406,7.84996133023975%,27541,12727,1443,587,4.61224169089338%,18,18,0,0,0%,291,132,54,0,0%
Western NY,,180693,93206,5272,2473,2.65326266549364%,329051,155126,21094,8770,5.65346879311012%,7710,3502,546,0,0%,6962,2341,457,121,5.16873131140538%
