geo,Region,Unemployment_BABS,Unemployment_HS,Poverty_BABS,Poverty_HS,Working Poor_BABS,Working Poor_HS,Full Time_BABS,Full Time_HS,Rent Burden_BABS,Rent Burden_HS,Homeownership_BABS,Homeownership_HS,Income_BABS,Income_HS
Total GEOG-101,Overall,1.3767549619,0.8740252881,2.0143837521,1.2590470658,0.0717377028,0.2059735817,1.0149573336,0.9987063594,1.6957216633,1.1059171023,0.750515683,0.6386523785,0.8682233598,0.8300954487
"Albany County (East Central)--Albany City PUMA, New York",Capital Region,0,0,5.3082442222,1.9983425341,0,0.3354065089,0.4929122009,1.154937507,2.7024137194,2.2328525708,0.8548691594,1.3095387063,0.7534353651,2.1994871174
"Albany County (Outside Albany City) PUMA, New York",Capital Region,6.5996465166,6.0770036459,0.3760068466,1.313265088,0,0.2448031874,1.0231898397,0.6513219718,0,0.9968419813,0.5847983799,0.7408585239,0.9568036703,0.8909581102
"Broome (Outer West) & Tioga Counties PUMA, New York",Southern Tier,0,0,0,2.3062755141,0,0.6367713346,1.1448004589,0.6092129101,#DIV/0!,7.7093596059,1.1308582308,0.9043090685,1.0558869314,1.9204204791
"Broome County (West Central)--Greater Binghamton City & Greater Johnson City Village PUMA, New York",Southern Tier,6.3135578351,3.3639861619,2.2691116179,2.0917489224,0.2070001153,0.7305153476,1.0342762948,1.1179133986,2.9887269865,1.1545321881,0.4509897328,1.1157674108,1.2646270153,0.4698508633
"Cattaraugus & Allegany Counties PUMA, New York",Western NY,0,3.9567908727,0,0.4653130358,0,1.2280674964,1.1907489921,0.188933461,#DIV/0!,#DIV/0!,1.2142790218,1.3355930035,4.7736226544,0.1634475167
"Cayuga & Onondaga (South) Counties PUMA, New York",Central NY,0,0,0,0,0,0,1.1719801346,0.2801011509,#DIV/0!,#DIV/0!,1.1626967544,1.0634462366,1.3361573824,1.310215312
"Chautauqua County PUMA, New York",Western NY,0,0,3.1517552804,0,0.3667284559,0,1.1460264248,1.2413924886,#DIV/0!,#DIV/0!,1.1984225452,1.3341425351,0.2811737715,0.743028908
"Chemung (South) & Steuben (East) Counties--Greater Elmira & Greater Corning Cities PUMA, New York",Southern Tier,0,0,0.3170028351,1.6606050966,0.0401985435,0,1.0142707073,0.6461304385,0,#DIV/0!,0.946667481,1.6604263112,2.430799622,0.8642419822
"Chenango, Delaware & Broome (East) Counties PUMA; New York",Southern Tier,0,0,0.18860187,2.8034157544,0,1.1883288065,1.1711122966,0.5668464997,0,0,0.1272084586,1.059068491,1.1571235958,0.2842975363
"Clinton, Franklin, Essex & Hamilton Counties PUMA; New York",North Country,0,0,2.3856188215,0.8838044786,0.4150839748,0,0.7002462315,1.0443453955,#DIV/0!,0,1.1967836575,0.6352354572,0.733974709,0.6938023211
"Columbia & Greene Counties PUMA, New York",Capital Region,0,0,0,0.8807655994,0,0.1732437078,0.9487861503,0.6629931836,#DIV/0!,0.7634230177,1.2033152033,1.0256688286,2.9084412921,0.3930809502
"Dutchess County (North & East) PUMA, New York",Mid-Hudson,0,2.0220071451,2.1742081806,2.7673005164,0,0.1443153488,0.8117064169,1.0746314111,0,0,1.0448848052,0.8062810988,0.8041844731,0.8868004728
"Dutchess County (Southwest) PUMA, New York",Mid-Hudson,1.4494435276,0.1458835439,1.5255240268,2.3908763365,0,0.1876767784,0.9905340945,0.7805653341,0,1.3987530609,0.968142646,0.628291605,1.3005466344,0.6931096126
"Erie County (Central) PUMA, New York",Western NY,11.0244400737,0,5.1882161595,2.6953040161,0.1085248205,0.3651514092,0.9343460681,1.0545769643,7.8755622189,0.7313246657,0.9124037905,0.8333363392,0.8397106907,0.7150841556
"Erie County (North Central) PUMA, New York",Western NY,1.1888408929,0,6.9773166451,6.1781979479,0.0405775482,0.5932873274,1.0964981595,0.9630808791,1.0539351475,1.6995445649,0.3682347335,0.2661176474,1.2485295514,0.4230773606
"Erie County (Northeast) PUMA, New York",Western NY,0,0,3.649219721,0,0,0,1.0325056558,0.4780458782,#DIV/0!,#DIV/0!,1.0778584036,1.2161949404,1.8522360156,0.6562029855
"Erie County (Northwest) PUMA, New York",Western NY,22.0112274937,0,2.8533407421,4.0276811215,0,0.8336608299,0.8843421845,1.3084543618,15.5518789593,0,0.3453291112,0.3872270541,0.8276055231,0.5936197712
"Erie County (South) PUMA, New York",Western NY,0,0,0,2.8216352809,0,0.6553466117,0.9191620823,1.2010229741,#DIV/0!,0,0.3839231129,0.7511642333,0.4900937459,0.7503187987
"Erie County (West Central)--Buffalo City (East) PUMA, New York",Western NY,0,4.9512636919,8.4577665844,1.7311406564,0,0.5085220908,0.4998809701,1.1783901631,0,0,0.3544998782,1.3712272007,0.8822836669,0.399961351
"Erie County (West Central)--Buffalo City (West) PUMA, New York",Western NY,4.3326779206,0.5514898727,3.5238084421,1.6154574455,0.1353330074,0.7571300962,0.7965608163,0.9578451342,2.1553934959,0.1484988865,0.1884099158,0.3159007774,0.5939790565,1.0067741782
"Fulton & Montgomery Counties PUMA, New York",Mohawk Valley,0,0,0,0,0,0,0.9688238335,0.9827527249,0,0,0.6824216315,0.6014590124,0.7297235063,0.7789786459
"Genesee & Orleans Counties PUMA, New York",Finger Lakes,0,0,11.7514701629,1.3879593004,0.4150770857,0.1792413773,1.215582894,1.0061226306,#DIV/0!,#DIV/0!,1.0788746546,1.2962291136,0.4832553397,0.5613474432
"Herkimer (North & Central) & Oneida (Outer) Counties PUMA, New York",Mohawk Valley,0,0,0,1.9647925899,0,0.2458273666,1.1642897889,1.2086512189,0,3.4094858798,0.0610278919,1.2373132568,1.2684948543,0.4993292786
"Jefferson & Lewis Counties PUMA, New York",North Country,0,6.7992536693,3.6026662074,0.5661270161,0,0.3528896903,0.8073916086,0.333900505,0,3.1295838144,0.8785082118,0.4761665716,1.4973897374,0.5358372434
"Livingston & Wyoming Counties PUMA, New York",Finger Lakes,0,0,0,0,0,0,1.1524448706,0.5376523304,#DIV/0!,0,1.1201438849,0.6386687441,1.2650411891,0.8500248781
"Madison & Cortland Counties PUMA, New York",Central NY,0,0,0,0.657807309,0,0.2832202016,1.0888230826,1.220025484,0,0,0.4895896131,0.1795686929,3.0303427472,0.257245077
"Monroe County (Central)--Greece & Gates Towns PUMA, New York",Finger Lakes,#DIV/0!,6.6538685282,3.3083239177,1.2761234584,0,0,0.5567007491,1.0082086093,#DIV/0!,#DIV/0!,1.0082284627,1.3044152822,0.8530364115,0.8237967416
"Monroe County (Central)--Rochester City (East) PUMA, New York",Finger Lakes,24.3475613292,0,1.3681152923,0.7492639815,0.1099288116,0.2813931832,0.8942515605,0.7901326132,3.2206028045,0.7952810104,1.5011910615,0.9321137453,0.8125333369,0.7361169011
"Monroe County (Central)--Rochester City (West) PUMA, New York",Finger Lakes,0,0,1.0015646719,1.6420108138,0,0.8937236441,0.7049975365,1.199766204,62.6578947368,0.4837190779,1.2171186623,0.7169203955,1.0271042747,0.5950672573
"Monroe County (East) PUMA, New York",Finger Lakes,13.6621315582,0.845388959,2.4302324987,0,0,0,1.1600341323,1.1637926278,0,0,0.5416910075,1.1426459571,1.2431522894,0.744190207
"Monroe County (North & West) PUMA, New York",Finger Lakes,0,0,0,0,0,0,1.1568099053,1.275603737,0,#DIV/0!,0.8097069302,1.3419740778,1.404885364,1.5621311517
"Monroe County (South) PUMA, New York",Finger Lakes,6.2197599261,1.3461013497,2.0371838657,1.4298322833,0,0.2653889569,0.9995773757,1.2026605196,1.7799704513,0,0.7077852298,1.2546523561,0.9987034657,0.6174191715
"Nassau County (Central)--Hempstead Town (East Central) PUMA, New York",Long Island,0,1.2594493845,2.0989557961,0.4310214527,0,0,1.141844722,0.971571072,#DIV/0!,#DIV/0!,1.0644568757,1.1402907155,1.1123395875,0.7598741534
"Nassau County (Central)--Hempstead Town (North Central)--Meadowbrook Corridor PUMA, New York",Long Island,0,1.0199365146,2.0628789424,1.4044374029,0.1575333159,0.3534506016,1.0763105826,0.9861809553,0.3790546957,1.8520625105,0.7887891668,0.9165642572,0.8751185307,0.6530032913
"Nassau County (Central)--Hempstead Town (Northeast) PUMA, New York",Long Island,1.1945511793,1.3918868272,0,0.3460898443,0,0.0499612063,1.0042092511,1.1248699414,#DIV/0!,0.7008555133,1.121390556,0.7449784486,0.9319287986,0.8597105948
"Nassau County (East Central)--Oyster Bay Town (Central) PUMA, New York",Long Island,0.448256793,0,0.900059258,0.9402028027,0,0,1.0855311266,0.9501258248,0.7452103496,0,0.9331013547,0.9591040052,0.6908701138,1.3603471392
"Nassau County (Northeast)--Oyster Bay Town (North) & Glen Cove City PUMA, New York",Long Island,0.8417422281,0,1.4313204445,1.3743633336,0.0310571011,0.1903981752,1.1124725336,1.2822460566,1.6210148238,1.7234938998,0.8557925245,0.8412819434,0.703525457,0.6766021581
"Nassau County (Northwest)--North Hempstead Town (North) PUMA, New York",Long Island,0.5171051792,1.4591546012,1.7580877161,0.9591142632,0.0261369154,0.0788022183,1.1516034428,1.0639049642,#DIV/0!,0.5239303425,0.8573475015,0.7074071437,0.6117476638,0.9232019645
"Nassau County (South Central)--Hempstead Town (Southeast) PUMA, New York",Long Island,9.2622580049,0.2813253892,0,1.4209532066,0,0.1540309138,0.9540850484,1.1063274756,0,1.3099429299,0.9201609695,0.8972957896,0.7582025108,0.5955440599
"Nassau County (Southeast)--Oyster Bay Town (South) PUMA, New York",Long Island,7.6015954743,0,2.704008476,0,0,0,1.0075091854,1.0209913864,#DIV/0!,#DIV/0!,1.0701143496,1.15810439,0.7532020999,0.619880018
"Nassau County (Southwest)--Hempstead Town (Southwest) & Long Beach City PUMA, New York",Long Island,0,0.6687275153,0,4.5784421538,0,0.164003644,1.121004258,0.7380867534,0,2.1560664217,0.6321928897,1.1595370163,0.8207923412,1.1116339454
"Nassau County (West Central)--Hempstead Town (Northwest) PUMA, New York",Long Island,0.933510491,0.340320686,4.8701803673,0.3978683789,0,0.0288122344,1.0618618309,0.9513937309,0,0,0.892395038,1.0790921848,1.2507410747,0.6694493357
"Nassau County (West Central)--Hempstead Town (West Central) PUMA, New York",Long Island,0,1.6652851923,0,1.8148572763,0,0.0805442177,1.0972441078,1.1212111381,0,4.0648958493,1.104940804,1.1130634744,0.5718987649,0.8142065474
"Nassau County (West Central)--North Hempstead Town (South) PUMA, New York",Long Island,0.3786218166,0,0.577310283,0.0990194619,0.016107812,0,1.0845677273,1.2364201443,1.0900039825,0,0.9199111412,1.1782776705,0.8714544135,0.85095951
"Niagara County (North & East) PUMA, New York",Western NY,#DIV/0!,5.9244281046,#DIV/0!,0,#DIV/0!,#DIV/0!,#DIV/0!,0,#DIV/0!,5.4141315015,#DIV/0!,0.4747533749,#VALUE!,#VALUE!
"Niagara County (Southwest)--Greater Niagara Falls & North Tonawanda Area PUMA, New York",Western NY,0,3.5417193562,1.2512788522,2.4220617892,0,0.7777510481,1.1590795896,1.0605078198,#DIV/0!,0,1.1076008575,1.2448829811,0.2314272801,0.3302163784
"NYC-Bronx Community District 1 & 2--Hunts Point, Longwood & Melrose PUMA; New York",New York,1.3664171627,0.2799497545,0.5219309047,0.7342991427,0,0.4494383447,1.0351125384,1.2430654497,0.2831490238,0.5743724381,0.2229883536,1.5466781672,0.8506046163,0.8358583789
"NYC-Bronx Community District 10--Co-op City, Pelham Bay & Schuylerville PUMA; New York",New York,0.3413214924,0.1053589681,0.1282090664,0.8119536983,0.0136006227,0,0.9173402968,0.7829160707,0,3.3481770267,1.06877945,1.1842852412,0.8633853531,1.1368491667
"NYC-Bronx Community District 11--Pelham Parkway, Morris Park & Laconia PUMA; New York",New York,10.5631264558,0.3972645354,0.6554734077,0.9848361876,0,0.1833659323,1.1267964931,0.9870337323,0.659793343,1.317078474,1.0261736363,0.9305252341,1.0010080054,0.8625751086
"NYC-Bronx Community District 12--Wakefield, Williamsbridge & Woodlawn PUMA; New York",New York,1.18138631,0.1933727069,4.8350998725,1.1091563877,0.2439217695,0.2042276711,0.9892018978,0.8647191423,6.1879862122,1.154271806,0.9354758952,1.0037633606,0.8980789779,1.1203474613
"NYC-Bronx Community District 3 & 6--Belmont, Crotona Park East & East Tremont PUMA; New York",New York,0.2314634513,0.4532310987,1.0566796736,0.7753101409,0.1408268456,0.3549780042,1.0755104343,1.3300584241,1.1915425779,0.6301321739,0.6824049945,0.7131472599,0.730599061,0.8235913843
"NYC-Bronx Community District 4--Concourse, Highbridge & Mount Eden PUMA; New York",New York,0.8624582244,1.1035284149,2.0660878471,0.8539019979,0.3374846783,0.3466145064,1.367629785,1.15773676,3.3268330733,0.8958059309,0.0567923098,0.1907701666,0.8674659174,0.8028763034
"NYC-Bronx Community District 5--Morris Heights, Fordham South & Mount Hope PUMA; New York",New York,0,0.722978181,1.377536913,0.7289358668,0.167049803,0.3616995469,1.0589266368,1.1999658973,0.5606858938,0.6190225523,0,1.65674517,0.6810468571,1.0903224047
"NYC-Bronx Community District 7--Bedford Park, Fordham North & Norwood PUMA; New York",New York,2.5288087243,1.4775106639,0.8545286157,1.6493489274,0.0575371358,0.2797525579,0.929086155,0.8962439232,0.7825674517,1.0026845259,0.9058650675,0.4220158759,0.8906451353,0.9506602808
"NYC-Bronx Community District 8--Riverdale, Fieldston & Kingsbridge PUMA; New York",New York,0,0.0916569984,1.0267051202,0.6768697472,0,0.08922281,1.0598965942,0.9326957518,0,0.6445356003,0.8951715202,0.8772330416,0.6201812137,0.8530830071
"NYC-Bronx Community District 9--Castle Hill, Clason Point & Parkchester PUMA; New York",New York,0,0.5755693326,3.0413143298,0.927021655,0.2130933348,0.2951628453,0.9063697254,0.8614067743,4.3874015497,1.2310243954,1.2813916057,0.7587579788,0.6829757744,0.8770987542
"NYC-Brooklyn Community District 1--Greenpoint & Williamsburg PUMA, New York",New York,5.0017074729,0.6904423572,3.7075859837,0.9998345494,0.0193558393,0.3843403342,0.7608750068,0.9379010808,1.6245764403,0.4459491422,1.8468357279,1.0493792702,1.096561225,1.2914780184
"NYC-Brooklyn Community District 10--Bay Ridge & Dyker Heights PUMA, New York",New York,1.4104819677,0.7175942596,2.1621533013,2.2845640508,0.113459745,0.479965895,1.0501272865,0.760531515,2.2831967708,1.3771324516,0.9337294509,0.6021325628,0.7691610165,0.4954044659
"NYC-Brooklyn Community District 11--Bensonhurst & Bath Beach PUMA, New York",New York,0.2885598336,0.5893288891,1.1101481531,1.7130192693,0.1463156352,0.2000369941,1.0957377336,1.0570398681,0.9418237258,1.677338705,0.8317003626,1.1482584544,1.0029651071,0.7392896368
"NYC-Brooklyn Community District 12--Borough Park, Kensington & Ocean Parkway PUMA; New York",New York,0.2888532713,0.6351119327,3.1933393987,1.1841842412,0.3510806626,0.5620898401,1.132438841,0.7663319917,1.6545414832,1.1092572073,0.9062552834,0.6573514973,0.8156215597,0.6130966741
"NYC-Brooklyn Community District 13--Brighton Beach & Coney Island PUMA, New York",New York,#DIV/0!,0.4160416957,0.4767783374,0.6895511592,0.0843607884,0.2042805678,1.1235741928,1.2136596934,1.8288016677,2.6015118332,1.0867351115,1.275064319,1.4052172109,1.2909075596
"NYC-Brooklyn Community District 14--Flatbush & Midwood PUMA, New York",New York,1.2557229017,0.5238396656,1.8494333031,1.3508776905,0.1049214813,0.2790400934,0.9370992375,0.9746389745,1.7856056585,1.2539704186,0.5949881449,0.4637559897,0.803237914,0.8427435681
"NYC-Brooklyn Community District 15--Sheepshead Bay, Gerritsen Beach & Homecrest PUMA; New York",New York,2.8977666973,1.5434277145,1.1665321101,1.616137854,0.038627506,0.203968071,1.0991061217,1.0530772856,0.7383090241,0.9516910553,0.8407695761,0.6946427109,0.9390555624,0.7278030401
"NYC-Brooklyn Community District 16--Brownsville & Ocean Hill PUMA, New York",New York,0,0.2851192025,0.294455873,0.4418873462,0,0.0893218685,1.0120088972,0.8576434391,4.0802607089,0.3752756175,2.3313706464,0.54142495,1.1800799482,1.1837264497
"NYC-Brooklyn Community District 17--East Flatbush, Farragut & Rugby PUMA; New York",New York,0.5180331951,0.4807742662,0.5153310866,0.9639123461,0.0883035956,0.1566036354,0.9997953417,0.8827115068,1.2964188828,0.499416274,0.7219487588,0.1894569999,0.8500875745,0.7732824465
"NYC-Brooklyn Community District 18--Canarsie & Flatlands PUMA, New York",New York,0.4561708885,0.8655022299,2.2204464791,1.4414231987,0.103307072,0.1217082242,1.0508065634,0.865940847,0.4172707453,1.0511323631,1.0179223514,1.0262424944,0.9781858503,0.9416818553
"NYC-Brooklyn Community District 2--Brooklyn Heights & Fort Greene PUMA, New York",New York,0.9123069644,0.749298539,2.2864171067,0.8929148849,0.0135118821,0.2653141307,0.916774738,1.1154001871,1.8065611377,2.4590087061,1.1718303414,0.5352207453,1.2499269873,0.5038592099
"NYC-Brooklyn Community District 3--Bedford-Stuyvesant PUMA, New York",New York,0.5265967762,1.1382817148,2.0575061284,1.5293864416,0.2205760319,0.6389189338,0.9386813052,0.8905035908,4.0878800026,1.8852866333,0.6250368171,0.439961136,1.1024324179,0.9565246427
"NYC-Brooklyn Community District 4--Bushwick PUMA, New York",New York,0.3870787327,0.404979152,1.5199451643,1.6936367634,0.1012710433,0.2655597582,0.5797258236,0.9134094052,2.0200340782,1.3801255357,0.5794954044,0.6213666964,0.7167339585,1.1208526251
"NYC-Brooklyn Community District 5--East New York & Starrett City PUMA, New York",New York,0.2461591704,0,1.6802642625,1.1677482724,0.036267809,0.4367356184,0.9778403335,1.085717771,0.707700584,1.4918534786,0.9856558344,0.9623235066,1.0897919111,0.8315508844
"NYC-Brooklyn Community District 6--Park Slope, Carroll Gardens & Red Hook PUMA; New York",New York,1.5211497295,0,1.1593499309,0.6537493957,0,0.1625411354,1.0717883699,1.0924136566,0.6083355671,1.1655478473,0.8987093026,0.4775191055,0.8936924167,0.660701559
"NYC-Brooklyn Community District 7--Sunset Park & Windsor Terrace PUMA, New York",New York,2.3354151374,0.9720073322,0.887080126,1.25241808,0.0101744529,0.3038848161,1.004921018,1.040003771,0.6904247136,1.039048818,0.9438343313,0.5641347404,1.0640492137,0.7313757151
"NYC-Brooklyn Community District 8--Crown Heights North & Prospect Heights PUMA, New York",New York,2.1146657798,0.967421056,3.6541132091,1.3539866828,0.1706804463,0.3276966334,1.0416564492,0.9114432406,0.8703903257,1.4975346757,0.8275151656,0.7749581621,1.2723205267,0.8525126846
"NYC-Brooklyn Community District 9--Crown Heights South, Prospect Lefferts & Wingate PUMA; New York",New York,3.3363125638,1.7370119859,1.5368776045,1.247471412,0.0400777128,0.2157928667,1.0961680646,1.0158892701,2.2998500656,1.346497376,2.3988786787,0.5334505298,1.1764831706,1.0113313107
"NYC-Manhattan Community District 1 & 2--Battery Park City, Greenwich Village & Soho PUMA; New York",New York,1.7158286133,0,2.8819939316,0.6008947302,0.0356433763,0,1.0560067338,0.7242312474,3.0102544589,0.9894713119,0.669319569,1.8257995907,0.8473892269,0.807826729
"NYC-Manhattan Community District 10--Central Harlem PUMA, New York",New York,0.6910300805,0,1.4045160636,1.1368240157,0.0542699537,0.392647602,0.8816933084,0.8263057862,1.521277931,1.1496484276,1.377768451,2.3322034644,0.7083911798,0.8815736295
"NYC-Manhattan Community District 11--East Harlem PUMA, New York",New York,0.1996649857,0.4178788258,0.9766835405,0.4243585081,0.0689572411,0.0946787835,0.9159962483,1.2521529767,1.4524712654,0.3736859259,0.9267487534,1.3368855183,1.2827789946,1.1996136835
"NYC-Manhattan Community District 12--Washington Heights, Inwood & Marble Hill PUMA; New York",New York,2.3133932451,0.6389023936,1.1907103836,1.1947945129,0.1594339753,0.3289250589,0.9749809927,1.0606556067,1.8664987397,0.9837635194,0.4147245313,0,0.5614325896,0.7397737601
"NYC-Manhattan Community District 3--Chinatown & Lower East Side PUMA, New York",New York,0,0.4916872067,0.5327022132,0.3280968032,0.0428650951,0,0.9451579259,0.900252827,0.7432936,0.755939409,1.8381783774,2.1640940741,1.5134207739,1.11493161
"NYC-Manhattan Community District 4 & 5--Chelsea, Clinton & Midtown Business District PUMA; New York",New York,3.2901623709,0.6725467984,4.1593817378,0.8624153353,0.0505987492,0.1763653435,0.9733219066,1.1585362988,2.3889051629,1.2369485964,0.9372192119,0.5497557552,0.8017678126,0.6561332148
"NYC-Manhattan Community District 6--Murray Hill, Gramercy & Stuyvesant Town PUMA; New York",New York,1.783321371,6.2296569297,2.1792731174,1.962470243,0,0,0.999727373,0.882966733,0.5777709863,0,0.9979148384,0,1.0251961463,0.7943047248
"NYC-Manhattan Community District 7--Upper West Side & West Side PUMA, New York",New York,0.310854056,0,0.7297609708,0.2751102881,0.0268403927,0,1.0239556369,1.1334380614,0.9936015865,1.9186767828,0.460069065,0.3756646502,1.0126648932,0.6901204114
"NYC-Manhattan Community District 8--Upper East Side PUMA, New York",New York,0,0,1.79260671,2.5705696099,0.0776862788,0.3693427147,0.9601468758,0.6697110935,1.70788352,0,0.6807270606,0.7950599191,0.8787070379,0.4136120448
"NYC-Manhattan Community District 9--Hamilton Heights, Manhattanville & West Harlem PUMA; New York",New York,2.7295194682,0,1.7033461395,1.1858339601,0.1183807635,0.3749585851,1.1781249291,1.1299530892,2.5191942807,1.4093203134,0.6142150277,0.7012133421,0.6752997937,0.5771264216
"NYC-Queens Community District 1--Astoria & Long Island City PUMA, New York",New York,2.4458958663,0.2492673603,2.3248775316,1.1193199009,0.1520677611,0.1690903392,1.0424927889,0.9899724041,2.3986675933,2.4031379469,1.2461557826,1.0238935496,0.913549526,0.8762802105
"NYC-Queens Community District 10--Howard Beach & Ozone Park PUMA, New York",New York,1.3407682866,1.0700014355,2.7819394155,2.7460585848,0.0939794608,0.2293761558,0.9830487469,1.0572003981,8.7111466632,3.5323272123,1.1842202412,1.0071035573,1.0392753925,0.9264620833
"NYC-Queens Community District 11--Bayside, Douglaston & Little Neck PUMA; New York",New York,0,0.8712487028,2.3753294152,0.8832269812,0.066887322,0.0574176144,1.0395057286,1.0832068068,#DIV/0!,0.6605366213,0.9537773724,0.9934738005,0.806290476,0.8968013795
"NYC-Queens Community District 12--Jamaica, Hollis & St. Albans PUMA; New York",New York,0.2162910482,1.1678536366,4.8542665063,1.7984713818,0.166422607,0.227504333,0.942894288,0.9563179902,4.417533152,0.9272474377,0.6835966834,0.650426946,0.7743194791,0.8287183685
"NYC-Queens Community District 13--Queens Village, Cambria Heights & Rosedale PUMA; New York",New York,0.3364880513,0.7635923873,0.6301092064,0.8659300816,0.0172439768,0.1087118912,1.0586876117,1.0123929445,0,1.4662973667,1.1191907772,0.9742775815,0.8309742445,0.7734109381
"NYC-Queens Community District 14--Far Rockaway, Breezy Point & Broad Channel PUMA; New York",New York,2.1440119445,0,0.4146419537,1.3619512257,0,0,1.1437469035,0.5310848732,1.2553101105,0.5865838489,1.3204489849,0.8007715402,0.5979149098,0.6351505185
"NYC-Queens Community District 2--Sunnyside & Woodside PUMA, New York",New York,1.462076004,1.7696956108,1.2151417852,2.4004976065,0.0253115585,0.2522726098,0.9556129031,0.8735062552,2.5212257343,3.5016966246,1.0572158225,0.6862252377,0.869220349,0.6602929892
"NYC-Queens Community District 3--Jackson Heights & North Corona PUMA, New York",New York,2.3142680977,1.6493996974,2.0288990818,1.5384410714,0.1666441926,0.2292392861,1.130216937,0.8977753166,1.90327409,1.4644009364,1.0392767135,1.0872674096,0.9761827126,0.9482055107
"NYC-Queens Community District 4--Elmhurst & South Corona PUMA, New York",New York,2.7628945877,1.1666077585,4.1737128397,0.7908959354,0.1848995866,0.3098117743,0.9065378855,1.0898737776,12.5183699071,0.46971865,0.6163885222,0.407241194,0.8525384548,0.8560511147
"NYC-Queens Community District 5--Ridgewood, Glendale & Middle Village PUMA; New York",New York,2.6197783461,0.6349113456,0.9265288802,1.7627311243,0.0449677655,0.0827898788,0.9900483318,0.9584907617,0.762955963,1.0863231611,1.2035108921,0.7215275353,0.7851830833,0.9955756612
"NYC-Queens Community District 6--Forest Hills & Rego Park PUMA, New York",New York,2.0207069767,0.334898236,1.3017045455,0.3794010507,0.0178839722,0.1005677385,1.0111082593,0.9517215411,1.3071950991,0.7513597111,1.0202897455,1.6743845898,1.0215471107,0.5987849591
"NYC-Queens Community District 7--Flushing, Murray Hill & Whitestone PUMA; New York",New York,0.6470877263,0.5799778205,1.6056625267,1.7597202097,0.0787001042,0.1857673655,1.0376704642,1.0062425127,2.7497785951,1.1865439775,0.9537729527,0.7524253002,0.9188782955,0.7402340281
"NYC-Queens Community District 8--Briarwood, Fresh Meadows & Hillcrest PUMA; New York",New York,1.7630125586,0.7239439046,7.3202649058,0.6733829458,0.1262531139,0.0561347028,1.0186063731,0.9146487754,4.8253807554,0.8169248077,1.0219611096,1.2156169816,0.8825267005,0.8782538332
"NYC-Queens Community District 9--Richmond Hill & Woodhaven PUMA, New York",New York,13.461327489,1.5631850477,3.1728440728,1.6413854706,0.0778021869,0.215237143,0.9118514211,1.0302820263,4.9636916973,1.1078691286,0.9061128296,1.0356363157,0.7513827155,0.7308235597
"NYC-Staten Island Community District 1--Port Richmond, Stapleton & Mariner's Harbor PUMA; New York",New York,0.3340165543,0.5476167733,2.1968894522,0.9733025598,0.1164899545,0.2001294237,0.979074384,1.0744043838,0,0.474261651,1.0102734869,0.8896717213,0.8326414093,0.7889049621
"NYC-Staten Island Community District 2--New Springville & South Beach PUMA, New York",New York,0.7164905585,1.4307241517,2.3767658255,0.984438506,0.0798800532,0.2258001921,1.0201725153,1.1895772042,2.0661302257,0.557987226,0.8662465412,0.8953409069,0.7865342508,0.7260969898
"NYC-Staten Island Community District 3--Tottenville, Great Kills & Annadale PUMA; New York",New York,0.8520938518,1.8343265912,3.405390755,0.6994622629,0.1096745344,0.0280960663,1.0447708118,1.028896904,#DIV/0!,0.704490966,1.0022003312,0.7985518017,0.910360022,0.958293849
"Oneida County (Central)--Greater Utica & Rome Cities PUMA, New York",Mohawk Valley,0,4.1912322758,0.4835494498,1.5661382044,0.0817877764,0.2021770035,0.74507698,0.8378220315,0,0.7337772749,0.8981540467,1.1410090111,0.6551758307,0.7078452357
"Onondaga County (Central)--Syracuse City (Outer) PUMA, New York",Central NY,5.2817834157,0,7.8233777656,0.7178552461,0.1636320854,0.1458501387,0.7933124833,1.2492381442,5.6221910112,0,0.644279652,1.0852807436,0.5725556197,1.0601206143
"Onondaga County (Central)--Syracuse City PUMA, New York",Central NY,3.5241666212,1.7266939014,2.0370051545,1.3256436672,0,0.62084348,0.8912837205,1.3672232203,1.9777861597,0.3354589197,0.3337320387,0.621700515,1.0617190951,0.5513015739
"Onondaga County (North) PUMA, New York",Central NY,0,0,0,0.6406397959,0,0.2066233815,1.1292671017,0.6354800905,#DIV/0!,0,1.1419153927,1.0377424792,0.9452757099,0.8224286348
"Ontario & Yates Counties PUMA, New York",Finger Lakes,0,0,0,0,0,0,1.2032005955,1.0653104937,0,0,0.9945646818,0.86635723,4.3677072019,0.3121094974
"Orange County (Northeast)--Greater Newburgh City PUMA, New York",Mid-Hudson,0,0,0,0.2692380249,0,0.0705706407,1.0024996499,0.94461056,0,0.8322498913,1.0532116502,0.6708785145,0.7360913733,0.5869366418
"Orange County (Northwest) PUMA, New York",Mid-Hudson,0,0,0,0.7357451256,0,0.0418876006,1.1408365151,1.1601024851,0,0,0.9323553471,1.0625077649,0.6802194854,0.7599518816
"Orange County (Southeast) PUMA, New York",Mid-Hudson,0.6728455467,0,0,0.2746090715,0,0,1.0962258926,1.2051082378,1.3529084604,0,0.8635844633,1.052569823,1.4827334226,0.868819682
"Oswego County PUMA, New York",Central NY,0,2.3662034078,0,1.0894120581,0,0.3241316823,0.8869080449,1.0464516232,0,0,0.8485120051,1.0181353166,0.8465517953,0.7672376028
"Otsego, Schoharie, Oneida (South) & Herkimer (South) Counties PUMA; New York",Mohawk Valley,2.9863842663,9.6942418102,0.5804811508,0.6000189526,0,0.7346569586,0.7846777325,0.6439909609,0,0,0.8724772135,1.127687811,3.7557497136,0.9948027757
"Putnam County PUMA, New York",Mid-Hudson,1.9564360948,1.9380212456,41.8144486131,4.2836867162,0.1067215764,0.2865293345,0.9359582502,0.9391262653,9.5334474508,18.3299604996,0.8719892709,0.8132316135,0.6046102593,0.6734182523
"Rensselaer County--Troy City PUMA, New York",Capital Region,4.9144336886,0,5.2043481631,0.654494943,0.4296757319,0,0.7471641924,1.289434415,1.8385973878,#DIV/0!,0.2987461845,1.4655537526,0.6592718711,1.321578536
"Rockland County (North)--New City & Congers PUMA, New York",Mid-Hudson,0,0,5.0889629406,0.9757925196,0,0.0479224442,0.8358331029,1.1273524706,2.499854165,0.9044829209,0.8202600955,1.0135158023,0.8877799934,0.6707418467
"Rockland County (South)--Orangetown, Clarkstown (South) & Ramapo (Southeast) Towns PUMA; New York",Mid-Hudson,0,0,0,0.9502102726,0,0,1.1515547531,1.0698953816,4.3098697583,1.8210279263,1.1222483135,0.973940752,0.7934965729,1.3741220755
"Rockland County (West)--Spring Valley, Suffern Villages & Monsey PUMA; New York",Mid-Hudson,0,0.9965835673,3.7262879475,0.8268540554,0.1833987294,0.2805460513,1.1988714063,1.1809537345,1.5370610871,0.5946104987,0.7506468329,0.5535558932,0.9702735628,0.8316224887
"Saratoga County (Outer) PUMA, New York",Capital Region,19.9894041386,5.6690026419,5.862077758,1.6259541985,0.479611264,0.3988162224,0.8089869663,0.9428747807,0,0,0.7087100931,0.9232411508,0.6094887762,0.8535721268
"Saratoga County (South & Central) PUMA, New York",Capital Region,4.6098238032,0,0.5403065117,0.3269856637,0.0531441737,0.0983174418,0.9530181995,0.5295494367,0,1.7224212665,0.8757405582,1.1702066157,1.0394454346,0.5746869109
"Schenectady County--Schenectady City PUMA, New York",Capital Region,0,1.8085790094,2.4128839477,0.9338730363,0.0761105066,0.179806177,0.9717528245,1.0697353273,1.7185278706,3.5702280912,0.8223702154,1.3375155984,0.9876327843,1.2927667577
"St. Lawrence County PUMA, New York",North Country,0,0,0,1.0045819313,0,0.0540285689,1.2189922481,0.8733489759,0,2.596132287,0.6146502511,0.6418682232,1.8977608018,0.9184587512
"Steuben (North & West), Schuyler & Chemung (North) Counties PUMA; New York",Southern Tier,#DIV/0!,0,0,2.5299144776,#DIV/0!,0,0,1.2190361928,#DIV/0!,0,1.0905336376,0.4333373136,#VALUE!,0.9598241983
"Suffolk County (Central)--Brookhaven Town (Central) PUMA, New York",Long Island,0.6190206516,0,0.8686062852,3.2053692396,0.0669951793,0.1485389601,1.0632291964,0.9979813501,#DIV/0!,1.2359884153,0.7838837196,0.45073946,0.9286840371,0.6649557579
"Suffolk County (Central)--Brookhaven Town (West Central) PUMA, New York",Long Island,0,2.8431305155,1.2708673859,1.7266909189,0.0352570101,0.2553257115,1.1117567284,0.5204244203,0,0,0.6165166694,1.0671170729,1.4104614431,0.7414407118
"Suffolk County (Central)--Islip Town (East) PUMA, New York",Long Island,0,0,0,2.0566209314,0,0.1534288065,0.7965742151,0.9745204736,1.355015674,0.8511285633,0.8516310795,0.8705747275,0.9846878745,0.6247095448
"Suffolk County (Central)--Islip Town (Northwest) PUMA, New York",Long Island,0.5480148892,0.0430732614,0.3783728527,1.0476656306,0.0202666885,0.1101022256,0.9317818427,0.9811485138,#DIV/0!,0.5810863181,1.0708379911,1.1475035356,0.7861375844,0.8890131127
"Suffolk County (East) PUMA, New York",Long Island,0,0.7757616921,4.5036759856,1.2045828044,0.144732572,0.1653638096,1.1348719161,0.8173195674,0,1.1169651726,0.9818353329,0.7311603693,1.2703687573,0.9212948386
"Suffolk County (North Central)--Brookhaven Town (North) PUMA, New York",Long Island,3.0311993606,0,1.3237333528,2.4712750297,0,0,0.9013522602,0.6966306909,0.726938317,42.8717948718,1.0407007718,0.7683349978,1.1447865716,1.6336182985
"Suffolk County (Northwest)--Huntington Town (North) PUMA, New York",Long Island,1.3256845297,0,13.3086922668,0.8979259583,0.2128144496,0,0.9358051409,0.8428959263,24.1916853933,2.0352301265,0.9417889604,1.0038309406,0.5069723949,0.7161962791
"Suffolk County (Northwest)--Huntington Town (South) PUMA, New York",Long Island,0,2.0658920603,0.7662349051,2.0761991645,0.0385256928,0.2591102914,1.0944369346,1.1633135679,#DIV/0!,#DIV/0!,1.040553131,1.1396311356,0.8368208115,0.5344360358
"Suffolk County (Northwest)--Smithtown Town PUMA, New York",Long Island,0.682640445,0,0,1.2662945296,0,0,0.9480247177,1.1739945946,0,0,0.8236424911,0.8275878472,1.0094334757,1.0092346043
"Suffolk County (South Central)--Brookhaven Town (South) PUMA, New York",Long Island,1.9924981233,0.9037212889,3.9566699029,0.5780950913,0.3143037145,0.0363848509,0.892537548,1.0831569687,0.6406337917,0.5112957231,0.821458521,1.0738720345,0.3821857513,0.8326072175
"Suffolk County (Southwest)--Babylon Town (Southeast) PUMA, New York",Long Island,1.001721228,0.9106029392,5.0512077805,5.9059463645,0,0.1290198817,1.1266261925,0.8255349684,0,11.1803312221,1.0902261535,1.0808966191,0.6865765164,0.5268638794
"Suffolk County (Southwest)--Islip Town (South) PUMA, New York",Long Island,0,0.8804194795,0.6577655694,4.8655653395,0,0.266210819,1.0876368525,1.0900323875,0,0.6955438237,0.978466641,0.7649002516,0.8818901754,0.5972421489
"Suffolk County (West Central)--Babylon Town (Northwest) PUMA, New York",Long Island,1.0127096867,0,0,1.5218581383,0,0.187392875,1.0530959346,0.940349318,0,0.6467431243,0.8340156979,0.8578521917,0.8917423316,0.9243685903
"Sullivan & Ulster (West) Counties PUMA, New York",Mid-Hudson,0,0,1.1897731558,1.6931286928,0.1016929819,0.2753237499,0.9550212782,0.9992507838,0,2.1281805725,1.0770215817,0.5072514712,0.9610637601,0.919164564
"Tompkins County PUMA, New York",Southern Tier,0,0,2.6296780203,1.1849006635,0.0801454638,0.2946736232,1.1777172136,1.2605585086,1.6000389175,0,0.4602231083,0.2806774759,1.004911616,1.5657924227
"Ulster County (East) PUMA, New York",Mid-Hudson,1.0783002008,0,3.1156942075,1.6878433516,0.2908310729,0.3447811648,0.6084279193,1.0786275018,3.6271597841,0.7578185164,0.7671369366,0.5286065799,1.1676086325,0.6840765358
"Warren & Washington Counties PUMA, New York",Capital Region,0,0,0,1.4949428926,0,0.1161717015,1.2100918282,0.6973859323,0,0,0.2719753386,1.0721625831,0.3824298718,0.8958376604
"Wayne & Seneca Counties PUMA, New York",Finger Lakes,0,0,3.9552408487,0,0.4938992197,0,1.0174247439,0.2185777124,0,0,0.4183047315,0.3664377037,0.7191432816,1.4336472224
"Westchester County (Central)--White Plains City PUMA, New York",Mid-Hudson,1.1699052856,1.396236196,1.6814081372,2.2388157099,0.0826311564,0.2597360864,1.0965070354,1.0096191857,2.2145645794,1.8846610092,0.8129077256,0.8572561081,0.9089750382,0.5997715207
"Westchester County (Northeast) PUMA, New York",Mid-Hudson,1.7103540369,1.4070039244,4.169455664,3.8450677562,0.0208523117,0.1020035554,1.1486427443,0.965734998,0,2.7504542907,0.7833181269,0.7389453085,0.5608224528,0.3810756837
"Westchester County (Northwest) PUMA, New York",Mid-Hudson,3.0521134916,1.7249574574,2.5553424184,0.5211832745,0.0126751499,0.1226245963,0.9526593061,0.981514878,0,1.0301596196,0.8828676352,0.4400359037,0.7276756934,0.4749411732
"Westchester County (South Central)--New Rochelle & Mount Vernon Cities PUMA, New York",Mid-Hudson,1.9248153753,1.2635655252,2.7167142124,1.3233994123,0,0.1815306281,0.9247962111,0.9469072843,1.9911287913,1.3488514837,0.7352357817,0.7063037415,1.000611249,0.9348121401
"Westchester County (Southeast) PUMA, New York",Mid-Hudson,0.7985927579,2.8343773662,0.2548329104,0.7227715634,0,0.0414584131,1.1616165577,0.9405252696,0,0.7161390212,0.6864312666,0.8330995915,0.6856111345,0.8672365699
"Westchester County (Southwest)--Yonkers City PUMA, New York",Mid-Hudson,0.4307904143,1.2542721289,0.8868538726,1.268718659,0.0229788898,0.1655865673,0.9316794918,0.9665516768,1.0798215171,0.8822512864,0.7709185644,0.8801988755,0.9963374839,0.994222972
